seed,update,normalized_entropy,approx_kl,clip_fraction,explained_variance,grad_norm,transitions_per_sec,update_elapsed_sec,rollout_elapsed_sec,ppo_elapsed_sec,gpu_peak_allocated_mb,gpu_peak_reserved_mb,illegal_action_count
0,1,0.9998824878279816,0.0033891648054122,0.0,0.002895176410675,0.1224992498755455,233.8541521077609,2.189398800001072,1.2742502000000968,0.8494184000010137,798.91455078125,1064.0,0
0,2,0.9994127640751146,0.0048850327730178,0.0,0.0215166807174682,0.101664163172245,378.2532177750796,1.353590599999734,0.877134100001058,0.4059262000009767,344.13134765625,1074.0,0
0,3,0.9983401481427374,0.0029067024588584,0.0,0.1604350209236145,0.152911826968193,486.0570454397633,1.053374299999632,0.7674480000005133,0.2393381999991106,86.04443359375,1074.0,0
0,4,0.9987445116242528,0.0140245109796524,0.015625,0.0605904459953308,0.2553368806838989,261.86382498051705,1.9552146999994875,0.9878479999988484,0.8751694000002317,1002.76953125,1834.0,0
0,5,0.9977684662695134,0.0007089152932167,0.0,0.5481915473937988,0.1458103209733963,335.24457663320896,1.5272432000001572,0.9514146000001348,0.49798489999921,534.09912109375,1838.0,0
0,6,0.9914139051670854,0.0282901003956794,0.1875,0.7725188136100769,0.1864849179983139,470.1512279989824,1.089011300000493,0.7791297000003397,0.2685736000003089,123.28076171875,1838.0,0
0,7,0.9845525518317502,0.004628486931324,0.3125,0.7886737585067749,0.1702746152877807,469.1306102683652,1.091380500000014,0.7645006000002468,0.2741208999996161,121.99951171875,1838.0,0
0,8,0.977937590566078,0.0521220862865448,0.234375,0.3292460441589355,0.2538800537586212,494.2298663112601,1.03595519999908,0.7583232999986649,0.2463217000004078,80.12939453125,1838.0,0
0,9,0.9649148225250268,0.0444753319025039,0.296875,0.6131001710891724,0.4985758364200592,470.1348230972706,1.0890493000006245,0.7822106000003259,0.249337999999625,86.04443359375,1838.0,0
0,10,0.9606101754687638,0.0063002258539199,0.1875,0.9088330268859864,0.288318783044815,259.40916825953326,1.97371590000148,1.004028199999084,0.9139663000005384,1076.705078125,2654.0,0
0,11,0.9525702633278944,0.0037623718380928,0.28125,0.770174503326416,0.5028152465820312,405.8490778863829,1.261552699999811,0.8377653999996255,0.3744618999990052,323.87109375,2654.0,0
0,12,0.9417326195148636,0.0435925722122192,0.15625,0.8771126866340637,0.3997180163860321,413.3056321691352,1.2387926999999763,0.8178683000005549,0.3684625000005326,325.6767578125,2654.0,0
0,13,0.9321134377354732,0.0291819274425506,0.21875,0.8899727463722229,0.4325374662876129,306.053212491815,1.6729116999995313,0.9084825999998428,0.7036332999996375,824.798828125,2654.0,0
0,14,0.9042051464108865,0.0056726932525634,0.265625,0.627234935760498,0.5436667203903198,487.1939824687807,1.0509161000009044,0.7633639000014227,0.2434878999993088,84.5751953125,2654.0,0
0,15,0.8964700790903518,0.007371962070465,0.234375,0.7282559871673584,0.4587888717651367,477.9020250443624,1.0713493000002927,0.7725848999998561,0.2642539000007673,101.91455078125,2654.0,0
0,16,0.9138530365657898,0.0317355617880821,0.234375,0.8795624375343323,0.4155654907226562,282.44428386539613,1.8127469000010024,0.990110900000218,0.7283428000009735,845.57275390625,2654.0,0
0,17,0.8890837144815138,0.0373277440667152,0.25,0.8159936666488647,0.8701692819595337,450.32917567528966,1.1369460999994772,0.7871910000012576,0.3031052999995154,234.60400390625,2654.0,0
0,18,0.8856940437595281,0.0292160883545875,0.171875,0.8452508449554443,0.6220153570175171,294.3146627278498,1.739634699999442,0.9787992000001396,0.7033499000008305,829.60302734375,2654.0,0
0,19,0.8720454116154124,0.0332469940185546,0.34375,0.8288499116897583,0.3972856998443603,458.8910270943519,1.1157332999991922,0.7696919000009075,0.2928534999991825,219.5537109375,2654.0,0
0,20,0.8633817687548517,0.0114776492118835,0.34375,0.841156005859375,0.5721216797828674,263.4034139037406,1.9437864999999876,1.0087732000010874,0.8624923000006675,1043.8037109375,2654.0,0
0,21,0.8528614663801339,0.0277880579233169,0.3125,0.7770956158638,0.5850388407707214,442.4653721156752,1.1571526999996422,0.773450499998944,0.2862970000005589,180.22802734375,2654.0,0
0,22,0.8457727287754236,0.0012661665678024,0.234375,0.8432935476303101,0.5255467295646667,421.5975186355474,1.2144283999987238,0.7908267000002525,0.3684305000006134,333.35693359375,2654.0,0
0,23,0.8237297118473147,0.0056112259626388,0.234375,0.877206027507782,0.7288038730621338,407.50178958511,1.2564362000011895,0.8201922999996896,0.386698600001182,327.07861328125,2654.0,0
0,24,0.8018212224296836,0.0442049875855445,0.328125,0.771641731262207,0.6473385095596313,451.6201077500132,1.133696200000486,0.8079371000003448,0.2936383999985992,173.8173828125,2654.0,0
0,25,0.810202045089327,0.0219509601593017,0.140625,0.7805517315864563,0.6618378162384033,360.062943503426,1.4219735999995464,0.8660927999990236,0.4895197000005282,525.33251953125,2654.0,0
0,26,0.7974664347626667,0.0088347569108009,0.15625,0.8569843769073486,0.905998468399048,295.3903130094583,1.7332998999991105,0.940850999999384,0.7223947000002227,846.73193359375,2654.0,0
0,27,0.7862345907867457,0.0202852375805377,0.140625,0.6253890991210938,0.5326392650604248,483.7725947554768,1.0583484999988286,0.7370028999994247,0.2745392999986507,123.08056640625,2654.0,0
0,28,0.7781049921957413,0.0105449892580509,0.203125,0.8720352649688721,0.5401619076728821,422.1144438000957,1.2129411999994772,0.781313700001192,0.3697213999985251,320.3779296875,2654.0,0
0,29,0.7671153353835116,0.0152937769889831,0.15625,0.6679768562316895,0.6062865257263184,504.5720933004795,1.0147211999992578,0.7554095999985293,0.2352129999999306,80.12939453125,2654.0,0
0,30,0.7717338992297113,0.0183222815394401,0.3125,0.7968318462371826,0.7392772436141968,491.4443097124013,1.041827100001683,0.7227064999988215,0.2765594000011333,126.00830078125,2654.0,0
0,31,0.7519200879905389,0.027185246348381,0.25,0.8616012334823608,0.6806500554084778,299.3160802945418,1.7105663000002096,0.940895300000193,0.6952320000000327,822.537109375,2654.0,0
0,32,0.7217191351141341,0.0110242925584316,0.28125,0.8614897131919861,0.8797902464866638,479.1902732616149,1.0684690999987652,0.7554794999996375,0.2709126000008837,180.38623046875,2654.0,0
0,33,0.7319518629366204,0.0159079134464263,0.1875,0.8990923166275024,0.6560705304145813,360.5882659503787,1.419902000001457,0.8411047999998118,0.4953518999991502,531.62255859375,2654.0,0
0,34,0.73306585591309,0.0231911987066268,0.21875,0.8952742218971252,0.7035016417503357,472.1643441777693,1.084368199999517,0.7601472000005742,0.287835900000573,179.298828125,2654.0,0
0,35,0.7190148440000257,0.0096830986440181,0.21875,0.7946732044219971,0.5884222388267517,496.69836255403857,1.0308067000005394,0.7381149000011646,0.2568826999995508,107.9267578125,2654.0,0
0,36,0.7181101848466901,0.0418552979826927,0.109375,0.8154180645942688,0.9879302978515624,518.5811053761439,0.9873093999995036,0.7162956000011036,0.2222086000001581,80.12939453125,2654.0,0
0,37,0.6965943552326436,0.0162793658673763,0.296875,0.937680959701538,0.8254083395004272,490.7125462447039,1.0433807000008528,0.7368810000007215,0.2798774000002595,168.97509765625,2654.0,0
0,38,0.7170376633613847,0.0155117586255073,0.046875,0.9300020933151244,0.3692180514335632,307.33335194138164,1.6659435000001397,0.8956061999997473,0.6875033999986044,825.34375,2654.0,0
0,39,0.7364534324382427,0.0216384269297122,0.203125,0.8803250193595886,1.147256851196289,457.192495184888,1.1198784000007436,0.7789962999995623,0.2615269000016269,122.14404296875,2654.0,0
0,40,0.716513682074533,0.0537578798830509,0.140625,0.9244014024734496,0.7810847759246826,484.60150328666833,1.056538200000432,0.7255862999991223,0.2871128999995562,174.8896484375,2654.0,0
0,41,0.7275510788117149,0.0314422361552715,0.296875,0.9459825754165648,0.9538791179656982,462.7723171052343,1.1063755999985003,0.7526448000007804,0.3159656999996514,226.30517578125,2654.0,0
0,42,0.7114509829561461,0.0003313608467578,0.140625,0.9738633036613464,0.9546896815299988,433.2466727165436,1.1817747999994026,0.7710920999998052,0.2993446000000404,228.3955078125,2654.0,0
0,43,0.71985250276143,0.0687157213687896,0.140625,0.9594245553016664,0.8633670806884766,471.2255592007082,1.0865284999999858,0.7584315000003699,0.2972284000006766,234.22998046875,2654.0,0
0,44,0.6819909719901447,0.0250164158642292,0.1875,0.9761598110198976,0.5110015869140625,362.5887191569356,1.4120681999993394,0.8198744999990595,0.4880353999997169,537.54052734375,2654.0,0
0,45,0.6957992957970238,0.0055549815297126,0.0625,0.9915910959243774,0.9299178719520568,365.4048921720057,1.4011854000000312,0.8341683000016928,0.4774397000001045,507.0654296875,2654.0,0
0,46,0.7168653113238791,0.0076227560639381,0.046875,0.7252888083457947,1.2111947536468506,483.1260216302524,1.0597648999992089,0.7555900999996084,0.2660615999993752,120.01904296875,2654.0,0
0,47,0.6964885286801206,0.0111583061516284,0.328125,0.9747681617736816,0.5817883610725403,267.72272125084146,1.9124264000001856,0.937048899999354,0.8941613999995752,1049.3681640625,2654.0,0
0,48,0.6883477026628693,0.0362647622823715,0.25,0.8914423584938049,0.9360188841819764,420.25297587533385,1.2183138000000326,0.8429791999988083,0.2821299000006547,126.12158203125,2654.0,0
0,49,0.6779372620988614,0.012221060693264,0.1875,0.9216963648796082,0.5544963479042053,517.8084123041629,0.98878269999841,0.6873045000011189,0.2731120000007649,122.24560546875,2654.0,0
0,50,0.6867184097162244,0.0189453735947608,0.046875,0.9078755378723145,0.7983313798904419,447.5625020600292,1.1439742999991722,0.7575736999988294,0.2901522000011027,176.1533203125,2654.0,0
0,51,0.7239619021141289,0.0369522124528884,0.171875,0.9183242917060852,0.3923304080963135,277.6595856602971,1.8439846000001128,0.9184740000000602,0.8408378999993147,1018.00634765625,2654.0,0
0,52,0.6790022317710438,0.0296599641442298,0.140625,0.766948401927948,1.1269712448120115,510.083920760324,1.0037563999994743,0.7057819000001473,0.2594945000000734,88.19140625,2654.0,0
0,53,0.6743003721027475,0.015573464334011,0.265625,0.8930050730705261,0.7756640315055847,513.0281597352866,0.997995899999296,0.7477715000004537,0.2279063000005408,86.04443359375,2654.0,0
0,54,0.7153796960889629,0.0473332405090332,0.328125,0.9513875246047974,0.6378797888755798,310.1933346603432,1.650583499998902,0.8767679999982647,0.6949595000005502,821.025390625,2654.0,0
0,55,0.7225048255376806,0.0037874951958656,0.21875,0.9323809742927552,0.726556658744812,279.96355005800194,1.828809500000716,0.9346418999994056,0.8170788000006723,1024.515625,2654.0,0
0,56,0.6712023495774803,0.0435082614421844,0.328125,0.963588297367096,0.5514734387397766,500.3043355180173,1.023377100000289,0.6977394999994431,0.2856977999999799,222.61669921875,2654.0,0
0,57,0.6960051709612795,0.0077712014317512,0.078125,0.956883668899536,0.8675709366798401,270.3768995891152,1.8936529000002336,0.9556454000012308,0.882370000001174,1081.01318359375,3474.0,0
0,58,0.729672967504492,0.0033024251461029,0.140625,0.8792972564697266,1.4066240787506104,479.78003584646007,1.0671557000005123,0.7780965000001743,0.2564187000007223,124.44970703125,3474.0,0
0,59,0.6913215853315714,0.0055404901504516,0.046875,0.8582689762115479,0.7959854602813721,503.877792314913,1.0161193999992977,0.7485448000006727,0.225446099999317,83.0869140625,3474.0,0
0,60,0.7227075945354144,0.0084832720458507,0.25,0.9535002112388612,1.8639345169067385,346.0078532973026,1.479735199998686,0.8478282000014588,0.5050974000005226,526.2060546875,3474.0,0
0,61,0.7187700476650394,0.0147609636187553,0.140625,0.9090295433998108,1.1537818908691406,506.1866488132039,1.011484599999676,0.717526700000235,0.2568145000004733,104.7216796875,3474.0,0
0,62,0.7128960489934035,5.174428224563599e-05,0.140625,0.9433660507202148,1.42036771774292,351.8349981818513,1.455227599999489,0.8045399999991787,0.5066047000000253,537.44384765625,3476.0,0
0,63,0.7223305930952693,0.0088760443031787,0.28125,0.8680599927902222,0.8714824914932251,487.12074629189897,1.0510740999998234,0.739072500000475,0.2645302000000811,100.19140625,3476.0,0
0,64,0.7387923266012368,0.0441501066088676,0.25,0.9375107288360596,0.6732780337333679,273.1591765742495,1.874365000001489,0.9221550000002026,0.8588073999999324,1039.12841796875,3476.0,0
0,65,0.7276791077937954,0.0159333497285842,0.3125,0.9639350175857544,1.1749078035354614,479.5244017045301,1.0677245999995648,0.7309827999997651,0.2832578999987163,170.32470703125,3476.0,0
0,66,0.7250148599636034,0.0243454165756702,0.234375,0.8092963695526123,1.5414220094680786,487.0872874696527,1.051146299998436,0.7537016999995103,0.2553238999989844,123.14990234375,3476.0,0
0,67,0.7070080263349954,0.0495492666959762,0.3125,0.933115005493164,0.5996533632278442,478.4363056906074,1.0701528999998118,0.7107792999995581,0.2710612999999284,180.42138671875,3476.0,0
0,68,0.6998639040339153,0.0512374378740787,0.265625,0.9237152934074402,1.4962315559387207,531.8124052519518,0.9627454999990732,0.6908420999989175,0.2508052000011957,121.2978515625,3476.0,0
0,69,0.7102635526927179,0.00246012955904,0.296875,0.9424507021903992,1.00918710231781,507.0786998026256,1.0097052000000986,0.7136387000009563,0.2524816999994073,102.18408203125,3476.0,0
0,70,0.7280428681507656,0.0132617503404617,0.109375,0.9574755430221558,1.0527644157409668,287.47476384260125,1.781025899999804,0.9299283000000288,0.6978925000003073,801.96435546875,3476.0,0
0,71,0.680821166221407,0.0176542811095714,0.203125,0.9443146586418152,1.0256434679031372,499.6219657235135,1.0247748000001593,0.71457829999963,0.283343999999488,173.3740234375,3476.0,0
0,72,0.6734232013813496,0.0408948175609111,0.140625,0.8741711378097534,0.978843867778778,519.3265551749372,0.9858922000003076,0.7103303000003507,0.2431292999990546,80.12939453125,3476.0,0
0,73,0.7113613131902725,0.0055694207549095,0.34375,0.963944375514984,1.1609361171722412,474.258771517646,1.0795794000005117,0.738083899999765,0.2812862999999197,173.1572265625,3476.0,0
0,74,0.7022077397736249,0.0092205703258514,0.3125,0.9553192257881165,0.8802186846733093,497.678649867972,1.028776299999663,0.7291202000014891,0.2587234000002354,105.5380859375,3476.0,0
0,75,0.6859269237991968,0.0164071843028068,0.234375,0.9721336364746094,1.1746742725372314,369.2033629811985,1.3867695999997522,0.8027574000007007,0.4933899000006931,545.57275390625,3476.0,0
0,76,0.6801656423030961,0.0066198334097862,0.390625,0.9429526329040528,1.0989758968353271,509.20487261379856,1.0054891999989195,0.7130129000015586,0.2572183000011137,126.42236328125,3476.0,0
0,77,0.6823894257564921,0.0210608169436454,0.140625,0.9666850566864014,1.1578657627105713,497.0097389641613,1.030160899999828,0.7304800000001705,0.2643347000011999,126.31689453125,3476.0,0
0,78,0.671405660449712,0.0064252726733684,0.296875,0.9674804210662842,1.1719398498535156,487.2884340188519,1.050712399999611,0.7405715999993845,0.2785289000003104,175.94677734375,3476.0,0
0,79,0.6656117833479369,0.0052980259060859,0.25,0.9521691203117372,0.7055829763412476,520.9087904982013,0.982897600000797,0.7146890000003623,0.2347905999995418,104.7001953125,3476.0,0
0,80,0.6337521500297603,0.0157660096883773,0.15625,0.9842753410339355,1.0580517053604126,369.4343844123161,1.385902400001214,0.7970753000008699,0.5076159999989613,539.84814453125,3476.0,0
0,81,0.6744857867015985,0.0158843994140625,0.171875,0.9229569435119628,0.7155752182006836,537.8567082502004,0.951926399999138,0.6782958999992843,0.2240462000008847,81.6181640625,3476.0,0
0,82,0.6967357842945803,0.0706074684858322,0.34375,0.9853267073631288,0.3265490233898163,360.55170043805737,1.4200459999992745,0.8234623000007559,0.5189080000000104,541.0830078125,3476.0,0
0,83,0.675118536859407,0.0020062327384948,0.203125,0.97915917634964,1.034160017967224,310.8158010255111,1.647277899999608,0.8783117000002676,0.6940716999997676,824.93408203125,3476.0,0
0,84,0.7116807702572756,0.009729828685522,0.296875,0.9563937783241272,1.1285345554351809,366.6472720763725,1.3964374999995923,0.8560163000001921,0.4900364000004629,517.3662109375,3476.0,0
0,85,0.6799460695116241,0.0338044315576553,0.1875,0.9657503962516784,0.7632946372032166,475.0856546034182,1.0777003999992305,0.7414423000009265,0.2986463000015646,229.4248046875,3476.0,0
0,86,0.6965753564632151,0.0022943466901779,0.09375,0.9568252563476562,0.735885500907898,486.59113543110857,1.0522180999996635,0.7278914999988046,0.2749683000001823,176.19677734375,3476.0,0
0,87,0.7191816800173214,0.0220449790358543,0.171875,0.9803548455238342,0.7927396893501282,410.9021983748324,1.2460386000002472,0.8059947000001557,0.3669143999995867,336.701171875,3476.0,0
0,88,0.6727580372027566,0.0193042680621147,0.140625,0.9934341311454772,0.7286130785942078,349.43715365949294,1.4652134000007209,0.898973900000783,0.5023894999994809,540.29052734375,3476.0,0
0,89,0.6708760509693741,0.0320363081991672,0.171875,0.8949607014656067,0.9884024858474731,467.9098385266808,1.0942278999991686,0.7500005000001693,0.2917326000006142,123.84130859375,3476.0,0
0,90,0.6705593126177831,0.0299822017550468,0.234375,0.982827126979828,0.9168278574943542,480.79315846362624,1.0649069999999483,0.7220193000011932,0.3132008999982645,177.95458984375,3476.0,0
0,91,0.6895426679859987,0.0120685473084449,0.265625,0.9683613181114196,1.3663314580917358,480.677379576238,1.0651634999994712,0.7332390000010491,0.2944993999990402,230.1455078125,3476.0,0
0,92,0.6458385759465834,0.0027125105261802,0.203125,0.933325171470642,0.851980984210968,491.4364793879573,1.0418436999989351,0.7358793000003061,0.2735604999998031,122.33154296875,3476.0,0
0,93,0.6476332479268946,0.0133923068642616,0.171875,0.9217334985733032,1.653995156288147,486.395092273397,1.052642200000264,0.7366722000006121,0.2951663999992888,104.17431640625,3476.0,0
0,94,0.6996539537993707,0.0292675085365772,0.359375,0.9653724431991576,0.8535897731781006,443.7337001530257,1.153845200000433,0.7742110000017419,0.3315603000010014,232.23974609375,3476.0,0
0,95,0.6336017118655396,0.0278620645403862,0.40625,0.8674580454826355,1.5073760747909546,508.5944515531348,1.0066959999985556,0.7195398999992904,0.2530635999992228,83.0869140625,3476.0,0
0,96,0.6578924012224994,0.0076692327857017,0.203125,0.8487631678581238,1.2000422477722168,528.3482029299719,0.9690578999998252,0.7092310999996698,0.2372278999991977,83.0869140625,3476.0,0
0,97,0.6781468560637648,0.0196151509881019,0.109375,0.965433955192566,0.538983166217804,265.2406802738766,1.930322300000625,0.9622089999993476,0.8858178999998927,1081.48388671875,3476.0,0
0,98,0.6576897085103194,0.0257856808602809,0.171875,0.9001548290252686,1.1665581464767456,503.64399216146415,1.016591100000369,0.7489569000008487,0.2373640999994677,91.56201171875,3476.0,0
0,99,0.661325531465286,0.0713950097560882,0.28125,0.9468989968299866,0.7580264210700989,501.25328005168905,1.0214396999999735,0.7191282000003412,0.2750141000014992,126.00830078125,3476.0,0
0,100,0.6480348880472412,0.0064658559858798,0.28125,0.9816219806671144,1.123620629310608,495.2803746406044,1.0337579000006372,0.7252738999995927,0.2747394999987591,122.40966796875,3476.0,0
0,101,0.6750294412441737,0.0423011966049671,0.15625,0.9725099802017212,0.7762851119041443,493.0553823499002,1.038422899999205,0.736523199999283,0.2785853999994288,128.4736328125,3476.0,0
0,102,0.6606782821191612,0.0154148638248443,0.265625,0.9294376373291016,1.562352418899536,464.0225717984544,1.1033945999988646,0.7832831000014266,0.2805791999999201,123.59326171875,3476.0,0
0,103,0.666353345740703,0.0296492874622344,0.296875,0.9725396633148192,0.93199622631073,449.9028754590315,1.1380234000007476,0.7562923999994382,0.2989702999984729,175.7548828125,3476.0,0
0,104,0.7076666629225472,0.0111463516950607,0.265625,0.9096500873565674,0.9401455521583556,334.4874893836882,1.5307000000011612,0.8827721999987261,0.4989874000002601,523.9599609375,3476.0,0
0,105,0.7113663226843668,0.0059782117605209,0.1875,0.981496274471283,0.8242227435112,417.89634570911534,1.2251841999986937,0.7863006999996287,0.3745450999995228,334.90576171875,3476.0,0
0,106,0.7032408327527803,0.0150128155946731,0.125,0.931086540222168,1.0700732469558716,259.7875333746068,1.9708413000007567,0.975121899999067,0.9084576000004744,1099.00634765625,4308.0,0
0,107,0.6823496321772089,0.0167250819504261,0.203125,0.8870372772216797,0.782885730266571,456.0419230790212,1.1227037999997265,0.796869699999661,0.2906110999992961,103.16845703125,4308.0,0
0,108,0.6769985371292728,0.0657920986413955,0.140625,0.936565399169922,0.4927492141723633,458.9173923595016,1.1156692000004114,0.779649199999767,0.2970067999995081,129.7041015625,4308.0,0
0,109,0.647788289344383,0.0010430999100208,0.15625,0.901526927947998,1.177912712097168,535.7495078065563,0.9556704999995418,0.6478212999991229,0.2661291000003984,80.12939453125,4308.0,0
0,110,0.6842936468865025,0.0291096679866313,0.28125,0.9382769465446472,1.473594307899475,496.3450777112741,1.0315403999993578,0.7411171999992803,0.2550756999989971,83.0869140625,4308.0,0
0,111,0.7063245972564824,0.0006852969527244,0.203125,0.9267564415931702,1.018277287483215,546.3817257510776,0.93707379999978,0.649925899999289,0.2606210000012652,99.12841796875,4308.0,0
0,112,0.7411530752238901,0.0285941138863563,0.09375,0.8952015042304993,0.6550085544586182,360.71447392182847,1.4194052000002555,0.7841171000000031,0.4988693000013882,524.2099609375,4308.0,0
0,113,0.7195205905340852,0.0082350745797157,0.140625,0.9450952410697936,1.348512053489685,431.81428881938814,1.185694899999362,0.7741941999993287,0.350015699999858,339.1796875,4308.0,0
0,114,0.7360630933867591,0.0051496401429176,0.21875,0.9412438869476318,1.2422455549240112,312.08969652941715,1.6405539999996108,0.884207699999024,0.6791174999998475,826.34326171875,4308.0,0
0,115,0.7172163130318321,0.0392328798770904,0.234375,0.929651141166687,0.935681939125061,364.4755634441066,1.4047580999995262,0.8303000000014435,0.4739880999986781,531.61669921875,4308.0,0
0,116,0.7449638657805635,0.0031093433499336,0.234375,0.954258918762207,0.858059287071228,440.43598000708704,1.1624844999987545,0.771525099999053,0.3391584000000875,323.9716796875,4308.0,0
0,117,0.7201244125463478,0.0160203464329242,0.0625,0.973188817501068,1.1932919025421145,510.1582267699919,1.003610199999457,0.7287758999991638,0.2604289000009885,173.1572265625,4308.0,0
0,118,0.7581093022490404,0.0169452130794525,0.1875,0.9678314924240112,1.316508173942566,316.9130490247153,1.6155851000003167,0.8739315999991959,0.6839337000001251,838.73583984375,4308.0,0
0,119,0.732438923755075,0.0646304562687873,0.203125,0.975871741771698,1.6164851188659668,491.3676681608429,1.0419896000003064,0.7293916999988141,0.2816918999997142,219.2080078125,4308.0,0
0,120,0.7073778122515353,0.0151585415005683,0.046875,0.9317569136619568,1.0258411169052124,502.03653276705415,1.0198460999999952,0.7095199000013963,0.2854948999993212,124.54638671875,4308.0,0
0,121,0.7538671169605676,0.0015486553311347,0.078125,0.8987582921981812,0.6954519748687744,275.90015388967174,1.8557438000007096,0.9146550000004936,0.8735532999999123,1039.30615234375,4308.0,0
0,122,0.7467137871286084,0.018066868185997,0.0625,0.9341061115264891,0.9592753648757936,269.84516158122875,1.897384400001101,0.92296449999958,0.8446065000007366,1061.19091796875,4308.0,0
0,123,0.7313387330551364,0.0031376592814922,0.3125,0.9489964842796326,0.7388185262680054,507.0539925352045,1.0097544000000198,0.702087699999538,0.2784377000007225,131.59521484375,4308.0,0
0,124,0.7763335722310021,0.000979620963335,0.203125,0.9355970621109008,0.6265674233436584,401.1450497404893,1.2763463000010231,0.7737071999999898,0.3745622999995248,337.119140625,4308.0,0
0,125,0.7517533373621673,0.0112233906984329,0.140625,0.9415165185928344,1.2148398160934448,451.9624793459392,1.132837400000426,0.7311287000011362,0.2972641000014846,217.2255859375,4308.0,0
0,126,0.7412522754008868,0.0207881331443786,0.25,0.9663787484169006,1.0753554105758667,406.1923065111516,1.2604867000009108,0.7752402999994956,0.3795577000000776,325.26220703125,4308.0,0
0,127,0.752308378376131,0.0319972410798072,0.078125,0.9546198844909668,0.5469101071357727,301.73435966998727,1.6968568000011146,0.9173479000000953,0.6957459000004746,851.9072265625,4308.0,0
0,128,0.7679208683949669,0.0282581821084022,0.296875,0.9597070813179016,0.3642388880252838,306.30295503984945,1.6715476999997918,0.9076691999998728,0.7026289000004908,855.572265625,4308.0,0
0,129,0.7398308709163135,0.0028529986739158,0.03125,0.942688524723053,0.6430310606956482,414.8507829537158,1.2341787000004842,0.832491499999378,0.3693843000000925,336.75,4308.0,0
0,130,0.7260217349360629,0.030030034482479,0.1875,0.92156583070755,0.9417974948883056,339.577941759684,1.5077540000002043,0.8922698999995191,0.4964507000004232,540.74951171875,4308.0,0
0,131,0.7511803563664217,0.0029324665665626,0.34375,0.9232997298240662,0.6853771805763245,375.2345765762303,1.3644798000004812,0.8314179999997577,0.4898753999987093,515.9638671875,4308.0,0
0,132,0.7601173907249674,0.0179774686694145,0.046875,0.9384762048721312,0.6740708947181702,274.5219992922355,1.865060000000085,0.9598501000000396,0.8222318000007363,1029.24755859375,4308.0,0
0,133,0.6702766902123606,0.0124828889966011,0.1875,0.6872377395629883,0.6657827496528625,485.3705799644208,1.0548640999986674,0.7649699000012333,0.2208754999992379,89.33935546875,4308.0,0
0,134,0.7164761698630572,0.0486096180975437,0.046875,0.9218323230743408,0.7086418867111206,454.4396311124924,1.126662299999225,0.7568599999995058,0.3099966999998287,179.08349609375,4308.0,0
0,135,0.7529470983422695,0.0119764581322669,0.203125,0.9692630767822266,0.9408779144287108,275.6520624911747,1.8574140000000623,0.95124979999855,0.8350919999993494,1047.94189453125,4308.0,0
0,136,0.7375314377380355,0.0167410299181938,0.109375,0.9468203186988832,0.8436872959136963,374.9676846698455,1.3654509999996662,0.8196470999992016,0.4903311000016401,548.2177734375,4308.0,0
0,137,0.760787806495964,0.0142966657876968,0.140625,0.9605815410614014,0.8687134385108948,277.79542634803926,1.8430828999989897,0.9387204000013298,0.8346046999995451,1049.88818359375,4308.0,0
0,138,0.6831874458486173,0.0196832008659839,0.078125,0.6999731063842773,0.9985853433609008,558.2050915280905,0.9172256000001652,0.6874318000009225,0.2237299000007624,90.158203125,4308.0,0
0,139,0.708223028021544,0.031310848891735,0.21875,0.8025862574577332,0.4885308742523193,503.95382286880186,1.0159660999997868,0.7318438999991486,0.2741879999994125,173.1572265625,4308.0,0
0,140,0.7152594893946023,0.0489486753940582,0.265625,0.9700121879577636,0.8083106279373169,389.0452457344106,1.316042299999026,0.8133250999999291,0.4818985000001703,522.1337890625,4308.0,0
0,141,0.734165405752445,0.0544323027133941,0.234375,0.975444793701172,0.923936128616333,437.6032470159386,1.1700096000004123,0.81013780000103,0.3455924000008963,327.052734375,4308.0,0
0,142,0.707015422722424,0.0250216126441955,0.390625,0.9317231178283693,1.6911909580230713,500.1539047809768,1.0236848999993526,0.7307208000001992,0.282103300000017,235.18701171875,4308.0,0
0,143,0.6624813004079569,0.0153085254132747,0.09375,0.8812595009803772,1.5161608457565308,541.7742323082703,0.9450430999986564,0.704504100000122,0.2343710999994073,80.12939453125,4308.0,0
0,144,0.6992301270439719,0.051029335707426,0.234375,0.944685995578766,0.9368823766708374,476.2238278038935,1.0751246999989237,0.7643294999998034,0.3017218999993929,179.08349609375,4308.0,0
0,145,0.7319293194105148,0.015204481780529,0.140625,0.931204080581665,0.8812044858932495,319.8915567623495,1.60054239999954,0.8948721999986446,0.6762367999999697,831.73095703125,4308.0,0
0,146,0.7024460233866432,0.0488424375653266,0.28125,0.9131568670272828,1.2723530530929563,506.7751983818379,1.0103099000007203,0.744192699999985,0.257018500000413,174.15478515625,4308.0,0
0,147,0.7126466312780947,0.0115925073623657,0.140625,0.9458176493644714,0.7034071087837219,504.7234524584735,1.01441689999956,0.7240309000007983,0.2813291999991634,176.23193359375,4308.0,0
0,148,0.6819537681312013,0.0211852826178073,0.234375,0.8210540413856506,1.043283462524414,524.8978422705945,0.9754278999989764,0.7190319999990606,0.248387300000104,104.09033203125,4308.0,0
0,149,0.7313146180498299,0.0110867172479629,0.21875,0.9463950991630554,1.4937145709991455,497.4735726879517,1.0292004000002637,0.7255942000010691,0.2927266000006057,233.58544921875,4308.0,0
0,150,0.7136633695427781,0.0094601884484291,0.265625,0.903143048286438,0.8916729688644409,504.7040487417786,1.01445590000003,0.7412984000002325,0.2639221000008547,182.23876953125,4308.0,0
0,151,0.7086643065375945,0.023539874702692,0.359375,0.8910170197486877,1.1181777715682983,493.7976793244716,1.0368619000000765,0.7302543999994668,0.2966035999997984,178.54638671875,4308.0,0
0,152,0.7365237934109031,0.0333019606769084,0.1875,0.9031949639320374,1.135936617851257,463.9582379592197,1.1035475999997288,0.7874502000013308,0.3049748000012187,218.1845703125,4308.0,0
0,153,0.7168536408013868,0.0061152167618274,0.109375,0.945455014705658,1.2937920093536377,500.45094344274094,1.0230773000002955,0.7319600999999238,0.2812252000003354,185.0693359375,4308.0,0
0,154,0.7677626454477289,0.018787033855915,0.453125,0.9096683263778688,0.8434516787528992,276.70467644959933,1.850348199999644,0.9388822999990224,0.8750008999995771,1063.7666015625,4308.0,0
0,155,0.7091328098455835,0.0029834881424903,0.21875,0.9599730968475342,1.843357801437378,489.0100716976886,1.047013199999128,0.7430266000010306,0.2926615000014863,228.9189453125,4308.0,0
0,156,0.7226447684105168,0.0143353231251239,0.0625,0.9537922739982604,0.8815094828605652,516.5113652169874,0.99126570000044,0.7079885999992257,0.2743338999989646,173.46826171875,4308.0,0
0,157,0.6917338289764655,0.0307417064905166,0.15625,0.9051635265350342,1.4724338054656982,545.7559321912565,0.9381482999997388,0.6809224000007816,0.2505927999991399,103.29150390625,4308.0,0
0,158,0.7322691569251779,0.0103789381682872,0.296875,0.7969594597816467,1.3211920261383057,517.4788068681503,0.9894124999991618,0.7145915999990393,0.2674609999994572,127.70361328125,4308.0,0
0,159,0.7770666800196991,0.0281798988580703,0.25,0.9634061455726624,1.3349226713180542,306.11125410256426,1.672594499999832,0.9190307999997458,0.7238381999995909,867.1318359375,4308.0,0
0,160,0.7958324283369788,0.0080520957708358,0.09375,0.9426352977752686,0.8979312181472778,318.0713347034626,1.60970179999822,0.9157907999997406,0.6651590000001306,793.28662109375,4308.0,0
0,161,0.7772947679234223,0.0182807072997093,0.25,0.9776204228401184,1.0404548645019531,384.0263634095873,1.3332418000009056,0.8108823999991728,0.5016547000013816,531.88427734375,4308.0,0
0,162,0.7183279537588663,0.0166166871786117,0.1875,0.9461843967437744,0.6490187644958496,465.7499579501783,1.0993023000009998,0.7763483000017004,0.3117120999995677,235.9052734375,4308.0,0
0,163,0.7209539926964655,0.016452919691801,0.21875,0.9337468147277832,1.3487707376480105,381.031564074627,1.343720699998812,0.8416156999992381,0.4799130000010336,527.3896484375,4308.0,0
0,164,0.7372172752855013,0.0059580653905868,0.09375,0.9863398671150208,0.4766310453414917,415.0905858181309,1.2334657000010338,0.854200600000695,0.3634820999996009,338.537109375,4308.0,0
0,165,0.6919033047638483,0.0280876457691192,0.109375,0.8705947995185852,1.0753707885742188,496.9101312799675,1.030367399998795,0.7387822000000597,0.2838468000009015,104.22705078125,4308.0,0
0,166,0.7116296142317985,0.0381804071366786,0.28125,0.9473867416381836,1.0797220468521118,436.45035607370914,1.1731001999996806,0.7716056999997818,0.3866746000003331,339.169921875,4308.0,0
0,167,0.6865505713360575,0.0044880956411361,0.234375,0.7780978679656982,0.5421931743621826,470.5453758755991,1.0880991000012727,0.7722157999996853,0.3064808999988599,131.2109375,4308.0,0
0,168,0.7446943039602159,0.0034021884202957,0.203125,0.9877567291259766,1.3572934865951538,370.8041285853769,1.3807828999997582,0.8406042000005982,0.5173639000004187,535.99560546875,4308.0,0
0,169,0.7044342110779348,0.0156441889703273,0.375,0.8177433013916016,1.3366984128952026,489.5888734809056,1.045775399999911,0.766854699999385,0.2699312999993708,122.53857421875,4308.0,0
0,170,0.7189234561240775,0.0003994889557361,0.21875,0.9344806671142578,0.7005909085273743,310.7202617041232,1.6477844000000914,0.9147958000012296,0.7021445999998832,833.71728515625,4308.0,0
0,171,0.7234613428072277,0.0164150893688201,0.3125,0.9881924390792848,0.7705049514770508,382.0043994668295,1.340298700000858,0.8283676999999443,0.4914437999996153,541.365234375,4308.0,0
0,172,0.765653373726169,0.0067735388875007,0.03125,0.8727818727493286,1.12407124042511,303.32368108409554,1.6879657999998017,0.9573698999993212,0.6983195000011619,832.8701171875,4308.0,0
0,173,0.7158393106890362,0.011675089597702,0.203125,0.933177411556244,1.5124902725219729,279.2144019225316,1.8337162999996508,0.9526494999990972,0.8430083999992348,1036.06494140625,4308.0,0
0,174,0.6709414995987741,0.0057546161115169,0.265625,0.96147221326828,1.6475577354431152,409.6402430575105,1.2498771999999008,0.8367453000009846,0.3980518999997002,334.1416015625,4308.0,0
0,175,0.6671411259907569,0.0124576911330223,0.203125,0.7465493679046631,1.089956521987915,545.4618479797932,0.938654100000349,0.6768879999999626,0.2549887000004673,102.76220703125,4308.0,0
0,176,0.7163709004357983,0.0424156188964843,0.09375,0.9840803742408752,0.8983529210090637,306.7844910853465,1.6689239999996062,0.9038165000001754,0.7346050999985891,870.45068359375,4308.0,0
0,177,0.6958454208723588,0.0173450596630573,0.140625,0.9291073679924012,0.9692299962043762,511.1428645298273,1.0016769000012573,0.7152642000000924,0.2754507999998168,220.78271484375,4308.0,0
0,178,0.6583734188579192,0.0044035278260707,0.203125,0.6735013723373413,0.8736448287963867,540.250680536821,0.947708199999397,0.7149272999995446,0.2266687999999703,81.6181640625,4308.0,0
0,179,0.7265190437803063,0.009820032864809,0.234375,0.9506438970565796,1.258019208908081,318.1830554348103,1.6091366000000562,0.8625294000012218,0.7155817000002571,848.60302734375,4308.0,0
0,180,0.6555371126205013,0.0236577801406383,0.203125,0.8585594892501831,0.6805458068847656,547.3736382082144,0.9353756999989856,0.6931455999983882,0.2361604000016086,80.12939453125,4308.0,0
0,181,0.7123452386754342,0.0247154906392097,0.296875,0.9694499373435974,1.0011982917785645,388.8517716036072,1.3166970999991463,0.7915911000000051,0.5046288000012282,541.0830078125,4308.0,0
0,182,0.6617416989341507,0.0138666480779647,0.3125,0.942998468875885,0.7080932855606079,520.7441800490164,0.9832082999982958,0.7105234999999084,0.2637309999990975,173.1279296875,4308.0,0
0,183,0.7306973829437774,0.0139369592070579,0.296875,0.939298450946808,0.5190832018852234,281.4845406712051,1.8189275999993697,0.9120489999986604,0.8689294000014343,1082.2470703125,4308.0,0
0,184,0.6961430692975349,0.0055496394634246,0.171875,0.8835337162017822,1.3781397342681885,453.0065834595231,1.130226400000538,0.7539961000002222,0.3624732999996922,346.0830078125,4308.0,0
0,185,0.6625873324039478,0.0377338454127311,0.046875,0.8355971574783325,1.08115816116333,549.6778318895197,0.931454700001268,0.6530056999999942,0.2707331999990856,118.6279296875,4308.0,0
0,186,0.699855460761703,0.0004078187048435,0.1875,0.9679245948791504,0.920183539390564,519.0811493143026,0.9863583000005748,0.6976993999996921,0.2792594999991706,176.64599609375,4308.0,0
0,187,0.7160846165684316,0.0663771629333496,0.171875,0.941266655921936,0.8938539624214172,497.9269898991541,1.0282631999998555,0.7346170000000711,0.283192599999893,217.2412109375,4308.0,0
0,188,0.6895750626549295,0.0110631436109542,0.203125,0.9461867809295654,0.7039611339569092,527.3662935894408,0.9708621999998286,0.7079885000002832,0.2552496999996947,122.81591796875,4308.0,0
0,189,0.7189635193406664,0.0224887877702713,0.15625,0.9749251008033752,2.2101292610168457,448.9771257553358,1.1403699000002234,0.7457735999996657,0.3805863999987195,344.4208984375,4308.0,0
0,190,0.669271827046711,0.0197991617023944,0.296875,0.9380005598068236,1.0085381269454956,524.6757462898781,0.9758407999997872,0.7175360000001092,0.251542400001199,105.1728515625,4308.0,0
0,191,0.6822788435273162,0.0462957397103309,0.296875,0.9054409265518188,0.9967897534370422,526.3557206541509,0.97272619999967,0.7024600000004284,0.2633733000002394,104.8232421875,4308.0,0
0,192,0.6387643472111053,0.0260806530714035,0.234375,0.8668877482414246,0.7572757601737976,522.9551254451667,0.9790515000004234,0.7267525999995996,0.2458915999995952,84.5751953125,4308.0,0
0,193,0.6764225224165726,0.0213073939085006,0.203125,0.9277154207229614,0.945280134677887,525.6134946338475,0.9740997999997488,0.7075263000006089,0.2596644999994169,99.12841796875,4308.0,0
0,194,0.702740262183355,0.0192750580608844,0.15625,0.970943808555603,0.630486786365509,442.25623583421145,1.1576999000008072,0.7760177000000112,0.3676815999988321,329.0009765625,4308.0,0
0,195,0.6897245691103171,0.0278500281274318,0.1875,0.9774863719940186,0.8180896639823914,496.9607742641881,1.0302624000014475,0.7501617999987502,0.2707694000000629,183.8095703125,4308.0,0
0,196,0.7370707803737065,0.0209216997027397,0.265625,0.7521382570266724,1.1902246475219729,389.61410549121314,1.3141208000015467,0.8164796999990358,0.4771211000006587,525.12451171875,4308.0,0
0,197,0.6766937167552394,0.0352640300989151,0.328125,0.923376739025116,0.5812734365463257,516.6367632867627,0.9910251000001152,0.7239542000006622,0.2601246000012907,105.0380859375,4308.0,0
0,198,0.7116954995141817,0.0008760541677474,0.265625,0.8785074353218079,0.7905858755111694,478.4092146103277,1.0702134999992268,0.7282615999993141,0.3310763999998016,228.6943359375,4308.0,0
0,199,0.6609839156864258,0.0092120543122291,0.140625,0.8737484216690063,1.0175034999847412,496.6884847430287,1.0308272000002034,0.747911500000555,0.2700017000006482,128.5185546875,4308.0,0
0,200,0.6883688807090947,0.0186392031610012,0.109375,0.9110952019691468,0.6957883834838867,436.43391214254495,1.1731443999997282,0.7756224999993719,0.3837394999991375,325.4736328125,4308.0,0
0,201,0.6535900646265038,0.0184052512049675,0.1875,0.972046673297882,0.8868566751480103,497.76395100065406,1.028600000001461,0.7277522000003955,0.2912948000011965,183.8095703125,4308.0,0
0,202,0.6453255194482717,0.0382129028439521,0.1875,0.9507090449333192,1.2881728410720823,471.62359647048606,1.0856115000005957,0.7894933999996283,0.2889914999996108,100.51904296875,4308.0,0
0,203,0.6697708906507844,0.0117567926645278,0.078125,0.9230823516845704,0.7466160655021667,463.08523300812266,1.105627999999342,0.818919299999834,0.2795951000007335,103.30517578125,4308.0,0
0,204,0.7545128614453674,0.0288826897740364,0.09375,0.8937721252441406,0.8964734077453613,266.99306568962453,1.9176527999989048,0.9775631000011344,0.8863057999988087,1058.78662109375,4308.0,0
0,205,0.7402580018665011,0.0044077187776565,0.03125,0.9477764368057252,0.6664268374443054,308.6098284515675,1.6590527999996991,0.8861204000004363,0.7416260999998485,878.16162109375,4308.0,0
0,206,0.7149945453152283,0.0168830230832099,0.1875,0.93860924243927,1.142283916473389,491.53281917625833,1.0416394999992915,0.7318114999998215,0.2990215999998327,228.10107421875,4308.0,0
0,207,0.762179286623333,0.003224529325962,0.109375,0.9208657145500184,0.8349784016609192,316.6742670549962,1.6168033000012656,0.9126909999995404,0.6740505000016128,803.267578125,4308.0,0
0,208,0.7266402433727216,0.0060545243322849,0.140625,0.9906684160232544,0.8951132893562317,348.70628605741103,1.4682843999999022,0.9385559000002104,0.5083776999999827,535.72998046875,4308.0,0
0,209,0.7332130711423406,0.0215636938810348,0.15625,0.9670769572257996,0.7518860101699829,297.5808017606426,1.7205410999995363,0.9597876999996516,0.7300935000002937,883.5888671875,4308.0,0
0,210,0.6590745811604901,0.0281835980713367,0.1875,0.933128833770752,1.7109904289245603,485.3568225817014,1.054893999998967,0.7674120000010589,0.2801471000002493,125.24853515625,4308.0,0
0,211,0.6706263396285129,0.0090612471103668,0.203125,0.9336671829223632,1.201751947402954,443.0076690516956,1.1557361999985003,0.874053699999422,0.2741096000008838,129.7041015625,4308.0,0
0,212,0.6765591205089148,0.0213489942252635,0.15625,0.9471791982650756,0.7742723822593689,487.627778478403,1.04998119999982,0.7722254999989673,0.2701229000012972,123.63232421875,4308.0,0
0,213,0.6831643824767405,0.0462455563247203,0.15625,0.9463745951652528,0.648178219795227,492.2003547688815,1.0402267999998005,0.732511299998805,0.3000879999999597,128.5595703125,4308.0,0
0,214,0.7351882896355516,0.0470358580350875,0.109375,0.9183721542358398,1.6286054849624634,264.30596016669534,1.9371488999986468,0.9953251000006276,0.9025880000008328,1081.60595703125,4308.0,0
0,215,0.7128506762105485,0.0168936625123024,0.15625,0.9865370988845824,1.0913562774658203,431.7440850429689,1.1858876999995118,0.793622499999401,0.3773517999998148,336.7529296875,4308.0,0
0,216,0.6569986446844506,0.0468769073486328,0.40625,0.9502937197685242,0.6895979642868042,502.2024323078963,1.0195091999994474,0.7165162000001146,0.2953677999994397,122.02880859375,4308.0,0
0,217,0.6915807840422458,0.0398506447672843,0.390625,0.986624240875244,0.8711617588996887,450.1343853347017,1.1374381000005087,0.766831099999763,0.3595867000003636,222.56787109375,4308.0,0
0,218,0.7040827849556112,0.0468331649899482,0.1875,0.9809879660606384,0.6219287514686584,411.9808206836281,1.2427762999996048,0.8518727999999101,0.3763053000002401,321.12158203125,4308.0,0
0,219,0.6318887721972791,0.0221337340772151,0.15625,0.913642406463623,0.7740399241447449,473.60559920220976,1.08106829999997,0.8224860000009357,0.2527036999999836,83.0869140625,4308.0,0
0,220,0.7182508150515203,0.030675396323204,0.21875,0.9757400751113892,1.9279310703277588,403.7909344043059,1.2679829000007885,0.8774730999994063,0.3767189000009239,319.0341796875,4308.0,0
0,221,0.7246077981052141,0.0250257179141044,0.3125,0.9145069122314452,0.5243406295776367,298.88490245955427,1.7130340000003343,0.9633144000017636,0.7181712000001426,857.38671875,4308.0,0
0,222,0.649339446490067,0.0463067032396793,0.25,0.9323509931564332,0.6700261831283569,460.2305935049853,1.112485800000286,0.8452183000008517,0.2606307000005472,81.6181640625,4308.0,0
0,223,0.7008200341694301,0.0379183366894722,0.25,0.9763514995574952,0.7722985744476318,464.3430348675817,1.102633100001185,0.7737333000004583,0.3181910999992396,218.0556640625,4308.0,0
0,224,0.6576447357774627,0.0119584463536739,0.28125,0.9514870047569276,1.9666264057159424,495.8602929117377,1.03254890000062,0.7638542000004236,0.2617553000000043,102.33642578125,4308.0,0
0,225,0.6480501187174422,0.0274160988628864,0.375,0.9402167797088624,0.8032535910606384,528.5555763280905,0.968677700000626,0.6973720999994839,0.2652164999999513,81.6181640625,4308.0,0
0,226,0.6577411478446331,0.0052575320005416,0.1875,0.9487963914871216,0.9106110334396362,518.6662093213797,0.9871474000010494,0.6910483999999997,0.288669799998388,129.7041015625,4308.0,0
0,227,0.7608046275322734,0.0525430366396904,0.09375,0.9074864387512208,0.9465962648391724,276.4723190461336,1.8519032999993212,0.9345196999984182,0.8735515000007581,1084.5791015625,4308.0,0
0,228,0.6706729859187709,0.0559572987258434,0.203125,0.9576134085655212,1.4768162965774536,496.55784549724046,1.031098400000701,0.7087544000005437,0.311741700001221,174.4560546875,4308.0,0
0,229,0.7480511487493609,0.0418070405721664,0.09375,0.9627896547317504,0.6303260922431946,264.70495479071525,1.934229000000414,0.9211654999999156,0.9140893000003416,1099.8134765625,5144.0,0
0,230,0.6639552660588043,0.0099876597523689,0.359375,0.95090514421463,1.241496205329895,468.21180219263607,1.0935222000007343,0.7514121999993222,0.3046059999996942,176.44677734375,5144.0,0
0,231,0.7241455945654311,0.0142367929220199,0.21875,0.9648982882499696,0.6986573934555054,292.1538989134684,1.752501000000848,0.9718210000010004,0.7003086000004259,846.66796875,5144.0,0
0,232,0.7507262704935348,0.0155069455504417,0.125,0.9159650802612304,1.535820484161377,305.0763149592498,1.6782686000005924,0.8934543000013946,0.6959096000009595,836.9248046875,5144.0,0
0,233,0.7358705345239103,0.0190133228898048,0.46875,0.969438135623932,1.1394352912902832,311.49096244249193,1.643707400000494,0.878464299999905,0.6995177999997395,850.25634765625,5144.0,0
0,234,0.6880746918605519,0.0362644158303737,0.375,0.9223990440368652,1.4064377546310425,488.43822830492593,1.0482389999997397,0.725254799999675,0.2924782000009145,166.67724609375,5144.0,0
0,235,0.6564587822485359,0.029237512499094,0.296875,0.8928067684173584,0.7578533887863159,513.3276706874287,0.9974136000000726,0.726472600001216,0.2379895000012766,84.5751953125,5144.0,0
0,236,0.7283036228261843,0.0064014978706836,0.234375,0.979058027267456,1.5570611953735352,358.93716741772005,1.4264335000007122,0.8236140999997588,0.523557600001368,549.92919921875,5144.0,0
0,237,0.7145570706656946,0.0546144247055053,0.28125,0.984569251537323,1.0817818641662598,353.54965231990644,1.4481699999996636,0.870019099998899,0.5009789999985514,535.45654296875,5144.0,0
0,238,0.7031147190739543,0.0077526792883872,0.328125,0.9281029105186462,1.0461435317993164,489.04127279113743,1.046946399999797,0.7340507999997499,0.2786745000012161,178.93505859375,5144.0,0
0,239,0.7177984057705311,0.0100328549742698,0.171875,0.9841079711914062,0.7080966234207153,416.5951321837079,1.2290109999994456,0.8102056999996421,0.3699680000008811,337.56884765625,5144.0,0
0,240,0.6835108575822143,0.0152093693614006,0.21875,0.9629562497138976,0.6399014592170715,465.3038293144176,1.1003562999994756,0.7659617999997863,0.2672710000006191,175.0927734375,5144.0,0
0,241,0.6660381408568105,0.0271000154316425,0.34375,0.97589910030365,1.1082112789154053,494.2715663140938,1.035867799999323,0.71570199999951,0.2799363000012818,169.71142578125,5144.0,0
0,242,0.7572142980014918,0.0160474404692649,0.125,0.8260388374328613,1.303733468055725,279.1867682049728,1.8338977999992492,0.9241960999988804,0.8243841000003158,1026.52880859375,5144.0,0
0,243,0.6754287681350756,0.0235237218439579,0.234375,0.9507328867912292,0.6940698027610779,457.068134664832,1.1201830999998492,0.7801610999995319,0.3025576000000001,237.78564453125,5144.0,0
0,244,0.7039180563550576,0.0355188697576522,0.421875,0.9630411863327026,0.6548222303390503,415.8548900348144,1.2311987000011868,0.8065149000012752,0.3742079999992711,324.8662109375,5144.0,0
0,245,0.671358021971394,0.0013537369668483,0.234375,0.9115048050880432,1.570285677909851,471.7689585238952,1.0852770000001328,0.7724334000013187,0.2743331999990914,170.72119140625,5144.0,0
0,246,0.6441517888501903,0.0750020295381546,0.21875,0.9232795238494872,1.2760769128799438,491.8281126070659,1.0410140999993018,0.7405916999996407,0.2607203999996272,84.5751953125,5144.0,0
0,247,0.7645400303572659,0.000380091369152,0.5,0.7259647846221924,1.4353312253952026,291.763377393644,1.754846699999689,0.8956354999991163,0.706774399999631,834.419921875,5144.0,0
0,248,0.7632589038262784,0.0190056189894676,0.328125,0.9264119267463684,0.6584290266036987,263.99484632567595,1.939431799999511,0.9622218999993492,0.9081573999992544,1099.6025390625,5144.0,0
0,249,0.7426773728767604,0.0115281715989112,0.15625,0.9907838702201844,2.161811828613281,371.1432902331933,1.3795210999996923,0.816729000000123,0.4759268999987398,535.0927734375,5144.0,0
0,250,0.738080262014185,0.015012614428997,0.046875,0.9587379097938538,0.9087346196174622,280.5865969701219,1.8247486000000208,0.9062009999997828,0.827885900000183,1047.32666015625,5144.0,0
0,251,0.6695102198488528,0.0371250919997692,0.25,0.9581239819526672,1.2958712577819824,288.73812472810914,1.7732331000006525,1.2110599000006914,0.4877683000013348,174.17724609375,230.0,0
0,252,0.7005805120970465,0.0243161842226982,0.09375,0.9915904402732848,1.7613180875778198,300.9368363552952,1.7013537000020733,0.9435767999966628,0.639385399997991,561.32275390625,854.0,0
0,253,0.6342591890966603,0.0066421367228031,0.1875,0.8801596164703369,1.0737428665161133,466.74526584210594,1.0969580999953903,0.8008895000020857,0.2645530000008875,80.18896484375,856.0,0
0,254,0.676618447084084,0.0135542415082454,0.296875,0.9507371783256532,1.6049054861068726,437.4402364361952,1.1704456000006758,0.8233910999988439,0.3099705999993603,125.96240234375,856.0,0
0,255,0.7253666235789727,0.0046979486942291,0.171875,0.9042050242424012,1.6072003841400146,244.3529764650457,2.0953294999999343,1.0868292000013753,0.9040363999956752,1016.42138671875,1748.0,0
0,256,0.7485139300668472,0.0142980068922042,0.046875,0.9830865263938904,1.68480384349823,238.0451140119044,2.150852800004941,1.135936300001049,0.9099780000033206,1037.92431640625,2536.0,0
0,257,0.7326459831418777,0.0264843292534351,0.265625,0.9588958024978638,1.2774908542633057,381.8642808108758,1.3407904999985476,0.8683638000002247,0.3818842000036966,321.79638671875,2540.0,0
0,258,0.7012926777325432,0.0079559423029422,0.234375,0.9235970973968506,1.4093284606933594,425.68910710495743,1.2027557000037632,0.7423257999980706,0.4116203999947174,173.345703125,2540.0,0
0,259,0.7349789414436144,0.0074027515947818,0.265625,0.9564200639724731,0.8530347943305969,268.74315544744377,1.90516480000224,0.9791189000025042,0.8029450999965775,830.60107421875,2540.0,0
0,260,0.7340642337664206,0.00109738484025,0.21875,0.9742406606674194,0.8864116668701172,378.2545870585283,1.3535856999951648,0.8687778000021353,0.4197404000005917,344.59765625,2540.0,0
0,261,0.7155301475788217,0.0174161456525325,0.25,0.9500719308853148,1.5945643186569214,414.75497296899766,1.234463799999503,0.8049699000039254,0.3609359000038239,223.64306640625,2540.0,0
0,262,0.7093727092054611,0.0042292587459087,0.265625,0.97836834192276,1.2491916418075562,399.65277043353154,1.2811120999976993,0.8503985999996075,0.3857801999984076,230.900390625,2540.0,0
0,263,0.7334725538206606,0.0191597864031791,0.171875,0.9401143193244934,0.6946967244148254,274.20221481396453,1.867235100005928,0.9669825000019046,0.7696339999965858,809.95849609375,2540.0,0
0,264,0.7220933322058698,0.0067462176084518,0.203125,0.9903682470321656,1.101676106452942,377.1178444645562,1.357665800001996,0.855666100003873,0.4098339000047417,333.841796875,2540.0,0
0,265,0.7394781663783812,0.0065110251307487,0.21875,0.9964125156402588,0.7213220000267029,325.29639457096204,1.573949200006609,0.8939773000020068,0.549332399998093,548.42626953125,2540.0,0
0,266,0.6926303116991449,0.0297993943095207,0.3125,0.9798268675804138,0.932551383972168,407.2077683787752,1.2573434000005363,0.8044633000026806,0.3718853000027593,229.765625,2540.0,0
0,267,0.6248632023690642,0.0333938859403133,0.234375,0.9142833948135376,0.5881723165512085,457.2222586844808,1.1198055000058955,0.7922452999991947,0.2820166999954381,101.42626953125,2540.0,0
0,268,0.7131665652055864,0.0060451999306678,0.375,0.933481216430664,1.8828879594802856,434.37792457312463,1.1786971000037738,0.7872860999996192,0.3451984999992419,212.28759765625,2540.0,0
0,269,0.751517894446232,0.0292059108614921,0.171875,0.9052758812904358,1.5125144720077517,318.7941213857282,1.606052200004342,0.917021699999168,0.537733199998911,534.587890625,2544.0,0
0,270,0.71277338588339,0.0186777561902999,0.0625,0.9202341437339784,0.5363187789916992,249.67408266950764,2.05067340000096,1.0224478999953135,0.9470030999946176,1092.9140625,3372.0,0
0,271,0.7339870291093387,0.01169965416193,0.140625,0.9176115393638612,1.4107264280319214,419.97151576005984,1.2191302999999607,0.7896161000026041,0.3595916000049328,222.02197265625,3372.0,0
0,272,0.760961998487774,0.0044703781604766,0.421875,0.9434545636177064,0.6811292767524719,249.24719557982385,2.0541855999981635,1.0500958999982686,0.9206307999993442,1068.95751953125,3372.0,0
0,273,0.6721540908901991,0.039874143898487,0.234375,0.9364571571350098,0.5389075875282288,451.9696608325754,1.1328193999943323,0.8125239000000875,0.2914048999955412,106.6796875,3372.0,0
0,274,0.7330686810079524,0.0431251227855682,0.203125,0.9787917137145996,0.9036160111427308,369.3750830111282,1.3861248999965028,0.8307709000000614,0.4171138000019709,335.7421875,3372.0,0
0,275,0.727117930999625,0.0157981254160404,0.21875,0.9728938341140748,0.8876144886016846,444.1128247800132,1.152860200003488,0.7958689000006416,0.3143609999970067,179.60986328125,3372.0,0
0,276,0.7735887136770231,0.0068557187914848,0.328125,0.9198716282844543,1.0059871673583984,240.4382927094302,2.129444500002137,1.0320107000006828,0.9872934999948484,1086.18017578125,3372.0,0
0,277,0.7681391758776628,0.0062955915927886,0.046875,0.9170780777931212,1.090644121170044,290.8096538353133,1.760601800000586,1.1113082000010763,0.5328934999997728,503.02197265625,3372.0,0
0,278,0.7540925917168861,0.002405047416687,0.015625,0.9733028411865234,1.0640552043914795,239.95658660443985,2.133719299999939,1.1389101000022492,0.910618499998236,1043.5126953125,3372.0,0
0,279,0.7220690925848058,0.0087541043758392,0.078125,0.9559140801429749,0.8026776909828186,326.4967756849712,1.568162499999744,0.9192345999981626,0.5322393000024022,523.97900390625,3372.0,0
0,280,0.7332622231951395,0.0168977230787277,0.109375,0.9688583612442015,0.3546171486377716,260.68911946715787,1.964025200002652,1.1008638000057545,0.7516445000001113,871.01708984375,3372.0,0
0,281,0.6838187102332964,0.010925430804491,0.265625,0.921905755996704,1.3642324209213257,473.6141421187983,1.0810487999988254,0.7304436999984318,0.2901650999992853,122.67626953125,3372.0,0
0,282,0.6904476182328075,0.0281485728919506,0.0625,0.9217140078544616,1.1194782257080078,430.49049852066906,1.189340999997512,0.7961414000019431,0.3525427999993553,100.37744140625,3372.0,0
0,283,0.7322708974270484,0.0317712724208831,0.15625,0.988120973110199,1.2812787294387815,261.8746604459498,1.9551337999946556,1.1077312999987043,0.7596904000020004,824.0947265625,3372.0,0
0,284,0.7301736225335284,0.0201528593897819,0.109375,0.974322497844696,0.7359640598297119,267.3352414737876,1.915198299997428,1.0157487000033143,0.7977842000036617,851.498046875,3372.0,0
0,285,0.6929011281001297,0.0291072875261306,0.140625,0.9772209525108336,0.554262101650238,382.3592581864829,1.3390548000024864,0.9016338000001268,0.3815784999969764,230.54833984375,3372.0,0
0,286,0.758590238236108,0.0250593572854995,0.140625,0.9722836017608644,0.3880987763404846,241.54358047715516,2.1197002999979304,1.1025060000029043,0.8950708999982453,1036.82861328125,3372.0,0
0,287,0.6632809127939391,0.0009662806987762,0.203125,0.9272260665893556,0.8221317529678345,453.7139946504631,1.1284641999955056,0.7836189999943599,0.2877351999995881,100.34326171875,3372.0,0
0,288,0.7753169415450969,0.0238337740302085,0.03125,0.9210222363471984,0.8991311192512512,265.7363817240862,1.926721499999985,1.0221342999939225,0.7874948000026052,829.244140625,3372.0,0
0,289,0.6775947012534901,0.0237288773059844,0.140625,0.9785409569740297,1.087612509727478,444.6258070009692,1.1515301000035834,0.8190958999985014,0.2994225000002188,122.04052734375,3372.0,0
0,290,0.734051706281122,0.0140625461935997,0.125,0.9834846258163452,2.123233795166016,304.0471406085971,1.6839494000014383,1.0009995000000345,0.562756300001638,516.9375,3372.0,0
0,291,0.6574212389856634,0.0160110406577587,0.203125,0.939906358718872,0.743920624256134,422.842164994065,1.2108537000021895,0.810999900000752,0.3374742000014521,103.58935546875,3372.0,0
0,292,0.7215726146171054,0.0175980776548385,0.046875,0.9498684406280518,0.6317135095596313,312.79391249375857,1.6368604999952368,0.9607891000050586,0.5943202999987989,556.95361328125,3372.0,0
0,293,0.6446595164803374,0.0491484105587005,0.203125,0.8718015551567078,0.6600797176361084,434.8208622974561,1.1774963999996544,0.8685512000010931,0.2620884000061778,84.369140625,3372.0,0
0,294,0.7472072123377826,0.0645770728588104,0.484375,0.9116113185882568,0.9287422299385072,250.865571968124,2.040933700001915,1.0492395000037504,0.9037487000023248,1029.24267578125,3372.0,0
0,295,0.7651160638079384,0.007017396390438,0.109375,0.8757457733154297,0.9431654810905457,329.3312299011816,1.5546658000021123,0.947435800000676,0.557884699999704,512.27978515625,3372.0,0
0,296,0.6289991077862656,0.044659711420536,0.1875,0.9141239523887634,0.972320318222046,472.7966475762431,1.082918000000063,0.7567760000019916,0.2577196000056574,106.400390625,3372.0,0
0,297,0.7309990448675717,0.0252914726734161,0.046875,0.9284576773643494,1.038981556892395,275.22202945930144,1.860316199999943,0.953039699998044,0.7609099999972386,859.14453125,3372.0,0
0,298,0.7286072842036477,0.0019998177886009,0.328125,0.9641703367233276,1.1298161745071411,417.33287774559255,1.226838399998087,0.7721683000054327,0.3992571999988286,323.857421875,3372.0,0
0,299,0.6892229164702499,0.0387212894856929,0.234375,0.9686025381088256,1.020407795906067,508.4269280787072,1.0070276999977068,0.6652274999942165,0.3061104000007617,100.322265625,3372.0,0
0,300,0.6813867575387564,0.0258239768445491,0.1875,0.9567779302597046,1.4158624410629272,499.4552328598239,1.0251169000039226,0.7100186000025133,0.2712286000023596,100.08740234375,3372.0,0
0,301,0.6757182381094584,0.0088903084397315,0.1875,0.9377260208129884,0.9169210195541382,77.80119951828237,6.580875399995421,5.116370099996857,1.3972702999963076,80.18896484375,3372.0,0
0,302,0.6861235371754707,0.0823433697223663,0.25,0.9822633266448976,1.2810345888137815,77.87542930734162,6.574602599997888,4.959816800001136,1.4638570000024629,124.66748046875,3372.0,0
0,303,0.7582908318857553,0.0050567090511322,0.140625,0.5275490283966064,0.97926127910614,73.87368529005455,6.930749400002242,5.031418400001712,1.6950660000002244,878.56884765625,3372.0,0
0,304,0.6640148006183112,0.0353386029601097,0.15625,0.8607911467552185,1.0781869888305664,81.0365434926456,6.318137199996272,4.6765259000021615,1.5051833999968949,128.037109375,3372.0,0
0,305,0.6495992477419058,0.0209160223603248,0.34375,0.8999199867248535,0.8381974697113037,84.78002217068193,6.039158599996881,4.5390571000025375,1.415337600003113,107.818359375,3372.0,0
0,306,0.7676913095589676,0.0116273909807205,0.15625,0.8413876295089722,0.7666399478912354,66.93937664117107,7.648711800000456,5.665862499998184,1.755302899997332,882.87060546875,3372.0,0
0,307,0.7231280025394575,0.0025618076324462,0.09375,0.9757527709007264,0.9502875804901124,74.1173413587896,6.907965000005788,5.058764499997778,1.576999100005196,335.66064453125,3372.0,0
0,308,0.7026931651655973,0.0094470679759979,0.09375,0.968923032283783,0.9412463903427124,87.29208330018514,5.865365800003929,4.482622199997422,1.273348899994744,120.75830078125,3372.0,0
0,309,0.6690213138646178,0.012057602405548,0.28125,0.9694713354110718,0.7926569581031799,71.7016398417141,7.140701399999671,5.413502899995365,1.649582800004282,124.67919921875,3372.0,0
0,310,0.6975980823990432,0.0023076608777046,0.3125,0.9889079332351683,0.9363347291946412,73.36834742188412,6.978486199994222,5.100852700001269,1.7788689999943017,223.66259765625,3372.0,0
0,311,0.713885838889157,0.0067617483437061,0.109375,0.9887601137161256,0.8358585834503174,62.58582478497554,8.180766199999198,6.2527667000031215,1.7877673999973922,312.75,3372.0,0
0,312,0.7243929691785155,0.0059183239936828,0.109375,0.9821650385856628,0.7391131520271301,74.46581359580836,6.875638299999991,5.069591400002537,1.6553626999957487,228.32421875,3372.0,0
0,313,0.6516998191286061,0.0543205924332141,0.34375,0.920171856880188,0.8795177936553955,73.27877251640263,6.987016600003699,4.815318300003128,2.062737100000959,107.109375,3372.0,0
0,314,0.6884744588556916,0.0243058763444423,0.09375,0.9771316051483154,1.241123914718628,70.11453524301963,7.30233749999752,5.277845299999171,1.8866811000043529,121.33837890625,3372.0,0
0,315,0.6713947752457812,0.0138482600450515,0.203125,0.9734945297241212,1.6222584247589111,71.02128201265096,7.20910670000012,5.45182890000433,1.6223914000001969,180.38330078125,3372.0,0
0,316,0.7495254246510983,0.0424792617559433,0.296875,0.9075762629508972,0.7180291414260864,60.10072505887667,8.51903200000379,6.424617299999227,1.8321662000016656,864.0732421875,3372.0,0
0,317,0.7431525354062645,0.0197900496423244,0.296875,0.9712225794792176,1.3239457607269287,64.50984550022882,7.936772999993991,5.563728199995239,2.187344400001166,172.79052734375,3372.0,0
0,318,0.6751035928909459,0.0006339810788631,0.15625,0.9344334006309508,0.8055773973464966,73.13183199678292,7.001055300002918,4.939940699994622,1.9506560000008903,80.18896484375,3372.0,0
0,319,0.6922499019331956,0.026350300759077,0.125,0.9473323822021484,1.0871670246124268,68.3441014448568,7.491502400000172,5.4831039999990026,1.8660912000050305,81.583984375,3372.0,0
0,320,0.78035065148205,0.008959025144577,0.125,0.8534554243087769,0.4025695919990539,63.16309218664994,8.105999600003997,5.964808000004268,1.8428018999984488,1038.64501953125,3372.0,0
0,321,0.7733552774720465,0.0122020095586776,0.453125,0.9239281415939332,0.7523568868637085,54.7107856436749,9.35830100000021,7.038366599997971,1.839000400002988,870.31982421875,3372.0,0
0,322,0.6874914654447714,0.0280410945415496,0.390625,0.827177882194519,1.1981323957443235,63.94664851181052,8.006674500000372,6.08520850000059,1.7436785000027155,85.76025390625,3372.0,0
0,323,0.7370148331066994,0.0086778029799461,0.171875,0.9599456787109376,0.9428072571754456,66.90994093142643,7.652076700003818,5.799170400001458,1.6842565999977523,218.53515625,3372.0,0
0,324,0.711306192505599,0.0468137376010417,0.25,0.971435010433197,1.6745861768722534,73.23114984786314,6.991560300004494,5.3944126999995206,1.4312674999964656,227.828125,3372.0,0
0,325,0.7050052321078204,0.0039598941802978,0.15625,0.963725209236145,1.5210373401641846,77.06914356060257,6.643385099996522,4.942422599997371,1.55754380000144,124.78466796875,3372.0,0
0,326,0.6544361480073115,0.0282837823033332,0.359375,0.9647740125656128,1.1534579992294312,85.07797745581286,6.018008600003668,4.516417400001956,1.3622872000050847,100.39111328125,3372.0,0
0,327,0.7080965389301508,0.0097002759575843,0.265625,0.9809610843658448,1.1210031509399414,80.27853264078203,6.377794699998049,4.673483999999007,1.5714068000015686,226.45849609375,3372.0,0
0,328,0.6696646726311724,0.0036066249012947,0.125,0.9765082597732544,0.7214550375938416,79.31737852897864,6.455079700004717,4.813925299997209,1.5485112000023946,125.78076171875,3372.0,0
0,329,0.7049370064984762,0.0047967284917831,0.03125,0.9878177642822266,0.9397400617599488,67.44391386516548,7.5914929999999,5.646103400002176,1.7281727000008686,538.3115234375,3374.0,0
0,330,0.7674932173707663,0.0022701621055603,0.015625,0.8297871351242065,1.917428970336914,65.47193680981631,7.820144399993296,5.872978300001705,1.7243207999999868,1032.21923828125,3374.0,0
0,331,0.7465291403081553,0.0192333310842514,0.203125,0.9831819534301758,1.337062120437622,74.62759554448715,6.860732900000585,5.114865900002769,1.5706360999975004,323.77001953125,3374.0,0
0,332,0.7128190248623116,0.0157371833920478,0.109375,0.965583086013794,1.7306162118911743,76.83792374146292,6.663376299999072,4.905510399999912,1.634745000003022,235.33056640625,3374.0,0
0,333,0.6317887887952185,0.0251535214483737,0.25,0.9103342294692992,0.959158718585968,80.6363353407009,6.34949489999417,4.635238599999866,1.6070524000024309,80.18896484375,3374.0,0
0,334,0.7065356989995942,0.0526552312076091,0.375,0.981736421585083,1.001370191574097,90.07149160764686,5.68437350000022,4.620118699996965,0.9323699999949896,218.53515625,3374.0,0
0,335,0.7532124917902983,0.0009232386946678,0.21875,0.8944616913795471,0.881456732749939,188.01742892157893,2.723151800004416,1.9283770999973056,0.7257115999964299,523.107421875,3374.0,0
0,336,0.7325318899237471,0.0100344866514205,0.09375,0.9400443434715272,0.4541302621364593,80.71336998695223,6.343434799993702,4.128685999996378,2.071049599995604,869.02001953125,3374.0,0
0,337,0.6799044809057747,0.0180105231702327,0.171875,0.8671020269393921,0.7360883951187134,72.54170918039073,7.05800850000378,5.388569700000517,1.5341746999984025,85.76025390625,3374.0,0
0,338,0.7742098529816488,0.0048435106873512,0.1875,0.9587649703025818,1.8731459379196167,74.14799572102217,6.905109100000118,4.921208799998567,1.6970514999993611,816.57177734375,3374.0,0
0,339,0.7261965719387599,0.004214122891426,0.203125,0.9242701530456544,1.0767626762390137,97.2940824428049,5.262396099999023,3.809111700000358,1.293267100001685,313.75146484375,3374.0,0
0,340,0.684622093957133,0.0156724750995636,0.171875,0.9220074415206908,1.1497952938079834,165.15030516373,3.1002061999970465,1.9065950000003795,1.1234936999971978,106.421875,3374.0,0
0,341,0.6745871374122586,0.026787269860506,0.3125,0.9598941206932068,0.801810085773468,144.35619575523816,3.5467822999999044,2.7124762999956147,0.7282361999968998,178.20849609375,3374.0,0
0,342,0.7830277013385212,0.0180894136428833,0.125,0.7781702280044556,1.8477367162704468,66.27839265366609,7.724991200004297,6.090678900000057,1.4076921999949263,999.9755859375,3374.0,0
0,343,0.6706942259261708,0.0292664915323257,0.28125,0.9567983150482178,0.978460967540741,103.07845206359436,4.967090500002087,3.717843699996593,1.166213799995603,86.03369140625,3374.0,0
0,344,0.7287546214747507,0.0038515329360961,0.453125,0.9758965969085692,2.2233476638793945,103.2097485962489,4.960771699996258,3.734671799997159,1.1044907000032254,342.60888671875,3374.0,0
0,345,0.6683600256246316,0.0130158551037311,0.25,0.9449833631515504,0.9953468441963196,109.54520894397352,4.673869400001422,3.194707999995444,1.419258300004003,80.18896484375,3374.0,0
0,346,0.7288474905059136,0.043528102338314,0.25,0.967746078968048,1.620703935623169,98.33340625118524,5.206775799997558,3.748627099994337,1.3707576000015251,214.35498046875,3374.0,0
0,347,0.6381089440797801,0.0012965016067028,0.078125,0.9327126145362854,0.8087243437767029,99.13660728238573,5.164590699998371,3.9037032999985968,1.1196841999990284,100.65283203125,3374.0,0
0,348,0.7430841936431933,0.0105235949158668,0.171875,0.9788092374801636,0.7012394666671753,96.62179993133172,5.29901119999704,4.013704600001802,1.1082298999972409,339.64794921875,3374.0,0
0,349,0.7628736408354716,0.0446909442543983,0.234375,0.963780403137207,1.01803719997406,87.28930331303825,5.865552600000228,4.226101799999015,1.4279765999963274,535.61767578125,3374.0,0
0,350,0.72512864773185,0.0044466964900493,0.078125,0.9720907211303712,0.7466179728507996,89.07679763065414,5.747849200000928,4.227193099999568,1.3839844999965862,317.36279296875,3374.0,0
0,351,0.7486439198232421,0.0422519594430923,0.171875,0.9596570134162904,0.60127854347229,99.51870460856674,5.144761499999731,3.604011099996569,1.4143363000039244,866.89453125,3374.0,0
0,352,0.7619782168920717,0.0138029083609581,0.140625,0.9650158882141112,0.6733105182647705,85.36700919568035,5.997633099999803,4.068715900000825,1.4853412000011303,869.4140625,3374.0,0
0,353,0.7351603982824161,0.0057216361165046,0.28125,0.9786677360534668,1.0687901973724363,91.32984875464936,5.606053300005442,4.066436300003261,1.3524413999984972,557.57470703125,3374.0,0
0,354,0.6888894595329873,0.048509445041418,0.203125,0.7378120422363281,1.3418668508529663,93.00775846380672,5.504917099999148,4.18008479999844,1.2173002999988969,81.583984375,3374.0,0
0,355,0.723206813192426,0.0334615930914878,0.15625,0.9493075609207152,1.0553914308547974,96.14179051352752,5.325467700000445,4.268336400004046,0.8732946999953128,338.48388671875,3374.0,0
0,356,0.6699190378230518,0.0430568940937519,0.234375,0.9110159277915956,1.1406160593032837,128.97855058986784,3.969652300002053,2.908080000001064,0.9994097000017064,100.14306640625,3374.0,0
0,357,0.744393279975197,0.0374415814876556,0.125,0.9759288430213928,0.8093915581703186,72.42221779551076,7.069653699996707,5.293730900004448,1.6007024999998976,884.00634765625,3374.0,0
0,358,0.7349244289845956,0.0012588612735271,0.171875,0.9692702889442444,0.9200353622436525,78.10173489275826,6.555552199999511,4.941740399997798,1.4377218000008725,218.810546875,3374.0,0
0,359,0.6810014605058821,0.00583928078413,0.171875,0.9555202126502992,0.8653457760810852,73.40531575201977,6.974971700001333,5.185267699998803,1.6375323999964166,178.19677734375,3374.0,0
0,360,0.7384514010260368,0.0201368704438209,0.109375,0.97042578458786,0.6287268996238708,75.71732516069817,6.761992699997791,4.877686799998628,1.657904799998505,547.0302734375,3374.0,0
0,361,0.6750695933906593,0.0238851830363273,0.296875,0.8755465149879456,0.7569432854652405,81.63099623314336,6.272127299998829,4.705450699999346,1.458985199999006,81.583984375,3374.0,0
0,362,0.6952514008437212,0.0232933647930622,0.21875,0.9851490259170532,1.6779710054397583,74.28336465976857,6.892525700000988,5.134752199999639,1.5768805000043358,182.07568359375,3374.0,0
0,363,0.7012547938464608,0.0342465788125991,0.3125,0.9827319979667664,0.8669450879096985,72.37484731486674,7.074280900000304,5.175252400003956,1.773984400002519,324.34619140625,3374.0,0
0,364,0.7540723491325318,0.0154646635055542,0.0625,0.9196454286575316,0.6752646565437317,69.11489441364077,7.407954599999357,5.256083300002501,1.9808331000022008,1065.55078125,3374.0,0
0,365,0.6846001038445698,0.0332448631525039,0.203125,0.9856762290000916,2.738072395324707,85.33479966963033,5.999896900000749,4.37605849999818,1.491489799998817,232.833984375,3374.0,0
0,366,0.6956170831628397,0.0004906915128231,0.21875,0.9802334308624268,1.044467806816101,104.62038992140192,4.893883500000811,3.749520099998336,1.0481929000015953,234.4326171875,3374.0,0
0,367,0.6971713260216487,0.0032845959067344,0.109375,0.979494035243988,1.3761727809906006,124.43881920494084,4.1144716999988304,3.025536999994074,1.0115470000018831,179.818359375,3374.0,0
0,368,0.740649160132866,0.0025547333061695,0.328125,0.8688217401504517,2.342415809631348,95.86644486061552,5.340763400003198,3.971035599999595,1.2056846999985282,859.00390625,3374.0,0
0,369,0.680675986123277,0.0160785503685474,0.125,0.9713095426559448,0.9913163185119628,139.95227791316782,3.658389900003385,2.684237100002065,0.8621608000030392,175.19287109375,3374.0,0
0,370,0.6881891870005825,0.0149079002439975,0.21875,0.923075795173645,0.8994652628898621,158.33667324729052,3.233616000004986,2.33867520000058,0.833498399995733,105.033203125,3374.0,0
0,371,0.6540648885821608,0.0048361718654632,0.0625,0.9217360019683838,1.135280966758728,133.7835568092444,3.8270772000032593,2.7863570999979856,0.970370199996978,100.14306640625,3374.0,0
0,372,0.7615678100038025,0.0069042518734931,0.15625,0.8991965055465698,1.033297061920166,103.62464014211712,4.940909800003283,3.50127639999846,1.267236599996977,836.00341796875,3374.0,0
0,373,0.7670948233132835,0.0072385221719741,0.03125,0.9017214775085448,2.2578043937683105,100.548973830992,5.092045999997936,3.543495499994606,1.3645936000029906,1043.771484375,3374.0,0
0,374,0.7356025835973029,0.0297019854187965,0.484375,0.96780925989151,1.4639744758605957,132.06671381011748,3.8768284999969183,2.7985207000019727,0.9792358999984572,173.087890625,3374.0,0
0,375,0.7244359229718075,0.0251614600419998,0.40625,0.9747790098190308,1.0498673915863037,110.7754072970026,4.621964500001923,3.300455199998396,1.1317471000002115,536.10595703125,3374.0,0
0,376,0.7462808527624724,0.0010746419429779,0.203125,0.9131603837013244,0.9785760045051576,78.65707787733514,6.509267999994336,4.808925799996359,1.5024898999981815,811.7529296875,3374.0,0
0,377,0.7285142653371507,0.034468874335289,0.28125,0.907723307609558,1.1078922748565674,99.45051260900829,5.14828920000582,3.687659800001711,1.2958281000028364,235.78857421875,3374.0,0
0,378,0.7062875841637258,0.0352470353245735,0.296875,0.8859329223632812,0.7369731068611145,110.87283797141912,4.617902900004992,3.224028799995722,1.2795619000025908,125.30224609375,3374.0,0
0,379,0.6950399535479277,0.0414979979395866,0.375,0.9564393758773804,0.8676663637161255,79.60822677015143,6.431496099998185,4.699503199997707,1.5099822000047425,857.853515625,3374.0,0
0,380,0.6992768716051403,0.012279987335205,0.25,0.9491399526596068,0.7254913449287415,78.1264543803874,6.553478000001633,4.785740999999689,1.5338408999959938,1088.8525390625,3374.0,0
0,381,0.7098484542230185,0.0192687660455703,0.34375,0.9256879687309264,0.8609899282455444,88.62560621560867,5.77711139999883,4.178527299998677,1.334406800000579,225.78662109375,3374.0,0
0,382,0.6669615652695796,0.0213114228099584,0.203125,0.9348775744438172,0.542801558971405,100.7803092598226,5.080357499995444,3.7415102000013576,1.2197304000001168,122.13916015625,3374.0,0
0,383,0.6927849601542251,0.0241146571934223,0.125,0.9851890802383424,0.8858261704444885,87.84001807299585,5.828778400005831,4.150123100000201,1.359670099998766,541.0888671875,3374.0,0
0,384,0.685272056027591,0.001527776941657,0.296875,0.9488290548324584,0.9092462062835692,92.89224804033928,5.511762399997679,3.933057999995072,1.4976347999981954,105.57421875,3374.0,0
0,385,0.7353655359140767,0.0315346829593181,0.1875,0.9595377445220948,1.2256144285202026,63.03885213732921,8.121975300004124,6.047721700000693,1.8712197999993805,882.583984375,3374.0,0
0,386,0.7509960921876861,0.0082645416259765,0.03125,0.9278539419174194,0.467600554227829,71.93665415595494,7.117373000000953,5.198326099998667,1.6963050999984262,1075.0771484375,3374.0,0
0,387,0.7089373373920465,0.0035283267498016,0.21875,0.855452299118042,0.9559677839279176,99.4916501341067,5.146160500000406,4.105648099997779,0.9190872000035596,123.37939453125,3374.0,0
0,388,0.7336786813759325,0.0184468403458595,0.125,0.972235143184662,0.7023741602897644,80.35740336282312,6.371534900004917,4.527882099995622,1.6725255999990625,1085.3740234375,3374.0,0
0,389,0.70778003286523,0.0030106380581855,0.078125,0.8317064046859741,0.6873874068260193,97.8070270031139,5.234797700002673,3.866987100002007,1.2327109000034395,124.14013671875,3374.0,0
0,390,0.7409603260899982,0.0091667994856834,0.1875,0.8837063312530518,0.7220045924186707,98.61415144663776,5.191952599998331,3.880373399995733,1.1971141999965766,121.03759765625,3374.0,0
0,391,0.7362457284813144,0.0119451060891151,0.234375,0.9734943509101868,0.7940961718559265,84.43386778319008,6.063917400002538,4.378083499999775,1.50431760000356,870.6103515625,3374.0,0
0,392,0.7600424913147306,0.0164956375956535,0.3125,0.960588037967682,0.6589764952659607,86.43028052470187,5.923849799997697,4.141895199994906,1.6146503999989363,1021.59765625,3374.0,0
0,393,0.7598064787123523,0.0291590541601181,0.140625,0.9466832280158995,0.8143942952156067,80.09805754382425,6.392165000004752,4.507291999994777,1.636905100000149,1056.4833984375,3374.0,0
0,394,0.7595968036203877,0.0215892791748046,0.15625,0.9742421507835388,0.7373907566070557,86.44423248733423,5.922893699993438,4.388469700003043,1.3092794999975013,873.29931640625,3374.0,0
0,395,0.7921175449819863,0.0104232281446456,0.109375,0.9582642316818236,0.6671335697174072,84.80616829714113,6.037296700000297,4.423353199999838,1.4588988999967114,809.982421875,3374.0,0
0,396,0.7799949175236496,0.0154391601681709,0.046875,0.9650862216949464,1.2490034103393557,87.63187806059749,5.842622699994536,4.233454599998368,1.435131399994134,820.02490234375,3374.0,0
0,397,0.768259525890351,0.0282794684171676,0.03125,0.988259255886078,0.9168612957000732,162.84079326003427,3.1441752999962773,2.1439859999954933,0.9318762000038988,832.93994140625,3374.0,0
0,398,0.7689618023941306,0.0211842805147171,0.09375,0.9567723274230956,0.6216065287590027,82.3435700544152,6.217850399996678,4.386457300002803,1.322442199998477,1056.87939453125,3374.0,0
0,399,0.7903786975880959,0.0352647975087165,0.1875,0.9431344270706176,1.1689231395721436,100.26534479339588,5.1064503000015975,3.8946089999953983,1.0433802000043215,335.7421875,3374.0,0
0,400,0.7154308386225153,0.0642286986112594,0.28125,0.776894748210907,0.9449208974838256,122.6032794940013,4.176071000001684,2.964479099995515,1.134990700003982,84.369140625,3374.0,0
0,401,0.7247013499645039,0.0441818535327911,0.265625,0.8615074157714844,1.4989043474197388,83.51640335559024,6.130532200004382,4.466040899998916,1.5812786999958917,80.18896484375,3374.0,0
0,402,0.7343286882487503,0.0093889497220516,0.21875,0.9693295359611512,1.5862512588500977,73.72904624462493,6.9443459000031,5.284368700005871,1.4853776000018115,337.10595703125,3374.0,0
0,403,0.730962379010954,0.0709532648324966,0.25,0.9558961987495422,1.1691606044769287,91.7217107403616,5.582102599997597,4.293419599998742,1.1810466000024462,121.39306640625,3374.0,0
0,404,0.7195689597171785,0.0394795723259449,0.125,0.9178910255432128,1.7770181894302368,82.82900392167248,6.181409600001643,4.323979300002975,1.7306169000003138,85.76025390625,3374.0,0
0,405,0.7268790057081211,0.0172450505197048,0.4375,0.925357699394226,1.6483150720596311,76.71434038389513,6.674110700005258,4.971386100005475,1.5772512999974424,81.583984375,3374.0,0
0,406,0.7266213620536062,0.0141411758959293,0.109375,0.952116072177887,0.9819193482398988,86.26649090550526,5.935097099994891,4.364914400000998,1.464958000004117,104.07373046875,3374.0,0
0,407,0.7437461980742295,0.000453844666481,0.171875,0.8884460926055908,0.8536089062690735,66.6892819747071,7.677395600003365,5.658697099999699,1.8337735999957656,883.9658203125,3374.0,0
0,408,0.7705888275408035,0.020387016236782,0.578125,0.8986194729804993,2.220890522003174,75.91912632029747,6.744018600002164,4.882053000001179,1.598065600002883,820.392578125,3374.0,0
0,409,0.7478416169054469,0.0059119053184986,0.15625,0.9622913599014282,1.0793415307998655,72.94876548888399,7.018624600001203,5.208249100003741,1.619026300002588,847.57275390625,3374.0,0
0,410,0.6947740484998385,0.0276287756860256,0.296875,0.8728231191635132,1.0233776569366455,84.05130715044514,6.091517400003795,4.707282700001088,1.2450118999986444,84.369140625,3374.0,0
0,411,0.77525109825027,0.0003269761800765,0.03125,0.9006229043006897,1.1286689043045044,72.41321435367455,7.070532700003241,5.024602099998447,1.818825400005153,1084.8173828125,3374.0,0
0,412,0.6807794089476309,0.0221819877624511,0.140625,0.8529043197631836,0.948743224143982,87.3803132905534,5.859443399996962,4.298052899997856,1.4886697999972966,91.93603515625,3374.0,0
0,413,0.7008530648867168,0.0098248571157455,0.140625,0.9079862833023072,0.8586267828941345,78.7891777647731,6.498354399998789,4.854769099998521,1.539260400000785,119.68017578125,3374.0,0
0,414,0.687660979875913,0.0284469500184059,0.171875,0.9607487916946412,0.8862572312355042,83.76681706789466,6.112205500001437,4.3887312000006204,1.6291203000000678,100.34130859375,3374.0,0
0,415,0.7239547196750453,0.0425612665712833,0.234375,0.929485559463501,1.1391267776489258,81.29233472981689,6.298256800000672,4.689395699999295,1.5114948999980695,173.181640625,3374.0,0
0,416,0.7880536666439621,0.0120450630784034,0.140625,0.939970850944519,1.3784462213516235,70.94493442636696,7.216864800000621,5.324914099997841,1.6549344999948516,791.513671875,3374.0,0
0,417,0.6954052689589264,0.0299807377159595,0.4375,0.9452842473983764,2.137573719024658,78.73243486296792,6.503037800001039,4.648048800001561,1.7102262999978848,122.52734375,3374.0,0
0,418,0.7172028179407531,0.0072379894554615,0.171875,0.9336009621620178,1.2102819681167605,77.98258919895807,6.565568099998927,4.7601304999989225,1.6313032000034582,226.361328125,3374.0,0
0,419,0.7237543672934057,0.0191403999924659,0.15625,0.981564998626709,1.0087376832962036,85.87485588078722,5.962164299999131,4.309432799993374,1.498459599999478,217.63427734375,3374.0,0
0,420,0.7453380611677937,0.0273546576499938,0.03125,0.8897821307182312,1.0346044301986694,70.1799787486723,7.295527999995102,5.438975900004152,1.6128032999986317,1029.6962890625,3374.0,0
0,421,0.7343393113452835,0.0191653966903686,0.203125,0.9262609481811525,0.5445682406425476,73.40275006554643,6.975215500002378,5.172618800002965,1.6158435000033933,883.7939453125,3374.0,0
0,422,0.6825025108731502,0.0247569195926189,0.203125,0.9052061438560486,1.7047762870788574,88.32097276717572,5.797037600001204,4.3501963000016985,1.3758407000059378,84.369140625,3374.0,0
0,423,0.7166985147213724,0.0159031338989734,0.078125,0.965081751346588,1.2122799158096311,90.5103487888962,5.656811699998798,4.154212499997811,1.3771341999963624,218.53515625,3374.0,0
0,424,0.7321401317510187,0.0214190706610679,0.328125,0.991192102432251,1.052165150642395,80.10638378095464,6.391500600002473,4.728791100002127,1.474422700004652,337.4580078125,3374.0,0
0,425,0.6567645831343987,0.0241595841944217,0.25,0.94305419921875,1.2352914810180664,81.10560756408056,6.312757100000454,4.570911499999056,1.6068597999983467,82.974609375,3374.0,0
0,426,0.7042480505561577,0.0545800440013408,0.28125,0.9575216174125672,1.1897809505462646,76.9698520664775,6.651955100001942,4.829076200003328,1.6544259000002055,173.8984375,3374.0,0
0,427,0.6756246581134678,0.020181406289339,0.171875,0.9606568813323976,0.7395201921463013,79.63725479304793,6.429151800002728,4.795399900001939,1.5408857000002172,82.974609375,3374.0,0
0,428,0.7252835272494546,0.0286548286676406,0.234375,0.9530508518218994,1.346708059310913,77.8741998274439,6.574706399995193,4.843728400002874,1.6109182000000146,125.96240234375,3374.0,0
0,429,0.7511318653146224,0.0549249798059463,0.171875,0.9675456285476683,1.2196725606918335,72.5654209157975,7.055702200006635,5.270971799996914,1.5897353000036674,540.69921875,3374.0,0
0,430,0.7268492085894727,0.0452069118618965,0.234375,0.9836682677268982,0.536590576171875,82.28520808476242,6.222260499998811,4.618972299998859,1.4831761000023107,216.505859375,3374.0,0
0,431,0.6982017662113374,0.0150986351072788,0.15625,0.948575794696808,0.6326639652252197,88.30131720723823,5.798328000004403,4.276154099999985,1.4357701999979329,123.30126953125,3374.0,0
0,432,0.7480698840769869,0.0079407095909118,0.234375,0.9433971643447876,1.2866134643554688,76.34477101765629,6.706418699999631,4.827955000000657,1.6901320000033593,527.45751953125,3374.0,0
0,433,0.7528331884869811,0.0034183263778686,0.125,0.9742642641067504,0.7424441576004028,70.90571989101849,7.220856100000674,5.267874799996207,1.7448284000056449,551.48193359375,3374.0,0
0,434,0.7553026727659949,0.0220891498029232,0.1875,0.9358559250831604,0.9701305627822876,71.56796121558095,7.154039199995168,5.308326799997303,1.6587369999979271,849.23388671875,3374.0,0
0,435,0.7192929114352614,0.0053657963871955,0.078125,0.9524524211883544,1.2484651803970337,84.45873497971921,6.06213199999911,4.567338499997277,1.4378584000005503,121.33837890625,3374.0,0
0,436,0.7566577570592443,0.008786104619503,0.140625,0.917988121509552,1.0907007455825806,69.93118552807897,7.321483200001239,5.358775799999421,1.783596100001887,1085.48193359375,3374.0,0
0,437,0.7510900847447675,0.0147723481059074,0.078125,0.9721901416778564,1.7603248357772827,70.55215772198943,7.2570424000005,5.378586200000427,1.6449292999968748,879.34228515625,3374.0,0
0,438,0.7319849229070278,0.007926907390356,0.25,0.8335832357406616,0.9462838768959044,80.02429737723777,6.3980568000042695,4.781797199997527,1.518552900000941,104.12158203125,3374.0,0
0,439,0.7457529868326196,0.0083061084151268,0.0625,0.9353193640708924,0.6691853404045105,66.48627503176992,7.700837500000489,5.567242299999634,1.82505669999955,1060.15478515625,3374.0,0
0,440,0.7487564455093934,0.0292153134942054,0.171875,0.9693230986595154,0.8792918920516968,68.03704617165909,7.525311999997939,5.431392200000119,1.8450576000032013,1066.94580078125,3374.0,0
0,441,0.7505081852345779,0.0029809065163135,0.125,0.7682594656944275,0.9312878847122192,76.75479756460638,6.670592800001032,4.826789299993834,1.7015695000009146,174.931640625,3374.0,0
0,442,0.7304128555669025,0.020817007869482,0.109375,0.9410260915756226,0.8973662257194519,79.62055456239416,6.430500300004496,4.742699399997946,1.5858612000010908,172.15625,3374.0,0
0,443,0.7518987598040424,0.0227110683917999,0.25,0.9449146389961244,0.8400745987892151,80.3416150578986,6.372787000000244,4.686106200002541,1.5744243000008282,129.001953125,3374.0,0
0,444,0.7608394127204091,0.0362089648842811,0.171875,0.7378225326538086,0.5464292764663696,66.33198810244716,7.718749500003469,5.678358900004241,1.865720899993903,1031.65576171875,3374.0,0
0,445,0.6983590763711969,0.026517242193222,0.171875,0.9232698678970336,1.2501037120819092,78.45529131752286,6.526009799999883,5.044638799998211,1.3426275999954669,123.40283203125,3374.0,0
0,446,0.7031137385777733,0.0056106001138687,0.203125,0.9816609025001526,0.7686681151390076,76.97154841416831,6.651808500006155,4.80580569999438,1.6896408000029624,179.52978515625,3374.0,0
0,447,0.7324983122901502,0.0282684043049812,0.390625,0.975123643875122,0.8956305980682373,78.72337016717681,6.503786599998421,4.907874600001378,1.4726574000014807,323.08251953125,3374.0,0
0,448,0.719937158168574,0.0103320963680744,0.1875,0.9871240258216858,1.2971997261047363,83.83565545819509,6.107186699999147,4.500917099998333,1.4538246000010986,233.9609375,3374.0,0
0,449,0.686260421643692,0.0271265357732772,0.359375,0.9233373403549194,1.3104766607284546,87.22298142942452,5.8700125999966986,4.425834399997257,1.354262299995753,80.18896484375,3374.0,0
0,450,0.6910464725936099,0.0403106920421123,0.359375,0.9742383360862732,0.9960374236106871,76.69585623073614,6.675719200000458,4.9523992000031285,1.559376400000474,167.59033203125,3374.0,0
0,451,0.6990319210687156,0.0050543434917926,0.1875,0.970375955104828,1.4407377243041992,79.78893333728855,6.416929999999411,4.58770530000038,1.7211492000060389,175.087890625,3374.0,0
0,452,0.7124562333110411,0.0020303092896938,0.171875,0.981755793094635,1.0669151544570925,80.71782996804814,6.343084299995098,4.87423029999627,1.3564087999984622,174.390625,3374.0,0
0,453,0.7609337806445465,0.0215115696191787,0.34375,0.9705538749694824,0.9087439179420472,73.23417178547727,6.991271799997776,5.119832800002769,1.7578529999955208,526.5673828125,3374.0,0
0,454,0.7224117310145961,0.0164127275347709,0.359375,0.9906931519508362,1.8231544494628904,71.74693142091284,7.136193699996511,5.278683399999864,1.6246226000002937,319.65673828125,3374.0,0
0,455,0.7182500253455897,0.0357122235000133,0.328125,0.970933437347412,0.720073938369751,76.66064780756831,6.678785200005223,5.060903200006578,1.4865885000035632,333.02978515625,3374.0,0
0,456,0.704191373191801,0.0208103694021701,0.234375,0.9611287713050842,1.334014892578125,81.13962505091001,6.310110500002338,4.773719199998595,1.4871570999966934,122.99853515625,3374.0,0
0,457,0.7011503976023071,0.032973401248455,0.203125,0.9675202965736388,0.7977381348609924,76.13844825077085,6.724592000005941,5.1088784000021406,1.5187691999963135,547.6943359375,3374.0,0
0,458,0.7175455538878414,0.0121144652366638,0.015625,0.9745668172836304,1.340759038925171,69.12185609463418,7.407208500000706,5.523205099998449,1.6488210000024992,320.76611328125,3374.0,0
0,459,0.7288642189225432,0.0199891775846481,0.09375,0.9618321657180786,0.923899471759796,84.26898931314065,6.075781899999129,4.2892063000035705,1.6145646999939345,220.33837890625,3374.0,0
0,460,0.7222706794878094,0.0061019584536552,0.140625,0.9643667340278624,0.790413498878479,67.13938123744215,7.625926699998672,5.7593699999997625,1.6886593000017456,824.7294921875,3374.0,0
0,461,0.7077875046259748,0.0526191443204879,0.15625,0.9492880702018738,1.2558128833770752,81.67276022023186,6.268920000002254,4.568180499998562,1.5836511999950744,130.41943359375,3374.0,0
0,462,0.7292406508495709,0.0274328701198101,0.21875,0.9898396134376526,1.2635579109191897,79.60507796439047,6.431750499999907,4.718539300003613,1.5883067000031588,338.5185546875,3374.0,0
0,463,0.7192113621758396,0.0147392973303794,0.265625,0.9936322569847108,1.0039867162704468,80.33461879184952,6.3733419999989565,4.635923100002401,1.5909188000005088,235.93212890625,3374.0,0
0,464,0.72525358075341,0.0651065707206726,0.09375,0.8808040618896484,0.7664597034454346,70.3976688692094,7.272968099998252,5.172928799998772,1.8432218999951149,1072.71533203125,3374.0,0
0,465,0.7127912296960048,0.0129362493753433,0.1875,0.97404944896698,0.909108817577362,83.00122441390563,6.168583700004092,4.502812200000335,1.5354011000017636,168.80029296875,3374.0,0
0,466,0.703174707560551,0.0193686597049236,0.15625,0.9797276854515076,1.135111927986145,83.7555011374395,6.113031299995782,4.436068100003467,1.5889547000042512,217.953125,3374.0,0
0,467,0.6758789891894129,0.0137250386178493,0.140625,0.9453647136688232,0.8110584020614624,85.36168906383195,5.998006899993925,4.3488758000021335,1.591439800002263,82.974609375,3374.0,0
0,468,0.74725812964178,0.0129147171974182,0.171875,0.8955581784248352,0.8194754719734192,67.38762563925141,7.597834100000909,5.5168795000063255,1.864352799995686,1064.24755859375,3374.0,0
0,469,0.7594425528314055,0.0410269051790237,0.21875,0.8893155455589294,0.6420378684997559,64.98251285042463,7.879042799999297,5.801979600000777,1.889899900001183,1038.5625,3374.0,0
0,470,0.7554656549589144,0.0008530691266059,0.109375,0.9566068053245544,1.676561951637268,68.39555398441003,7.48586670000077,5.711958200001391,1.6190343000052962,1035.7587890625,3374.0,0
0,471,0.7579676307247151,0.0124451145529747,0.09375,0.9203091859817504,0.7185214757919312,206.29541067678068,2.4818777999971644,1.7388665000034962,0.6726257999980589,508.576171875,3374.0,0
0,472,0.7021910732505366,0.0147549547255039,0.125,0.909299910068512,1.037126541137695,107.17821040190228,4.777090399998997,2.9828951000017696,1.7633402999999817,127.71142578125,3374.0,0
0,473,0.6920249040246235,0.027304571121931,0.34375,0.9729505777359008,1.123475193977356,73.06303369106993,7.007647699996596,5.431769999995595,1.4356568999937735,179.52978515625,3374.0,0
0,474,0.6720634151526605,0.0347310490906238,0.234375,0.9631003737449646,1.0256612300872805,71.96854637168187,7.114219000002777,5.346166200004518,1.6557549999997718,183.86669921875,3374.0,0
0,475,0.6408216077475101,0.0059684291481971,0.09375,0.93368661403656,1.4002522230148315,85.1479039047001,6.013066400002572,4.425210099994729,1.5406169000052614,78.79833984375,3374.0,0
0,476,0.7271971626752313,0.0407032370567321,0.46875,0.9834067821502686,2.1005663871765137,472.0360148721888,1.0846630000014557,0.7395447000017157,0.3269931000031647,217.140625,3374.0,0
0,477,0.6523292432245306,0.0024481825530529,0.25,0.9091352820396424,0.7754536271095276,491.4931369513963,1.0417235999993864,0.7580902000045171,0.2488388000056147,80.18896484375,3374.0,0
0,478,0.714294339006842,0.0070825070142745,0.109375,0.9211596250534058,0.7976163625717163,270.7366421480628,1.891136699996423,0.9486593999972684,0.8838321999937762,1055.6298828125,3374.0,0
0,479,0.6709837443818899,0.0186160989105701,0.234375,0.9781799912452698,0.9772851467132568,489.05757554755377,1.0469114999941669,0.7156245000005583,0.2832578000015928,180.92529296875,3374.0,0
0,480,0.7158211475788308,0.0013220831751823,0.125,0.9341728687286376,1.0954155921936035,267.14021443751494,1.9165964999992864,0.9504100999984076,0.9000072999988333,1084.57958984375,3374.0,0
0,481,0.6910900922353311,0.0415262877941131,0.28125,0.9363267421722412,0.727257251739502,522.3666268935268,0.9801545000009356,0.6841373999995994,0.2644674999974086,100.69384765625,3374.0,0
0,482,0.6740807309324399,0.001445397734642,0.1875,0.9714934825897216,1.6600706577301023,407.87689956422633,1.2552807000029134,0.8062324999991688,0.4092861999961315,338.03955078125,3374.0,0
0,483,0.6571062069389736,0.0018219090998172,0.15625,0.984136164188385,0.8752505779266357,479.2177668500008,1.068407799997658,0.749382499998319,0.2843155999944429,178.3544921875,3374.0,0
0,484,0.7100213591982254,0.0141652263700962,0.203125,0.9196391701698304,0.8884503245353699,299.6090394620618,1.7088937000007718,0.9254871000011916,0.7209045000054175,833.32080078125,3374.0,0
0,485,0.7483987541639717,0.0439773127436637,0.203125,0.8841592669487,2.290481805801392,276.538186952957,1.8514622000002416,0.9216174999965006,0.8559200000017881,1043.22412109375,3374.0,0
0,486,0.722452876344935,0.0236065611243248,0.046875,0.9322465658187866,0.3752725124359131,278.6254145776273,1.8375926000007892,0.909716500005743,0.8737498999980744,1039.45361328125,3374.0,0
0,487,0.7358232342621468,0.0242347791790962,0.078125,0.9886460304260254,1.2307475805282593,300.99697015906133,1.701013800004148,0.9027155000003404,0.7445270999960485,870.92626953125,3374.0,0
0,488,0.6722507367556576,0.0189840979874134,0.09375,0.8742860555648804,0.9398606419563292,538.0238928842049,0.9516306000004988,0.6941850000002887,0.2331845000007888,81.583984375,3374.0,0
0,489,0.6701180092706452,0.0292273312807083,0.328125,0.9436368942260742,1.33493173122406,501.7278743674562,1.0204734999933862,0.6930382999998983,0.2830413999981829,124.66748046875,3374.0,0
0,490,0.7148872313783639,0.0131733939051628,0.203125,0.971336543560028,0.8605096936225891,360.6785434161208,1.4195466000019223,0.816655599999649,0.5485295999969821,540.69921875,3374.0,0
0,491,0.7491440867812731,0.0256742164492607,0.078125,0.939598023891449,0.5443176031112671,305.514397635022,1.6758620999971754,0.8790884999980335,0.7264367000025231,850.45654296875,3374.0,0
0,492,0.7355721368257943,0.0387496575713157,0.09375,0.9603467583656312,0.7557992339134216,302.1244304194902,1.6946659999957774,0.8940816999966046,0.7537825999970664,869.35595703125,3374.0,0
0,493,0.7123855761657205,0.0250840373337268,0.1875,0.8595784902572632,1.008326768875122,522.525385597918,0.9798567000034382,0.7179136999984621,0.2389770000008866,82.974609375,3374.0,0
0,494,0.7763699437245274,0.0316296443343162,0.234375,0.9351850748062134,1.661351442337036,281.6421054950911,1.817909999997937,0.9069157000049016,0.8636583000043174,1029.24267578125,3374.0,0
0,495,0.7518821196424295,0.0231348276138305,0.1875,0.9840005040168762,1.5908551216125488,366.6919125453458,1.3962675000002491,0.8299611000038567,0.5277332000041497,515.29833984375,3374.0,0
0,496,0.6991593124765961,0.0083075650036335,0.234375,0.888711154460907,0.7936307787895203,510.9636634955862,1.0020282000041334,0.7167277000044123,0.2522009000022081,82.974609375,3374.0,0
0,497,0.7254723105709937,0.0026387274265289,0.15625,0.9421473741531372,1.4588948488235474,484.25147065360346,1.0573019000003114,0.7106538000007276,0.2681804000021657,104.07373046875,3374.0,0
0,498,0.7112069865999483,0.0155909731984138,0.203125,0.958668291568756,0.9181475043296814,498.7450036638108,1.0265766999946209,0.7211432999974932,0.2674440999981016,101.53857421875,3374.0,0
0,499,0.7612745255932893,0.0393104553222656,0.421875,0.8887558579444885,0.5493960380554199,301.33484863888407,1.699106500003836,0.9038925999993808,0.7470638999948278,854.52783203125,3374.0,0
0,500,0.7033259406872274,0.0087634325027465,0.171875,0.9016783833503724,1.196753978729248,501.3948471711174,1.021151299995836,0.7199127999992925,0.2709037999957218,100.751953125,3374.0,0
0,501,0.7248307193254068,0.0161346122622489,0.140625,0.9160392880439758,1.5268938541412354,458.8381000523157,1.1158619999987422,0.8127860000022338,0.2791529000023729,80.18896484375,3374.0,0
0,502,0.6994716881534083,0.01473930478096,0.3125,0.960575520992279,0.5957633256912231,524.9444476513773,0.9753412999998544,0.7172684000033769,0.2385180000055697,82.974609375,3374.0,0
0,503,0.767891718852976,0.0036211758852005,0.15625,0.871046245098114,0.3205485045909881,257.6100240088196,1.9875002999979188,0.9979878000012832,0.9273006999937934,1061.31640625,3374.0,0
0,504,0.694641451568157,0.0392896756529808,0.15625,0.9454550743103028,1.2917261123657229,472.360411733352,1.0839180999973903,0.7679347000012058,0.2967666000040481,90.0908203125,3374.0,0
0,505,0.7580839123264593,0.0261833369731903,0.046875,0.8861182928085327,1.836602568626404,289.030719674647,1.7714380000033998,0.9351188000000548,0.7621737000008579,856.43603515625,3374.0,0
0,506,0.761576671815213,0.0008815824985504,0.328125,0.8537545204162598,0.7476585507392883,265.4911768256439,1.928501000002143,0.9734114000020782,0.8865784000008716,1029.5439453125,3374.0,0
0,507,0.7376143160218627,0.0024398788809776,0.171875,0.9799327850341796,0.6671788692474365,406.0796146057672,1.260836499997822,0.8160149999966961,0.3910087999975076,342.79638671875,3374.0,0
0,508,0.7639826277270967,0.0231480300426483,0.15625,0.9313861131668092,1.053017020225525,282.07008813634656,1.8151517000005697,0.9149620000025608,0.765215100000205,832.82421875,3374.0,0
0,509,0.6655894922251928,0.0147010646760463,0.171875,0.9302898645401,1.0138274431228638,445.8668836550577,1.1483248000004096,0.7872719000006327,0.3286791999998968,103.21044921875,3374.0,0
0,510,0.743342573676707,0.0174360275268554,0.125,0.9792001247406006,0.7291824817657471,281.31569813555086,1.8200193000011493,1.000580699997954,0.7527534999971977,823.33203125,3374.0,0
0,511,0.6812830362318808,0.0313405059278011,0.359375,0.8739997148513794,0.8093804121017456,455.8006463291313,1.1232980999993742,0.8055378999997629,0.2728711000017938,104.0986328125,3374.0,0
0,512,0.7487227177837384,0.0239171609282493,0.171875,0.9589487314224244,1.111169695854187,427.2384541314337,1.198393999999098,0.7813666000001831,0.3762227999977767,171.1796875,3374.0,0
0,513,0.7295223405130494,0.0351729243993759,0.265625,0.988818347454071,0.8513133525848389,400.9727661981464,1.276894699993136,0.7694843999997829,0.4108130000022356,327.11865234375,3374.0,0
0,514,0.7193796561988705,0.007754661142826,0.421875,0.9599883556365968,0.7833796739578247,494.9915459896244,1.0343610999989323,0.7439152000006288,0.2648981000020285,123.85009765625,3374.0,0
0,515,0.7046833391720226,0.0394127592444419,0.390625,0.9191348552703856,0.9347075819969176,505.4040226404355,1.0130509000009624,0.7636614000002737,0.2358940000049187,84.369140625,3374.0,0
0,516,0.7088376894855867,0.0233817994594573,0.25,0.9551880955696106,0.7828817367553711,504.9832078266817,1.0138951000044472,0.7152533000044059,0.2720088999994914,129.85546875,3374.0,0
0,517,0.7425811180507214,0.0271348133683204,0.203125,0.9158926606178284,0.7653193473815918,295.0968845715734,1.7350234000041382,0.910844400001224,0.7491462000034517,869.0302734375,3374.0,0
0,518,0.685745028605542,0.0135300122201442,0.21875,0.9587814807891846,0.7348588109016418,497.7089349554875,1.028713699997752,0.7266960999986622,0.2657466999953612,106.31201171875,3374.0,0
0,519,0.7485869754218398,0.0128023698925971,0.4375,0.9898614287376404,0.8604539632797241,450.86198735678425,1.1356025000059162,0.7591845999995712,0.3297425999990082,224.26416015625,3374.0,0
0,520,0.7292555382322473,0.0146431699395179,0.328125,0.9656102061271667,1.518038272857666,504.3366549619288,1.015194899999187,0.7238345000005211,0.2680191999970702,121.33837890625,3374.0,0
0,521,0.7532474988031855,0.0203251391649246,0.15625,0.9765750765800476,1.2879220247268677,468.1287522282866,1.0937162000045646,0.7351894000021275,0.3074008999974467,218.68359375,3374.0,0
0,522,0.7691472784701814,0.0162162482738494,0.359375,0.9812797904014589,1.8033809661865237,440.2624858699144,1.1629425999999512,0.765685599995777,0.3671472999994876,314.244140625,3374.0,0
0,523,0.7262834509875491,0.0027751252055168,0.15625,0.9873366355895996,1.2913113832473757,462.10670838205874,1.1079691999984789,0.7738622000033502,0.2927879000053508,176.71875,3374.0,0
0,524,0.741454862269609,0.0279072523117065,0.171875,0.9425324201583862,1.5146079063415527,373.5333799116432,1.370694100005494,0.8078735000017332,0.5213222000020323,537.21435546875,3374.0,0
0,525,0.7577321808552668,0.0131472423672676,0.140625,0.8449361324310303,1.1077568531036377,275.02546402709254,1.8616458000033165,0.919831899998826,0.8575924999968265,1044.32421875,3374.0,0
0,526,0.7741865699548898,0.016435407102108,0.359375,0.7864934206008911,1.1180013418197632,261.35239245650433,1.9590408000003663,0.968969699999434,0.8953619000021718,1035.70654296875,3374.0,0
0,527,0.7614896231285784,0.0007507652044296,0.1875,0.9581599831581116,0.6968017220497131,288.0064117429737,1.7777381999985664,0.9765970000007655,0.7473950999992667,837.7451171875,3374.0,0
0,528,0.778298877792471,0.0063477307558059,0.109375,0.9431614875793456,0.8669400215148926,291.35909171594614,1.7572816999963834,0.9888353000060306,0.7045209999996587,800.94580078125,3374.0,0
0,529,0.7498120360865093,0.0226107016205787,0.171875,0.9377771019935608,1.217660665512085,395.1990112611605,1.2955498000010266,0.8348708999983501,0.4002353999967454,322.296875,3374.0,0
0,530,0.7198637252444151,0.0316918343305587,0.1875,0.9479436874389648,0.9078811407089232,450.7882719678695,1.135788200001116,0.7734656000029645,0.3197948999950313,174.76953125,3374.0,0
0,531,0.73568627010547,0.0393408760428428,0.09375,0.9614495635032654,0.8551408052444458,493.8269699719136,1.0368004000047222,0.720262000002549,0.3015249000018229,127.701171875,3374.0,0
0,532,0.7313581058926865,0.004874363541603,0.078125,0.9738942980766296,0.9172825813293456,444.6986406723117,1.1513415000008536,0.738575999996101,0.3561190999971586,231.66259765625,3374.0,0
0,533,0.6779606514251492,0.0326457545161247,0.34375,0.925991415977478,1.202821135520935,500.1518038894452,1.0236891999957152,0.7020643999931053,0.2808853000024101,80.18896484375,3374.0,0
0,534,0.6994932307631834,0.0097796693444252,0.140625,0.9300802946090698,1.6767141819000244,520.6581281442462,0.9833708000005572,0.6888634999995702,0.2596861999991233,80.18896484375,3374.0,0
0,535,0.7348272382141694,0.0061771422624588,0.265625,0.98723566532135,1.3156534433364868,382.3995527126952,1.3389136999976472,0.7974915000013425,0.4166126999989501,335.732421875,3374.0,0
0,536,0.7723909124446801,0.0255190506577491,0.140625,0.9113383889198304,0.5737779140472412,256.056191530599,1.9995611000049396,1.02690640000219,0.911612600000808,1079.24755859375,3374.0,0
0,537,0.7202156583594214,0.0111245885491371,0.265625,0.9817497730255128,1.4375489950180054,452.326189024408,1.1319264999983716,0.7525427000000491,0.3500015999961761,183.138671875,3374.0,0
0,538,0.7281874572083107,0.0168919637799263,0.203125,0.9905939102172852,1.4743101596832275,380.9308685616817,1.3440759000004618,0.8799951000037254,0.4223153999992064,337.81494140625,3374.0,0
0,539,0.7357503884919416,0.0409443825483322,0.28125,0.8980857729911804,0.8608869910240173,297.4302836780608,1.7214117999974403,0.9314271999974152,0.7322652000002563,872.57080078125,3374.0,0
0,540,0.7328738426699037,0.0175010785460472,0.140625,0.9602146744728088,0.9176881909370422,477.31499871972295,1.0726668999996036,0.7211061000052723,0.3079692000028444,225.49755859375,3374.0,0
0,541,0.7433860788619657,0.01143529266119,0.234375,0.9694637656211852,1.2193446159362793,444.8431041851925,1.150967599998694,0.7366435000003548,0.4000154999957885,344.05859375,3374.0,0
0,542,0.7589616641258925,0.0057459995150566,0.265625,0.9488908648490906,1.222944259643555,301.9145094871048,1.6958442999966792,0.8990861999991466,0.7430531999998493,884.5791015625,3374.0,0
0,543,0.7411284825353718,0.0352760925889015,0.234375,0.9118501543998718,0.9436563849449158,494.5702561199527,1.0352421999996295,0.6993147999965004,0.2789174000063212,172.439453125,3374.0,0
0,544,0.797520601234415,0.0037789270281791,0.421875,0.9446769952774048,1.1571389436721802,318.91705733387204,1.6054331000050297,0.8643420000007609,0.6889093999998295,803.41064453125,3374.0,0
0,545,0.6772671504402128,0.0057749301195144,0.109375,0.8895519971847534,1.113564133644104,517.0344680191841,0.9902628000054392,0.7008631999997306,0.2426721999945584,82.974609375,3374.0,0
0,546,0.7430760730307105,0.0158743634819984,0.328125,0.98091322183609,1.1099711656570437,479.094944736457,1.068681699995068,0.7158484000028693,0.3194437000056496,231.89111328125,3374.0,0
0,547,0.7051004335662993,0.0462692975997924,0.203125,0.9699043035507202,1.8382819890975952,518.615826515024,0.9872432999982266,0.6643049999984214,0.2915468999999575,176.041015625,3374.0,0
0,548,0.7211522598692721,0.0246667116880416,0.34375,0.9637219905853271,1.1470354795455933,447.1576276921725,1.1450101000009454,0.7349711999995634,0.3641852000000654,318.455078125,3374.0,0
0,549,0.7614037449207148,0.0100711733102798,0.265625,0.927760362625122,0.9420391321182252,302.26633631500704,1.6938703999985592,0.8876649000012549,0.7358483999996679,864.7939453125,3374.0,0
0,550,0.6754939151778411,0.0063128322362899,0.203125,0.9155170917510986,0.7028588652610779,522.1551341275996,0.980551499997091,0.720982599996205,0.2413753000000724,85.76025390625,3374.0,0
0,551,0.7435611719037235,0.0033289790153503,0.125,0.987485408782959,1.5355093479156494,428.6840179294204,1.1943529000054696,0.7573564999984228,0.3983103999999002,328.05859375,3374.0,0
0,552,0.6979526243021493,0.0132819488644599,0.203125,0.967187225818634,0.7320694327354431,416.9910495985079,1.2278440999943996,0.757927099999506,0.3618525000056252,319.46923828125,3374.0,0
0,553,0.7018552250646455,0.0183016806840896,0.125,0.9675066471099854,1.2363414764404297,494.80933411602825,1.0347419999961858,0.7291559999939636,0.2705846000026213,130.373046875,3374.0,0
0,554,0.7742362494705853,0.0322181582450866,0.453125,0.8778520822525024,1.7814549207687378,306.7047883152594,1.6693576999969082,0.8885487000006833,0.7242917999974452,811.591796875,3374.0,0
0,555,0.7520966197649697,0.0613311007618904,0.515625,0.968204140663147,2.9543285369873047,307.179240826627,1.666779300001508,0.888054099996225,0.7298748999965028,850.92138671875,3374.0,0
0,556,0.6435398696357509,0.0455965250730514,0.15625,0.8862957954406738,1.3918888568878174,522.5247456810142,0.9798578999980236,0.7053289000032237,0.2522863000049256,81.583984375,3374.0,0
0,557,0.6870930847547286,0.0150516256690025,0.203125,0.9788460731506348,1.697097897529602,453.5703427349745,1.1288216000029934,0.7704817999983788,0.3272013000023435,227.10693359375,3374.0,0
0,558,0.7020037210457326,0.0262253358960151,0.34375,0.9637153744697572,1.1199229955673218,464.281138188064,1.1027801000018371,0.756477700000687,0.2957553000014741,175.244140625,3374.0,0
0,559,0.72198462023712,0.0094601809978485,0.296875,0.9864996075630188,1.491468906402588,429.559102887406,1.191919799995958,0.7843247000055271,0.3791834000003291,319.5654296875,3374.0,0
0,560,0.7481752642941057,0.0257925689220428,0.0625,0.9066928029060364,1.3635780811309814,297.6389788000482,1.7202048000035577,0.883561099995859,0.7317076999970595,837.30419921875,3374.0,0
0,561,0.6856113551930245,0.0266386941075325,0.125,0.9742320775985718,1.7271534204483032,477.6566314925071,1.0718997000003585,0.7271271999998135,0.2853478000033647,173.529296875,3374.0,0
0,562,0.6642074149905829,0.0799667611718177,0.265625,0.9250670671463012,1.181147813796997,503.5597841028191,1.0167610999997123,0.6988087999998243,0.2755267000029562,104.38671875,3374.0,0
0,563,0.7518124604178438,0.0528349429368972,0.265625,0.8993858098983765,1.0455430746078491,269.50247842191555,1.899797000005492,0.9396186999947532,0.8707276999994065,1038.64501953125,3374.0,0
0,564,0.6976613766640566,0.0632984712719917,0.265625,0.9678738713264464,0.7414929866790771,466.6567380580028,1.0971662000010838,0.7566852000018116,0.3124777999983053,234.80908203125,3374.0,0
0,565,0.7628353968905075,0.0232509225606918,0.109375,0.9067331552505492,1.0945111513137815,303.669111697224,1.6860457000002498,0.8868579999980284,0.7139738999976544,836.64599609375,3374.0,0
0,566,0.7386968927489017,0.0317880287766456,0.125,0.96415913105011,0.7457693815231323,299.78381605428945,1.707897399996,0.8951286000010441,0.7204685999968206,842.3759765625,3374.0,0
0,567,0.7177570399791927,0.0578768923878669,0.296875,0.9609866738319396,1.1082420349121094,492.2624420287885,1.040095600001223,0.7221501000021817,0.2811631999938981,176.37109375,3374.0,0
0,568,0.6817597156302881,0.0188119113445281,0.203125,0.8824382424354553,0.7337269186973572,525.61009524406,0.9741061000022456,0.7113002000041888,0.2367809999996097,78.79833984375,3374.0,0
0,569,0.7115894652269945,0.0605991184711456,0.3125,0.9706207513809204,1.0241514444351196,458.852040021964,1.1158281000025454,0.7337788999939221,0.2855344999989029,127.26171875,3374.0,0
0,570,0.6830904207674837,0.0220867469906806,0.171875,0.9321067333221436,2.0177886486053467,498.5248726923877,1.0270299999974668,0.7308334000044852,0.2669656999933067,124.15771484375,3374.0,0
0,571,0.7774052001113314,0.0358806997537612,0.296875,0.9277154207229614,1.3427064418792725,279.8167724793561,1.829768800002057,0.9382082000010996,0.8398288000025786,1013.93408203125,3374.0,0
0,572,0.7313187160908697,0.0339866578578949,0.3125,0.988210678100586,1.208695411682129,479.0813166609828,1.0687121000009938,0.7419472000037786,0.282842000000528,169.62451171875,3374.0,0
0,573,0.6650023145811075,0.0074063464999198,0.1875,0.9311825037002563,0.8784849643707275,519.8741701433445,0.9848536999998032,0.7275996000025771,0.2424581000013859,82.974609375,3374.0,0
0,574,0.7569124233836207,0.0136297419667243,0.40625,0.9688205122947692,1.7886003255844116,358.6258912758412,1.4276716000022134,0.8511748999953852,0.5184551999991527,522.24462890625,3374.0,0
0,575,0.6969404216648204,0.0131333246827125,0.28125,0.9658941626548768,1.4021776914596558,469.28532153200376,1.091020700005174,0.7549024000036297,0.3063429000030737,221.33984375,3374.0,0
0,576,0.691705597425834,0.013138860464096,0.171875,0.953127920627594,1.8741343021392824,521.7166065956555,0.981375700001081,0.6824115999988862,0.277449200002593,121.33837890625,3374.0,0
0,577,0.7435885890027147,0.0055911168456077,0.109375,0.9468652606010436,2.16518497467041,359.8023982098496,1.423003299998527,0.8087465999997221,0.5446365000025253,547.93798828125,3374.0,0
0,578,0.685707803744682,0.007048062980175,0.15625,0.9691609144210817,1.4247148036956787,511.4076876158732,1.0011582000006456,0.6988455000027898,0.2725654000023496,177.181640625,3374.0,0
0,579,0.7097996733369947,0.00094635784626,0.25,0.9619295001029968,1.9501432180404663,481.3536114810632,1.063667100002931,0.6992078000039328,0.3070837000050233,235.97607421875,3374.0,0
0,580,0.7036251793124864,0.0155126750469207,0.265625,0.9737579822540284,1.675574541091919,449.8030749849888,1.1382758999970974,0.7323758999991696,0.3640271999975084,324.51611328125,3374.0,0
0,581,0.7363622015231395,0.0063083916902542,0.078125,0.9871164560317992,1.434622883796692,362.9436259233341,1.4106873999990055,0.7931036000009044,0.4982417999999597,519.02587890625,3374.0,0
0,582,0.7337512188683928,0.0086275562644004,0.125,0.9430611729621888,0.8580572009086609,317.65936666453285,1.611789399998088,0.8592395999949076,0.703165999999328,832.61865234375,3374.0,0
0,583,0.659327579953855,0.0695717930793762,0.234375,0.957660436630249,1.0785549879074097,528.888630413118,0.9680676999996648,0.6907915000047069,0.2490940999996382,106.33251953125,3374.0,0
0,584,0.6687827528813113,0.0007699579000473,0.1875,0.982934296131134,1.1479653120040894,500.1362675938919,1.0237210000050254,0.7053026000066893,0.2968248000033782,178.51318359375,3374.0,0
0,585,0.6977520585251921,0.0158219933509826,0.25,0.9721922874450684,1.0759608745574951,487.6103170721656,1.0500188000005437,0.7128403000024264,0.3154259999937494,220.2421875,3374.0,0
0,586,0.727523982499231,0.0147323831915855,0.09375,0.9673847556114196,0.9593579173088074,382.2513529608925,1.3394327999994855,0.7911772000006749,0.5092892000029678,538.53369140625,3374.0,0
0,587,0.7544760036089717,0.0553591921925544,0.34375,0.953004777431488,1.400712490081787,309.8249047545948,1.6525462999998126,0.8780733000021428,0.7220906000002287,856.84765625,3374.0,0
0,588,0.7257889629355015,0.0092379227280616,0.453125,0.8847169876098633,0.6522448062896729,274.14728948719824,1.8676091999950584,0.9303725999998278,0.8697217000008095,1053.04052734375,3374.0,0
0,589,0.7186933162356921,0.0055343955755233,0.265625,0.9845289587974548,1.0148171186447144,378.40409403737686,1.35305089999747,0.8014278999980888,0.5108051000061096,524.02099609375,3374.0,0
0,590,0.7553311228138678,0.0231235027313232,0.109375,0.9814038276672364,1.8312844038009644,365.4309462214196,1.401085499994224,0.813590199999453,0.5319421000021975,565.8974609375,3374.0,0
0,591,0.7544452575354715,0.0268107876181602,0.28125,0.970268189907074,0.7853346467018127,363.5427410528209,1.4083625999992364,0.8303276000006008,0.5313180000011926,550.14306640625,3374.0,0
0,592,0.6853202931904724,0.0157390013337135,0.171875,0.9705595970153807,1.6194404363632202,472.8721469160006,1.0827451000004658,0.7245665999944322,0.3202862999969511,236.39599609375,3374.0,0
0,593,0.7464568658766098,0.0251125022768974,0.140625,0.9710513353347778,1.6234197616577148,296.91356034405817,1.7244075999988129,0.8935344999990775,0.7360842000052799,858.326171875,3374.0,0
0,594,0.7552667495172235,0.0170282423496246,0.15625,0.9646908044815063,1.5709669589996338,295.6983114882128,1.731494499996188,0.8870021000038832,0.7433747000031872,871.03076171875,3374.0,0
0,595,0.7498310476823656,0.0217174142599105,0.796875,0.9695855975151062,2.287930727005005,303.93738415038,1.6845574999970268,0.9155127000049106,0.7174067000014475,840.80615234375,3374.0,0
0,596,0.7088154289018094,0.0222892388701438,0.203125,0.9136104583740234,1.4852802753448486,479.4059560954241,1.0679883999982849,0.7451685000050929,0.2967684000032022,179.080078125,3374.0,0
0,597,0.7951332453409152,0.0520650818943977,0.078125,0.9481638669967652,1.096682906150818,268.842173943974,1.9044630999997023,0.9517565000060132,0.8793182000008528,1045.94677734375,3374.0,0
0,598,0.6975838077519829,0.0036044046282768,0.203125,0.9466891288757324,1.5300579071044922,493.5291294467553,1.0374261000033584,0.7399828999987221,0.2742208999989088,125.13427734375,3374.0,0
0,599,0.6916013391956969,0.0430513992905616,0.296875,0.9636964201927184,1.7822173833847046,509.2760352680706,1.005348700004106,0.6992714999942109,0.2735059999977238,127.48828125,3374.0,0
0,600,0.7550955959422151,0.0172657445073127,0.140625,0.9188835620880128,0.8813208341598511,299.61924363086325,1.7088355000014417,0.9157561999963946,0.7389793999973335,850.4482421875,3374.0,0
0,601,0.7629847125204879,0.0386418029665946,0.203125,0.9613350033760072,1.3067944049835205,249.64467079330387,2.0509149999998044,1.259735700004967,0.7228544999961741,535.73193359375,718.0,0
0,602,0.6750160092755507,0.0615897551178932,0.40625,0.9287550449371338,2.5629961490631104,477.725890399925,1.071744300003047,0.7499230999965221,0.3013864000022295,99.44287109375,718.0,0
0,603,0.6665453759139477,0.0416628271341323,0.140625,0.9689431190490724,1.2294445037841797,446.03716883409487,1.1478864000018802,0.8328595999992103,0.2820549000025494,125.47412109375,718.0,0
0,604,0.7798232701282343,0.0032751187682151,0.21875,0.8109340071678162,1.5815438032150269,270.1445099005416,1.8952819000041927,0.993457299999136,0.7973313000038615,840.47119140625,1452.0,0
0,605,0.7239759296640799,0.0070216655731201,0.125,0.9735965132713318,1.8643757104873655,333.81958850657225,1.5337626000036837,1.0310043999998015,0.4172526000038488,327.86572265625,1452.0,0
0,606,0.7849804151373261,0.0056767612695693,0.09375,0.8907765746116638,1.2043884992599487,231.2553743164001,2.214002599997912,1.1841897000049355,0.9535161000021616,1053.185546875,2248.0,0
0,607,0.7352465276354356,0.0128293484449386,0.234375,0.9690308570861816,1.428005576133728,401.70438778265446,1.274569099994551,0.8609092999977292,0.3518544000035035,226.57568359375,2248.0,0
0,608,0.7222834166320758,0.0044723227620124,0.359375,0.9830661416053772,1.005488634109497,325.58870985528324,1.572536100000434,0.9714966999963508,0.4592670999991242,337.3017578125,2248.0,0
0,609,0.6657563091290087,0.0147259533405303,0.140625,0.95876544713974,1.5864639282226562,414.8731035253172,1.234112300000561,0.8582666999936919,0.2924733000036212,103.43310546875,2248.0,0
0,610,0.7440165135245517,0.0142731964588165,0.234375,0.8500418663024902,1.234899640083313,231.76256106745785,2.209157499994035,1.156538700000965,0.9913182999953278,1065.09765625,3056.0,0
0,611,0.7551822788751779,0.0030566304922103,0.171875,0.912426769733429,1.7707563638687134,267.0299525723296,1.917387900000904,1.107402199995704,0.7561507999998867,810.1376953125,3056.0,0
0,612,0.6820689095534453,0.0039567276835441,0.21875,0.9109114408493042,1.832278847694397,435.7449775296751,1.1749991999968188,0.8322342999963439,0.3194918000008329,83.3671875,3056.0,0
0,613,0.728949545520492,0.0090399384498596,0.296875,0.991022288799286,2.2242419719696045,302.6430073925729,1.6917621999964467,1.0101941999964763,0.6098990999962552,556.56689453125,3056.0,0
0,614,0.696871128800719,0.0238186344504356,0.203125,0.9778846502304076,1.419232964515686,378.3654479623154,1.353189100002055,0.9021218999987468,0.4039265000028536,323.52783203125,3056.0,0
0,615,0.7632782340948577,0.0408907830715179,0.375,0.9676884412765504,1.2644439935684204,269.55026485916505,1.899460200002068,1.056919299997389,0.8026465000002645,883.4326171875,3056.0,0
0,616,0.6888934015602244,0.0094047784805297,0.078125,0.9744346141815186,1.5328691005706787,335.6839074446494,1.5252443999997922,0.9252267999981996,0.5512824000034016,524.40869140625,3058.0,0
0,617,0.7192183969527993,0.0273819416761398,0.28125,0.9285650849342346,2.086361885070801,387.8896899296354,1.3199629000009736,0.8876143000015873,0.385805399993842,220.189453125,3058.0,0
0,618,0.654331850477801,0.0508862286806106,0.21875,0.9487231969833374,1.117192625999451,418.14323496386487,1.224460800003726,0.8614981999999145,0.3262195999996038,172.966796875,3058.0,0
0,619,0.7497654456392041,0.0397675186395645,0.28125,0.9168485403060912,1.274898648262024,270.00844303732805,1.8962370000008375,1.038919899998291,0.7876128999996581,834.13916015625,3058.0,0
0,620,0.6840174239615762,0.0164479464292526,0.15625,0.9618987441062928,2.2376203536987305,409.52893853860405,1.2502168999999412,0.8553507999968133,0.3632020000004559,229.376953125,3058.0,0
0,621,0.6639428545537525,0.0364523231983184,0.28125,0.94514137506485,1.4582606554031372,443.2612217178127,1.1550750999958836,0.8231429000006756,0.3029956999962451,105.0732421875,3058.0,0
0,622,0.6704232100838219,0.002070240676403,0.15625,0.9774755835533142,1.1879656314849854,417.2007637699673,1.2272269000022789,0.8687055999980657,0.340177300000505,174.0390625,3058.0,0
0,623,0.7349586583870679,0.0091232135891914,0.140625,0.9061821699142456,1.2812095880508425,283.705549102626,1.8046880000038072,0.9963924000039696,0.7723908999978448,831.625,3058.0,0
0,624,0.6946087448816664,0.0244881510734558,0.203125,0.9583602547645568,0.8455181121826172,398.6333726823236,1.2843882000015585,0.8349864999981946,0.4157873999938601,325.75927734375,3058.0,0
0,625,0.6497299538676703,0.0359772741794586,0.171875,0.9640428423881532,1.3512715101242063,449.0245336655759,1.140249500000209,0.803617800003849,0.3072772000014083,169.04248046875,3058.0,0
0,626,0.7013838607532064,0.001205563545227,0.125,0.9753087162971495,1.4042624235153198,384.3864044331187,1.331992999999784,0.8789258000033442,0.415227400000731,309.51171875,3058.0,0
0,627,0.6541511304152373,0.0255266055464744,0.09375,0.8975957036018372,1.2444247007369995,429.5753932525147,1.1918745999937528,0.8622201999969548,0.298540799994953,101.18896484375,3058.0,0
0,628,0.5970013955073026,0.0400681570172309,0.375,0.9557890892028807,1.0306000709533691,454.3998239202566,1.126760999999533,0.7700490999995964,0.3169573999985005,102.92919921875,3058.0,0
0,629,0.6446668597857467,0.034796804189682,0.21875,0.9752722382545472,1.9329502582550049,422.0086060076009,1.2132454000020516,0.858659900004568,0.3206361999982619,103.43310546875,3058.0,0
0,630,0.6513329166257288,0.0113091319799423,0.21875,0.9656038880348206,1.5135352611541748,409.57578587873206,1.2500739000024623,0.8630706999974791,0.3531321999980719,101.71630859375,3058.0,0
0,631,0.7399831579156648,0.0446495041251182,0.265625,0.9071083068847656,2.325883626937866,239.26038633110488,2.139927999996871,1.1045772999932524,0.9883721000005607,1082.017578125,3878.0,0
0,632,0.7755614612938978,0.0083559602499008,0.484375,0.797858476638794,3.78139853477478,252.309494258503,2.029253799999424,1.0519292000026326,0.914169600000605,1045.73681640625,3878.0,0
0,633,0.6920271057654853,0.0167117044329643,0.34375,0.9026434421539308,2.1974010467529297,446.3697238567971,1.1470312000019476,0.7965435000005527,0.3091973000045982,173.271484375,3878.0,0
0,634,0.6597675442417297,0.0479303002357482,0.140625,0.952948033809662,0.8780233263969421,436.7310984358105,1.1723461000001407,0.8141166999994311,0.3101730999987921,82.1484375,3878.0,0
0,635,0.7292279973969191,0.016507476568222,0.5,0.9537533521652222,1.9927831888198853,369.33135875659104,1.3862890000018524,0.8858835999999428,0.465945299998566,337.35498046875,3878.0,0
0,636,0.7428200114916782,0.0232935100793838,0.3125,0.9472463130950928,1.2411746978759766,374.55569976015965,1.3669529000035254,0.9242185999974026,0.4091971999951056,325.2392578125,3878.0,0
0,637,0.6525617252748849,0.0294151306152343,0.234375,0.8875600099563599,1.5495840311050415,469.477239844403,1.0905746999997064,0.7739186999970116,0.3098345999969751,83.3671875,3878.0,0
0,638,0.6621736519482899,0.008024014532566,0.265625,0.952096700668335,2.311117887496948,415.03261086141913,1.2336380000051577,0.8674845999994432,0.3288162000026204,172.60546875,3878.0,0
0,639,0.6363916196500212,0.0091085508465766,0.234375,0.9295345544815063,1.3348402976989746,459.4737840585756,1.1143182000014349,0.8158480000056443,0.2723254000011366,103.78857421875,3878.0,0
0,640,0.688150773682398,0.0227739587426185,0.34375,0.976042866706848,1.3376822471618652,421.8141518138321,1.2138047000044023,0.8203666000044905,0.3598055000038584,231.61572265625,3878.0,0
0,641,0.7429765574466033,0.0231167525053024,0.203125,0.9552770256996156,2.068455457687378,331.40580725341584,1.544933699995454,0.9118005000054836,0.5376421999972081,510.3173828125,3878.0,0
0,642,0.6801661207092917,0.0053974688053131,0.203125,0.962493360042572,1.2180358171463013,425.84400701998,1.202318199997535,0.8544995999982348,0.3028062000012141,122.4697265625,3878.0,0
0,643,0.7263784071076016,0.0007441490888595,0.171875,0.9588318467140198,0.9898080825805664,317.7811724101069,1.6111715999941223,0.9554649000056088,0.5952499000050011,547.15283203125,3878.0,0
0,644,0.649601456956994,0.0472847819328308,0.171875,0.9433631896972656,0.8844190239906311,457.2990329284691,1.119617500000459,0.8003652000043076,0.2946617999987211,83.3671875,3878.0,0
0,645,0.7167233363792549,0.0201323106884956,0.3125,0.9657461643218994,2.6789698600769043,326.5374220500353,1.56796729999769,0.9405379999952856,0.5832229000006919,544.6474609375,3878.0,0
0,646,0.719418657547427,0.018963523209095,0.265625,0.9827843308448792,1.15565025806427,331.3571203306891,1.545160699999542,0.9609431000062614,0.5422504000016488,514.62353515625,3878.0,0
0,647,0.6605151872664046,0.0107173845171928,0.203125,0.9237821102142334,2.117938280105591,421.3941826518196,1.2150144000042928,0.8357219999961671,0.3504128999993554,125.90966796875,3878.0,0
0,648,0.7179518307967121,0.0597755014896392,0.421875,0.9813622236251832,1.8019319772720337,368.90045257332594,1.3879082999992534,0.9380187999995542,0.4093494000044302,325.9208984375,3878.0,0
0,649,0.5840523762151484,0.016762338578701,0.359375,0.9206918478012084,2.3365955352783203,425.457516405869,1.203410399997665,0.8538152999972226,0.3052870000028633,84.58984375,3878.0,0
0,650,0.6183531898645132,0.0236008763313293,0.265625,0.9737204313278198,1.2830917835235596,409.1446056880031,1.2513913000002503,0.8942318000044907,0.3176306999957887,105.6650390625,3878.0,0
0,651,0.7203124316459395,0.0363731756806373,0.25,0.8820159435272217,2.0097599029541016,272.1780597379512,1.8811214999950607,1.0183204999993904,0.8042596999948728,847.97705078125,3878.0,0
0,652,0.6290161498528388,0.0161982327699661,0.25,0.960737943649292,1.141121506690979,438.547503258909,1.167490400002862,0.821596399997361,0.3086823999983608,132.10205078125,3878.0,0
0,653,0.6278536163868845,0.0017668530344963,0.171875,0.9632784128189088,1.5330818891525269,451.8413461486523,1.133141099999193,0.8083906000028946,0.308899100004055,107.75390625,3878.0,0
0,654,0.7451120613710214,0.0053951665759086,0.203125,0.9175013303756714,1.3468321561813354,257.521954752551,1.988180000000284,1.121358999997028,0.8167528999983915,864.79150390625,3878.0,0
0,655,0.7568523945644223,0.0280618146061897,0.140625,0.9628376960754396,0.9414568543434144,276.06699218469754,1.8546223000012103,1.02173930000572,0.7832765999992262,849.16650390625,3878.0,0
0,656,0.6161923375700645,0.0023645013570785,0.328125,0.9193614721298218,1.006935715675354,434.0235466259172,1.179659499997797,0.7848253999982262,0.3773049999945215,108.16650390625,3878.0,0
0,657,0.6876504178967672,0.0389560684561729,0.25,0.9511255621910096,1.3733572959899902,400.0734197236424,1.279765100000077,0.8679644000003464,0.3804467999943881,223.169921875,3878.0,0
0,658,0.7561202420982526,0.0085092857480049,0.234375,0.9127984046936036,2.396202325820923,252.55080007568307,2.0273148999986006,1.0398863000009442,0.9169443000064348,1047.11279296875,3878.0,0
0,659,0.6152968503961112,0.0288624688982963,0.234375,0.9190524816513062,1.5299232006072998,468.061220945726,1.093873999998323,0.7821321000010357,0.2893662999995285,102.06396484375,3878.0,0
0,660,0.729224845418104,0.010352000594139,0.21875,0.9366551637649536,1.8714194297790527,248.952539484384,2.056616899993969,1.1371933999980683,0.8618710000009742,877.74267578125,3878.0,0
0,661,0.6133828761866718,0.014917604625225,0.328125,0.8779261112213135,1.369175910949707,453.2027448518806,1.12973719999718,0.8185487000009743,0.2818620999969425,82.1484375,3878.0,0
0,662,0.6439675419015918,0.0029832199215888,0.34375,0.9451935291290284,1.6737475395202637,411.2247324677649,1.2450613000037265,0.8639517999981763,0.3546057999992626,106.64453125,3878.0,0
0,663,0.730903977576354,0.0041383057832717,0.375,0.9546831250190736,2.6246438026428223,323.9012488356575,1.580728699998872,0.9175142999956734,0.6048212000023341,556.75732421875,3878.0,0
0,664,0.6995805118194578,0.0102706104516983,0.21875,0.9680263996124268,1.0261486768722534,413.2018641219052,1.239103799998702,0.8643904000055045,0.3564259999984642,223.92822265625,3878.0,0
0,665,0.7596036808471557,0.0339963883161544,0.453125,0.9161964058876038,1.862328290939331,240.7102645294816,2.127038500002527,1.0526555999967968,0.9984135999984574,1098.1162109375,4710.0,0
0,666,0.6624827981326011,0.0003306344151496,0.28125,0.868830680847168,1.118249773979187,438.30666725019387,1.1681319000053918,0.8018620000002556,0.3323092999999062,127.2685546875,4710.0,0
0,667,0.6525687982315291,0.0238885879516601,0.390625,0.9195735454559326,2.8732340335845947,467.92403582476993,1.094194699995569,0.7958930999957374,0.2757704999967245,82.1484375,4710.0,0
0,668,0.6386074316014518,0.0494210571050643,0.25,0.9197567701339722,0.8310794830322266,467.9523902313284,1.094128400000045,0.7997919999979786,0.2696058000001358,107.931640625,4710.0,0
0,669,0.5977206673326813,0.006532035768032,0.28125,0.9092856645584106,0.8596921563148499,439.2536257318329,1.1656135999946855,0.819624499999918,0.326300300002913,82.1484375,4710.0,0
0,670,0.7275702333726516,0.0134619027376174,0.015625,0.8936110138893127,2.0235273838043213,242.82737956427013,2.108493700005056,1.0929791999951703,0.9620257999995374,1082.06494140625,4710.0,0
0,671,0.7048908653103545,0.0114504173398017,0.171875,0.9624902606010436,0.8715503215789795,334.16587628580373,1.5321732000011252,0.8993608999953722,0.5484591999993427,540.634765625,4710.0,0
0,672,0.6587997997231624,0.070729412138462,0.328125,0.9478636980056764,0.8369388580322266,433.0179209378114,1.1823990999982923,0.821226399995794,0.332791000000725,219.87109375,4710.0,0
0,673,0.7050098391836487,0.0367626920342445,0.0625,0.9677545428276062,2.136075019836426,279.8914655239938,1.8292805000019143,0.9790726000064752,0.7872142999985954,871.0625,4710.0,0
0,674,0.6590222923710642,0.0317470133304595,0.265625,0.9741044044494628,1.3464947938919067,443.1452057851951,1.1553775000065798,0.7982873000000836,0.3271765000026789,223.23876953125,4710.0,0
0,675,0.6974993012078855,0.0173979103565216,0.15625,0.9806652665138244,1.7121801376342771,391.937718647066,1.3063299999994342,0.8580306000003475,0.4121377999981632,340.5068359375,4710.0,0
0,676,0.6572407854834171,0.0634371116757392,0.34375,0.983387529850006,1.0075585842132568,391.6749189966685,1.3072065000014843,0.8462768999961554,0.4361492000025464,336.95654296875,4710.0,0
0,677,0.6271408474856747,0.0382930934429168,0.265625,0.9013859033584596,0.9156354665756226,472.0940330182177,1.0845296999978018,0.7759114000000409,0.2649555999960284,79.75341796875,4710.0,0
0,678,0.6776345959511746,0.0022654831409454,0.15625,0.9297032356262208,1.0031365156173706,285.9700150384264,1.790397500000836,0.9752391000001808,0.7653805000009015,821.72705078125,4710.0,0
0,679,0.6979728627216375,0.0131357163190841,0.0625,0.9490058422088624,1.156159520149231,275.46541954022166,1.8586724999986477,1.0197845000002417,0.7959537999995518,829.3857421875,4710.0,0
0,680,0.6621746380184889,0.0093179792165756,0.1875,0.9728541970252992,1.4392634630203247,392.89148797483966,1.3031588000012562,0.9237401999998838,0.3485432999950717,228.0546875,4710.0,0
0,681,0.6689476424726718,0.017706423997879,0.40625,0.9743371605873108,1.7014514207839966,343.8699473110515,1.48893500000122,1.084128900001815,0.3807998999982374,183.169921875,4710.0,0
0,682,0.6243463857160421,0.0298606604337692,0.21875,0.949181854724884,1.3814640045166016,408.70369644590977,1.2527412999988885,0.8954971999992267,0.3425101000029826,103.43310546875,4710.0,0
0,683,0.6227801065677937,0.0389218777418136,0.328125,0.9058008790016174,1.2489144802093506,412.6385714065235,1.2407953000001726,0.8739582999987761,0.3224826999939978,97.97119140625,4710.0,0
0,684,0.668243208867048,0.0479105859994888,0.171875,0.9680025577545166,2.128762722015381,357.0905240512103,1.4338101000030292,0.9605595000030008,0.4434783999968203,328.25927734375,4710.0,0
0,685,0.6366718755561944,0.0176782459020614,0.078125,0.9627168774604796,1.3364976644515991,419.6754335113243,1.2199904000008246,0.8785021000003326,0.3063297999979113,104.9189453125,4710.0,0
0,686,0.6928516208461816,0.0018710196018218,0.171875,0.9009705185890198,0.9766514301300048,239.41741139762684,2.1385244999983115,1.0884453999969992,0.9804547000021556,1070.01416015625,4710.0,0
0,687,0.7262276469536243,0.0152564793825149,0.375,0.9510982632637024,1.3677754402160645,245.37640404899685,2.0865902000005008,1.1008848999990732,0.9205970999973944,1043.32958984375,4710.0,0
0,688,0.697806101560009,0.0146399438381195,0.375,0.9557275772094728,2.2793307304382324,273.17605364295724,1.874249200001941,1.0211668999982066,0.7755469000039739,830.43310546875,4710.0,0
0,689,0.733144755549555,0.0071329027414321,0.09375,0.9665482044219972,1.4443106651306152,265.7124682820528,1.92689490000339,1.1263636999938171,0.7541845000014291,793.00146484375,4710.0,0
0,690,0.624479030480336,0.0418904647231102,0.34375,0.8963008522987366,0.8877001404762268,429.2307840641042,1.192831499996828,0.8545180000000983,0.2811379999984638,82.1484375,4710.0,0
0,691,0.7142887313255931,0.0252071246504783,0.078125,0.9849932789802552,0.8186099529266357,348.1255884820141,1.470733599999221,0.9882025999977486,0.4384094000051846,325.3984375,4710.0,0
0,692,0.6702404918224713,0.0415121242403984,0.15625,0.9566911458969116,1.3215453624725342,419.5829525752855,1.2202592999965418,0.8829114999971353,0.3041155000028084,122.64892578125,4710.0,0
0,693,0.7062643451734242,0.0222938135266304,0.234375,0.9881238341331482,1.1460422277450562,339.39633059516814,1.5085608000008506,0.9491594999999506,0.498299599996244,328.42236328125,4710.0,0
0,694,0.6792369375862363,0.042255014181137,0.265625,0.990606963634491,2.150676965713501,368.9171718981164,1.387845400000515,0.9954278000004706,0.3615120999966166,235.58935546875,4710.0,0
0,695,0.6235355533884739,0.0356838032603263,0.265625,0.8854232430458069,1.0225393772125244,425.6750212313535,1.2027955000012298,0.8673048999989987,0.2918501000021933,83.3671875,4710.0,0
0,696,0.7101093213701177,0.0182403102517128,0.234375,0.9791598916053772,1.4262901544570925,403.536906405806,1.2687810999996143,0.9170984000011232,0.3164539999997942,122.09423828125,4710.0,0
0,697,0.7249139641004096,0.0113340020179748,0.203125,0.9596434235572816,1.0223748683929443,295.5889014216664,1.7321354000014253,1.0823142000008374,0.5974207000035676,556.01904296875,4710.0,0
0,698,0.6614568147413704,0.0336424708366394,0.234375,0.9590309858322144,1.3346076011657717,431.27752658222937,1.1871706000019913,0.851016399996297,0.2967151999982889,103.43408203125,4710.0,0
0,699,0.6966882094053973,0.0133013799786567,0.3125,0.989941656589508,1.0416899919509888,349.43121538676326,1.465238299999328,0.96820039999875,0.4548565000004601,339.646484375,4710.0,0
0,700,0.6387381383801031,0.00821353495121,0.328125,0.9667454957962036,1.3760088682174685,398.17740514442136,1.2858589999959804,0.912927799996396,0.3458975999965332,127.626953125,4710.0,0
0,701,0.6940795008990357,0.0256976932287216,0.359375,0.9851338267326356,3.082582712173462,399.5055494603692,1.2815841999981783,0.7898765999998432,0.4076416999960202,343.4345703125,4710.0,0
0,702,0.6987521840388405,0.0438472256064415,0.171875,0.9919059872627258,0.9627245664596558,460.7012394748104,1.1113493000011658,0.7765519999957178,0.3227574999982607,227.27880859375,4710.0,0
0,703,0.7129726008848447,0.0572784915566444,0.25,0.9214738607406616,1.0436348915100098,295.436657688997,1.7330279999951017,0.9249409999974888,0.7435031999993953,869.06982421875,4710.0,0
0,704,0.6534424752376975,0.0062811002135276,0.125,0.9458511471748352,1.2069096565246582,496.3126971607144,1.031607700002496,0.7239657000027364,0.2716751000043587,100.02294921875,4710.0,0
0,705,0.7290320167956367,0.0251827761530876,0.296875,0.9880289435386658,3.042098999023437,340.68099735985686,1.5028721999988193,0.8695528999960516,0.5246183999988716,517.693359375,4710.0,0
0,706,0.6520811068101481,0.0402167290449142,0.15625,0.9705442786216736,1.7807013988494873,467.3345047124057,1.0955749999993714,0.7510981999948854,0.2770845999984885,127.13818359375,4710.0,0
0,707,0.7351696469717163,0.0031230598688125,0.015625,0.927148699760437,1.5512245893478394,258.92522062667217,1.9774048999970544,1.0766084999995655,0.7891520999983186,804.47314453125,4710.0,0
0,708,0.6985010070200727,0.018730416893959,0.234375,0.9697380661964417,1.888216853141785,428.0481564195289,1.1961271000036504,0.8296644000001834,0.3205175000039162,171.79296875,4710.0,0
0,709,0.6696611738657324,0.0121281817555427,0.125,0.9727934002876282,0.8661374449729919,441.5288211403959,1.159607199995662,0.7959043000009842,0.3182210000013583,99.44287109375,4710.0,0
0,710,0.6356692386985285,0.0287681594491004,0.28125,0.9807243347167968,1.2334595918655396,423.2368259693388,1.2097245999975712,0.8668418000015663,0.3032166999983019,82.1484375,4710.0,0
0,711,0.6381022384177082,0.0549194738268852,0.265625,0.966172695159912,1.5010132789611816,436.1514338233248,1.173904199997196,0.8376444000023184,0.3176052999988314,104.07373046875,4710.0,0
0,712,0.6973320659651338,0.0103374347090721,0.453125,0.9492453336715698,3.3598997592926025,266.3910074720578,1.921986800000013,1.058226300003298,0.7669258000023547,824.552734375,4710.0,0
0,713,0.6872021546746336,0.0041405335068702,0.0625,0.9441662430763244,1.204070210456848,401.9013071690039,1.273944599997776,0.8606061000027694,0.3455409000016516,222.77392578125,4710.0,0
0,714,0.655610645392361,0.0767570286989212,0.453125,0.9626069068908693,1.072185516357422,438.0784271597525,1.1687405000047877,0.8219019000025582,0.3074603999993996,121.67822265625,4710.0,0
0,715,0.7210063732167558,0.0279205217957496,0.140625,0.9802746176719666,2.3909599781036377,363.8539782936012,1.4071578999937628,0.8825817999968422,0.4192304000025615,318.9501953125,4710.0,0
0,716,0.7122373592700895,0.0531624406576156,0.59375,0.929862380027771,2.5417160987854004,284.2976520900324,1.8009294000003138,0.985365799999272,0.7446555000060471,821.3720703125,4710.0,0
0,717,0.671538173607126,0.0066988170146942,0.21875,0.9726067185401917,2.0834100246429443,428.8747641297789,1.1938216999988072,0.8192999999955646,0.3634166999981971,172.388671875,4710.0,0
0,718,0.7095173696978159,0.0183659419417381,0.328125,0.97707337141037,2.134915351867676,362.3960579792513,1.4128189000039129,0.8978474000032293,0.4333895000017946,339.82666015625,4710.0,0
0,719,0.7182695276613166,0.0035744160413742,0.125,0.9312913417816162,1.0822618007659912,269.4315961592808,1.900296799998614,1.0262631000005058,0.7939499999993131,890.98046875,4710.0,0
0,720,0.6725104793368388,0.0042954981327056,0.25,0.9486825466156006,0.6500725150108337,375.5073566438375,1.3634885999999824,0.9020383000024594,0.4068551999953342,336.2109375,4710.0,0
0,721,0.6384992805817604,0.0009663850069046,0.296875,0.9626280665397644,1.643122911453247,443.7533140660656,1.1537941999995385,0.8133854999978212,0.3216078999976162,104.76123046875,4710.0,0
0,722,0.6562903598540915,0.0074610188603401,0.234375,0.9598785638809204,1.7950941324234009,422.7613034366729,1.2110852999976487,0.8332758999968064,0.3077329000007012,101.53857421875,4710.0,0
0,723,0.7216968966173376,0.0123277455568313,0.140625,0.944248616695404,0.697783350944519,241.39281390631024,2.121024199994281,1.09499269999651,0.9169637000013608,1053.56689453125,4710.0,0
0,724,0.6894437156760311,0.0104983001947402,0.109375,0.9865851998329164,2.5434720516204834,348.191072570587,1.47045700000308,0.8971174999969662,0.5315954999969108,525.71435546875,4710.0,0
0,725,0.6498724301147762,0.0444463491439819,0.25,0.9719652533531188,1.1990768909454346,421.2487755413094,1.21543379999639,0.8481983000019682,0.3353720000013709,179.53662109375,4710.0,0
0,726,0.6587632343760143,0.0354027599096298,0.09375,0.9773527979850768,1.4240349531173706,436.2694666071056,1.1735866000017268,0.8165133000002243,0.3068595000004279,171.15771484375,4710.0,0
0,727,0.6930256014190741,0.0141750052571296,0.0,0.955036461353302,0.4921779036521911,289.5077091039268,1.768519400000514,0.9515296000026864,0.7744110999992699,870.73583984375,4710.0,0
0,728,0.7306407538655534,0.0044161081314086,0.1875,0.8944981098175049,3.685896873474121,271.4336926188966,1.8862802000003285,0.9310771999953432,0.8614698000019416,1035.1845703125,4710.0,0
0,729,0.6125319775810706,0.0026174336671829,0.328125,0.952784299850464,0.967745840549469,511.1875695947246,1.0015893000017968,0.7464076999967801,0.2408342999988235,88.689453125,4710.0,0
0,730,0.6908152833495662,0.0203987061977386,0.203125,0.9490814805030824,1.5422829389572144,340.192260452669,1.5050313000028837,0.8359070000005886,0.5243934999962221,539.98779296875,4710.0,0
0,731,0.6880849794919004,0.0010586977005004,0.046875,0.9789976477622986,0.9042876362800598,360.51280693539394,1.4201992000016617,0.8651066999955219,0.499681999994209,511.02490234375,4710.0,0
0,732,0.6488916518927162,0.0384430587291717,0.40625,0.9782761931419371,1.1026670932769775,464.5401193455436,1.1021652999988871,0.783098499996413,0.2791281999961938,124.63623046875,4710.0,0
0,733,0.6984777901418566,0.0389154106378555,0.09375,0.9243577122688292,0.5327053070068359,263.98809496129513,1.939481400004297,0.9514340999958222,0.9055501999973784,1066.53759765625,4710.0,0
0,734,0.6593466621063748,0.0574316158890724,0.21875,0.9742484092712402,0.821064829826355,475.6126369163389,1.0765062999998918,0.7818047000037041,0.2794856000036816,105.4912109375,4710.0,0
0,735,0.6721186411684064,0.0322368517518043,0.296875,0.9830569624900818,0.9181646704673768,412.7248554421805,1.2405359000040337,0.7720927999980631,0.403985000004468,334.50830078125,4710.0,0
0,736,0.6282154415874591,0.0593983381986618,0.109375,0.9379003643989564,0.7916139364242554,536.885502037193,0.9536483999982012,0.6894346999979462,0.24510129999544,79.75341796875,4710.0,0
0,737,0.7102628923709051,0.016257420182228,0.0625,0.9768146872520448,1.210655927658081,362.7654945684338,1.411380099998496,0.8169095999983256,0.5369544999994105,527.0791015625,4710.0,0
0,738,0.614973100721883,0.0702910423278808,0.140625,0.9718206524848938,0.9062225818634032,515.9810518070448,0.9922844999964582,0.7074515999993309,0.2697251999998116,105.0693359375,4710.0,0
0,739,0.7140224070361509,0.0065782144665718,0.140625,0.9256557822227478,0.9018378257751464,268.4754219407285,1.907064699997136,0.9382649999970454,0.8907059000048321,1056.2529296875,4710.0,0
0,740,0.6714253007016148,0.012362316250801,0.296875,0.9100127816200256,1.306106448173523,484.319998170391,1.0571522999962326,0.7274792000025627,0.2894835000042803,121.37158203125,4710.0,0
0,741,0.6339834015567298,0.0239989012479782,0.34375,0.97237366437912,1.7530158758163452,482.3167330633809,1.0615431000042008,0.7383749000000535,0.2974524000019301,126.95263671875,4710.0,0
0,742,0.6665449247259694,0.0301902964711189,0.25,0.9865636825561525,1.606447696685791,433.9509308309063,1.1798568999947747,0.7508687000008649,0.351423000000068,222.49853515625,4710.0,0
0,743,0.6431189447267845,0.0412378907203674,0.296875,0.9763296842575072,0.9783936142921448,290.51723927639654,1.7623738999973284,0.8660634000043501,0.8528167999975267,129.546875,4710.0,0
0,744,0.7081138944278935,0.028512567281723,0.265625,0.9369332194328308,2.2192604541778564,282.1173524434507,1.8148475999987568,0.9964376999996604,0.7522590000007767,850.46826171875,4710.0,0
0,745,0.7104938049139313,0.0216586291790008,0.125,0.965430498123169,1.7751528024673462,293.5284318965962,1.7442944000067655,0.8724255999986781,0.7464722000004258,877.6337890625,4710.0,0
0,746,0.6309769860416801,0.0133413672447204,0.25,0.9414213299751282,0.9740586876869202,495.0675032284117,1.0342023999983212,0.7333558999962406,0.2747996999969473,125.91015625,4710.0,0
0,747,0.619231740311791,0.0275197476148605,0.296875,0.985359251499176,0.9646356701850892,496.7936915737325,1.030608900000516,0.7002322000043932,0.2806362999981502,121.67822265625,4710.0,0
0,748,0.6013862799705759,0.0040399879217147,0.328125,0.9523825645446776,1.4717094898223877,448.86998296866375,1.1406420999992406,0.7265113000030397,0.3666504000066197,105.5888671875,4710.0,0
0,749,0.6551396683950034,0.010303147137165,0.21875,0.9908929467201232,1.2192165851593018,449.2226211319946,1.1397466999987955,0.7855132999975467,0.3191634999966481,175.71484375,4710.0,0
0,750,0.7041598674696528,0.0123228356242179,0.078125,0.91562020778656,0.9978731870651244,268.80251263145243,1.904744100000244,0.9341710999942734,0.9169695999953548,1084.7412109375,4710.0,0
0,751,0.6684769123915877,0.0006481856107711,0.078125,0.9592026472091676,1.4148070812225342,459.42373189105865,1.1144396000017878,0.7651573000039207,0.3292234999971697,222.77392578125,4710.0,0
0,752,0.6816623182694554,0.0005676299333572,0.21875,0.8878824710845947,1.8004419803619385,465.51341174380775,1.0998608999943826,0.7349351000011666,0.3239452000052552,219.119140625,4710.0,0
0,753,0.7320396625754081,0.0432351231575012,0.140625,0.9519754648208618,0.5150172710418701,270.58523411098383,1.8921948999995948,0.938029800003278,0.8997349999990547,1098.1640625,4710.0,0
0,754,0.7133173381808682,0.0279915183782577,0.421875,0.9515185356140136,1.5879865884780884,427.5961180957918,1.1973915999988094,0.7655698000016855,0.3758394999968004,322.50390625,4710.0,0
0,755,0.7276638547634054,0.0085877701640129,0.109375,0.9443819522857666,1.0321640968322754,391.0207282991031,1.3093934999997143,0.7667149999979301,0.497298199996294,525.11181640625,4710.0,0
0,756,0.6776453727814714,0.0176330059766769,0.34375,0.9656182527542114,1.670290470123291,492.0544262192849,1.0405352999950992,0.7060435000021243,0.3064314000002923,177.58251953125,4710.0,0
0,757,0.698459219254903,0.0200500190258026,0.0625,0.9900312423706056,0.9234744310379028,380.0570130052234,1.3471663000018452,0.8054545000049984,0.5116207000028226,542.8212890625,4710.0,0
0,758,0.6580456273654984,0.0123966634273529,0.265625,0.9106448888778688,1.224357843399048,501.65890369138265,1.0206137999994098,0.7145767999973032,0.291030000000319,124.18017578125,4710.0,0
0,759,0.682157587366331,0.0251613855361938,0.265625,0.979660153388977,2.053049802780152,484.3477170094504,1.057091800001217,0.7305433000001358,0.3000719000046956,174.0390625,4710.0,0
0,760,0.6497141912140043,0.0008142590522766,0.28125,0.98187255859375,0.9278591275215148,500.19030678097965,1.0236103999995976,0.7195412000000942,0.2740459999986342,126.609375,4710.0,0
0,761,0.6653480749340197,0.0314099639654159,0.171875,0.9596925973892212,1.6172939538955688,505.6448032888081,1.0125685000020894,0.7023723000020254,0.2716991999986931,119.43359375,4710.0,0
0,762,0.6469697994329967,0.0220041275024414,0.1875,0.9368565678596495,1.7273308038711548,521.7866832119678,0.981243899994297,0.6913199000046006,0.2658356000029016,79.75341796875,4710.0,0
0,763,0.6569614772605732,0.0260908007621765,0.15625,0.9445140361785888,1.6994107961654663,497.9717377677679,1.0281708000038634,0.7267743000047631,0.2774617000031867,107.931640625,4710.0,0
0,764,0.6967884764560283,0.0180785953998565,0.15625,0.9641683101654052,3.9384379386901855,373.8645052230152,1.3694801000019652,0.822143799996411,0.5141654999970342,515.52880859375,4710.0,0
0,765,0.6892347463375247,0.0147106647491455,0.25,0.9805296659469604,1.863937497138977,483.35151408698766,1.0592704999944544,0.7076400000005378,0.2891101999994134,174.046875,4710.0,0
0,766,0.6788132484303675,0.0127202197909355,0.53125,0.8860675096511841,1.8136253356933596,285.0074132538055,1.7964445000034177,0.9405806999930064,0.7743025999952806,884.8662109375,4710.0,0
0,767,0.6809757220764641,0.0046313032507896,0.40625,0.9790992140769958,1.7059788703918457,411.2607366552771,1.244952300003206,0.7716514999992796,0.4050098000006983,337.94189453125,4710.0,0
0,768,0.689987921722769,0.0241140350699424,0.21875,0.9729938507080078,1.586557388305664,462.0548300252528,1.1080935999998474,0.7409946999978274,0.3398260000030859,236.25390625,4710.0,0
0,769,0.6246311804453151,0.0500627234578132,0.40625,0.9298830032348632,1.5025527477264404,503.74101493728375,1.0163953000010224,0.7208144999967772,0.2658362000001943,83.3671875,4710.0,0
0,770,0.6552347339715571,0.0017283707857131,0.3125,0.9813528656959534,1.920193433761597,514.5348042582585,0.9950736000027972,0.698339999995369,0.281451199996809,124.86083984375,4710.0,0
0,771,0.6830845568996435,0.0290684774518013,0.25,0.9836198091506958,2.1626453399658203,463.7844996332944,1.1039610000007087,0.7372712999931537,0.3445987000013701,223.81298828125,4710.0,0
0,772,0.6422419567034577,0.0488100945949554,0.421875,0.9646224975585938,1.04477059841156,510.48442279702056,1.002968900000269,0.7184768000006443,0.2653872000009869,103.43310546875,4710.0,0
0,773,0.7121231868641196,0.0072971582412719,0.1875,0.9598570466041564,1.79822039604187,455.0343822008479,1.1251897000038298,0.7261269000009634,0.3566475000043283,236.11474609375,4710.0,0
0,774,0.6384005875759329,0.0128454118967056,0.203125,0.952361524105072,1.3467979431152344,510.910636343393,1.0021321999956854,0.6987626000045566,0.2649115000021993,102.07080078125,4710.0,0
0,775,0.6958339815751516,0.0299581214785575,0.0625,0.9745008945465088,1.2934101819992063,458.98099406240016,1.1155146000019158,0.7195853999946848,0.3500414000009186,225.32958984375,4710.0,0
0,776,0.7141000631666734,0.0278765857219696,0.390625,0.9834080338478088,2.515585660934448,434.1500017083225,1.1793159000008018,0.7389737999983481,0.3832766999985324,312.87744140625,4710.0,0
0,777,0.6563320603683429,0.0586174204945564,0.375,0.924771785736084,2.403763055801392,502.3390160440745,1.0192319999987376,0.7385080000021844,0.2545320999997784,83.3671875,4710.0,0
0,778,0.7009026663005233,0.0729011297225952,0.53125,0.978715717792511,1.613363265991211,352.4181529482388,1.4528196000028402,0.8320545999958995,0.5367378000009921,541.14453125,4710.0,0
0,779,0.7170169197623153,0.0852745175361633,0.171875,0.9046149253845216,0.8755983710289001,309.339223024206,1.6551408999948762,0.8727024000036181,0.7173248000035528,853.5361328125,4710.0,0
0,780,0.6937681347106677,0.0303485542535781,0.09375,0.9898473024368286,2.70965576171875,430.981908943921,1.187984900003357,0.7732168000002275,0.3771928999994998,326.24951171875,4710.0,0
0,781,0.7299944327582559,0.0315900221467018,0.09375,0.9333500862121582,1.1736077070236206,273.20300589497896,1.874064299998281,0.9555060999991838,0.875154699999257,1068.955078125,4710.0,0
0,782,0.6618098032474299,0.0416199713945388,0.140625,0.9291489720344543,1.183576226234436,488.2314758826869,1.0486829000001308,0.7195346999942558,0.2957667000009678,175.775390625,4710.0,0
0,783,0.6299730455625439,0.0174148827791214,0.234375,0.8214749693870544,1.749636173248291,485.88660735049245,1.0537438000028487,0.7156329999997979,0.3180855000027804,83.3671875,4710.0,0
0,784,0.6720032188984449,0.0224057957530021,0.046875,0.9583797454833984,1.0698654651641846,292.1654521544752,1.7524316999988514,0.8985562000016216,0.7535837000032188,850.5283203125,4710.0,0
0,785,0.6436501824013466,0.0477389618754386,0.390625,0.8890661001205444,1.1122490167617798,519.0610995724377,0.9863964000032864,0.7150044000009075,0.25218589999713,84.58984375,4710.0,0
0,786,0.6070303683497489,0.0451104417443275,0.328125,0.8994510769844055,1.952779054641724,488.6199740039397,1.0478490999958012,0.7632326000020839,0.2657749000063631,84.58984375,4710.0,0
0,787,0.6849108239164927,0.0177170485258102,0.1875,0.9292268753051758,1.1694267988204956,443.8330567034249,1.1535868999999366,0.7788230999940424,0.3460589999958756,175.857421875,4710.0,0
0,788,0.7044162846933807,0.0044931471347808,0.390625,0.938192903995514,1.6156790256500244,406.4768917091655,1.2596042000004672,0.8081037000010838,0.4080780000003869,344.8515625,4710.0,0
0,789,0.6590224395774955,0.0280318185687065,0.234375,0.9473307132720948,1.4296064376831057,478.5686311338177,1.06985700000223,0.7611863999991328,0.3009939999974449,125.28466796875,4710.0,0
0,790,0.6026707823026176,0.0253023356199264,0.25,0.9645532965660096,1.990500569343567,501.5257353246149,1.0208847999965656,0.7215473000032944,0.2841734000030556,100.39111328125,4710.0,0
0,791,0.6184794086542159,0.0300670936703681,0.234375,0.9311309456825256,1.0468298196792605,529.108184023909,0.9676659999968252,0.7005927999998676,0.2609125999952084,79.75341796875,4710.0,0
0,792,0.6885682170835491,0.0051535815000534,0.234375,0.9919981956481934,1.0471241474151611,450.2474382285792,1.1371524999995015,0.7692973999946844,0.3422668999992311,223.61767578125,4710.0,0
0,793,0.7289714385133181,0.0509888008236885,0.1875,0.933789610862732,2.432000637054444,364.59934092859737,1.404281200004334,0.8247562999968068,0.5382083000004059,562.1533203125,4710.0,0
0,794,0.6340922376657236,0.0079676210880279,0.1875,0.9607675671577454,1.6756563186645508,499.6462953119504,1.024724900002184,0.7053834999969695,0.297078399999009,103.82080078125,4710.0,0
0,795,0.6858540271177734,0.0808203220367431,0.296875,0.958173930644989,1.4379003047943115,454.1265244405365,1.127439099996991,0.7498845000009169,0.3410922999973991,224.86865234375,4710.0,0
0,796,0.6729821468035282,0.010545291006565,0.15625,0.9669513702392578,2.0645673274993896,486.1632895224976,1.0531441000057384,0.7414863000012701,0.2896059000049718,122.15869140625,4710.0,0
0,797,0.7535415720443026,0.0227187424898147,0.28125,0.8911967873573303,0.9229045510292052,296.49541836415085,1.726839499999187,0.8998605999950087,0.7695993000015733,871.06396484375,4710.0,0
0,798,0.7053866209902702,0.0144025832414627,0.21875,0.9493181705474854,1.849723219871521,454.5149087537396,1.1264757000026293,0.7539811000024201,0.3364669000002322,215.990234375,4710.0,0
0,799,0.6318294493160407,0.0365464836359024,0.1875,0.9690732359886168,1.4552210569381714,476.1925134721398,1.0751954000006665,0.770587400002114,0.2866267000063089,103.55224609375,4710.0,0
0,800,0.7205538654943587,0.0173629075288772,0.15625,0.9409114718437196,1.9831314086914065,299.2592048802942,1.7108913999982178,0.895460899999307,0.7666233999989345,854.3974609375,4710.0,0
0,801,0.6481056538445659,0.0152732580900192,0.140625,0.9734609723091124,1.4784138202667236,424.2547782522665,1.206822000000102,0.825609200001054,0.3536610000010114,176.478515625,4710.0,0
0,802,0.642160251160515,0.040493443608284,0.203125,0.96526038646698,1.6605417728424072,453.6196098336639,1.128699000000779,0.7577189000003273,0.3136209000003873,125.37451171875,4710.0,0
0,803,0.7507083137849203,0.0299761444330215,0.140625,0.912105917930603,0.7353202104568481,253.2780586951344,2.0214936999982456,0.9942431999952532,0.9459056999985478,1083.7978515625,4710.0,0
0,804,0.6428003794076336,0.001014232635498,0.09375,0.936298370361328,1.0915440320968628,494.6403018249701,1.0350955999965663,0.7499725000016042,0.2704326000020955,124.6923828125,4710.0,0
0,805,0.6790714697043102,0.0048898085951805,0.390625,0.9266728162765504,2.505617618560791,457.7840409161422,1.11843129999761,0.8017437000016798,0.30195420000382,101.9521484375,4710.0,0
0,806,0.6364626886958106,0.006886288523674,0.25,0.9459065198898317,1.117419958114624,482.5964594397786,1.0609277999974438,0.7750432000029832,0.254206300000078,84.58984375,4710.0,0
0,807,0.6053172293861931,0.0503996908664703,0.328125,0.9791842103004456,0.8583462238311768,459.3178089888497,1.11469660000148,0.826035400001274,0.2758151999951224,102.79052734375,4710.0,0
0,808,0.6764247070813179,0.035223439335823,0.171875,0.991993010044098,1.219890832901001,492.3307939832397,1.0399512000003597,0.6989625999995042,0.3291918999966583,227.54296875,4710.0,0
0,809,0.6774641354511535,0.051658883690834,0.34375,0.9628446102142334,1.5798110961914062,446.0717544748045,1.1477974000008544,0.8316835000005085,0.2958891999951447,175.9765625,4710.0,0
0,810,0.7103466394606522,0.0438324064016342,0.234375,0.9329023361206056,1.4273730516433716,302.92158401440633,1.690206400002353,0.923013899999205,0.7303777999986778,870.7451171875,4710.0,0
0,811,0.7550351259380212,0.0232715010643005,0.140625,0.8987383842468262,1.6124143600463867,277.62581560121066,1.8442088999945556,0.9216617999991286,0.8687718999935896,1070.38671875,4710.0,0
0,812,0.7005217916927047,0.0190534591674804,0.109375,0.9308305978775024,1.7161004543304443,440.85541449201855,1.1613785000008647,0.7959992999967653,0.3297638000003644,226.64990234375,4710.0,0
0,813,0.670577412099155,0.0176663473248481,0.109375,0.8957318663597107,1.179784059524536,476.3236004872981,1.0748994999958086,0.7294497999973828,0.3212668999985908,225.64208984375,4710.0,0
0,814,0.7320421196230429,0.0467059314250946,0.203125,0.976656973361969,1.4690097570419312,429.63357290938416,1.1917132000016863,0.7612998999975389,0.3820446000027004,340.52001953125,4710.0,0
0,815,0.6315243962550416,0.0222023576498031,0.265625,0.9556267857551576,1.4188270568847656,511.8380032711226,1.0003165000016452,0.7161221999995178,0.2564866999964579,106.4501953125,4710.0,0
0,816,0.713828061603935,0.0349277928471565,0.125,0.9586602449417114,0.8989093899726868,466.5277713881712,1.097469499996805,0.7363788000002387,0.3199614000041038,223.66064453125,4710.0,0
0,817,0.6778950755327081,0.0314396917819976,0.203125,0.977425754070282,1.3766045570373535,520.8578651136389,0.9829936999958592,0.6914459000036004,0.2603003000040189,106.2734375,4710.0,0
0,818,0.640816075571696,0.0119653791189193,0.171875,0.9808859825134276,1.979356288909912,487.2046452677328,1.050893100000394,0.7101853000058327,0.3155998000002,132.05908203125,4710.0,0
0,819,0.7083776645763769,0.0139327272772789,0.171875,0.993185579776764,1.6123709678649902,447.5748654192078,1.1439427000004798,0.7378893999994034,0.3775778999988688,174.921875,4710.0,0
0,820,0.6105274651199899,0.0598328039050102,0.296875,0.9400235414505004,1.9663060903549197,478.1308817907082,1.0708365000027698,0.7445659000004525,0.2953943999964394,82.1484375,4710.0,0
0,821,0.7375589235072949,0.0041428059339523,0.109375,0.9396988153457642,2.5326359272003174,279.4419827406627,1.832222900004126,1.00820499999827,0.7703545999975177,869.28271484375,4710.0,0
0,822,0.7145762320317494,0.0192620903253555,0.078125,0.9789026975631714,0.9862720370292664,353.84948500686,1.4469429000018863,0.8533735999953933,0.532482099995832,562.40283203125,4710.0,0
0,823,0.7577001863699645,0.0437172800302505,0.203125,0.9596066474914552,1.3676022291183472,301.4327238659913,1.6985548000011477,0.8990457000036258,0.736486399997375,869.84912109375,4710.0,0
0,824,0.7330768230362513,0.062206707894802,0.21875,0.950651466846466,0.9455944895744324,347.0144456296812,1.4754428999949596,0.8811684000029345,0.5215663999988465,526.46728515625,4710.0,0
0,825,0.7211404726040245,0.0213794857263565,0.21875,0.9454721808433532,1.121969223022461,342.9407423177167,1.4929693000012776,0.8298283999974956,0.5370381000029738,553.3955078125,4710.0,0
0,826,0.6729152797074102,0.036138966679573,0.171875,0.8951237797737122,1.0299479961395264,458.4296117611862,1.1168562999955611,0.7356963999991422,0.3458717000030447,232.06298828125,4710.0,0
0,827,0.6948132538128822,0.0166077613830566,0.21875,0.928750455379486,0.9615687131881714,432.2266502001952,1.1845637000005809,0.831068100000266,0.3187945000026957,171.67578125,4710.0,0
0,828,0.7665855533562158,0.0174265578389167,0.171875,0.8886431455612183,1.8259352445602417,279.3722244201887,1.8326804000025727,0.9382448000033036,0.8569360000037705,1006.51025390625,4710.0,0
0,829,0.6498660532286695,0.0075390115380287,0.34375,0.9078405499458312,2.276108503341675,467.7760328563551,1.09454089999781,0.7499948000040604,0.3194369999982882,86.55712890625,4710.0,0
0,830,0.7449157839723182,0.017854169011116,0.40625,0.9539525508880616,1.2166500091552734,299.151286764517,1.7115086000048905,0.9171121999970636,0.7347941999978502,850.5283203125,4710.0,0
0,831,0.7484575296849747,0.0024246722459793,0.125,0.9518989324569702,1.0065953731536863,275.2019993417804,1.8604516000050355,0.979372299996612,0.7320952999943984,869.525390625,4710.0,0
0,832,0.7654293228711097,0.0029310882091522,0.15625,0.9580175876617432,0.6897021532058716,273.3549504415032,1.873022600004333,0.9330598000015016,0.8516357999978936,1046.5634765625,4710.0,0
0,833,0.7560480350766692,0.0068846493959426,0.28125,0.8487012386322021,2.4617838859558105,370.222351061425,1.3829526999979862,0.818400299998757,0.500561299995752,515.931640625,4710.0,0
0,834,0.7413643239887969,0.004076674580574,0.109375,0.9423364400863647,1.0694507360458374,299.7992282036401,1.7078096000041114,0.914586099999724,0.7380570000022999,882.64111328125,4710.0,0
0,835,0.6894609711244448,0.0011773481965065,0.3125,0.821411669254303,1.3183549642562866,495.8354662958844,1.0326006000032066,0.7044541999930516,0.2880244000043603,173.458984375,4710.0,0
0,836,0.7194738121094614,0.0038469731807708,0.25,0.95306795835495,1.3487391471862793,355.5845455743428,1.4398825999960536,0.8308309000058216,0.5271538000015425,547.83837890625,4710.0,0
0,837,0.7384512116586229,0.0148152858018875,0.125,0.9639642834663392,0.830491840839386,372.9407044686812,1.3728723999956856,0.8150668000016594,0.510928600000625,553.052734375,4710.0,0
0,838,0.6468426971430716,0.0297955274581909,0.140625,0.8499809503555298,1.7316689491271973,499.6675064081516,1.0246813999983715,0.7363292999943951,0.2636535999990883,119.6484375,4710.0,0
0,839,0.7352144075148938,0.0325421169400215,0.1875,0.9339697360992432,1.5929282903671265,278.7201822478967,1.8369678000017304,0.9297728999954415,0.8610342999963905,1030.1796875,4710.0,0
0,840,0.5612176488395918,0.0034390687942504,0.171875,0.8894429802894592,1.2894281148910522,523.7653408482677,0.977537000006123,0.7349877000015113,0.2364832000021124,89.27783203125,4710.0,0
0,841,0.7371030200575192,0.0494549721479415,0.328125,0.9709571599960328,2.2425436973571777,363.9800507651421,1.4066705000004731,0.8100459999986924,0.5415807999961544,560.42041015625,4710.0,0
0,842,0.6616382220367729,0.0180886983871459,0.234375,0.9612458348274232,1.2424604892730713,478.415428300041,1.0701995999988867,0.738429900004121,0.2872564999997848,179.873046875,4710.0,0
0,843,0.7024923121086257,0.0347905308008194,0.171875,0.9698445796966552,1.2125965356826782,477.58966466005336,1.0720500000024913,0.7292572999940603,0.3071224000013899,224.40185546875,4710.0,0
0,844,0.6595526162154648,0.007325991988182,0.25,0.9614848494529724,1.2278413772583008,496.4701650038881,1.0312804999994114,0.7339219999994384,0.276167500000156,105.3271484375,4710.0,0
0,845,0.6203924433806712,0.0192682519555091,0.171875,0.9429914951324464,1.15959632396698,522.2826485562779,0.9803121000004468,0.7022600000054808,0.2504784999982803,83.3671875,4710.0,0
0,846,0.6865625726406128,0.0093156248331069,0.234375,0.9926488399505616,2.12830138206482,400.7293587404726,1.2776702999981353,0.7612350999988848,0.4013778000007733,336.00439453125,4710.0,0
0,847,0.7638341710917589,0.0115190744400024,0.234375,0.9253683686256408,1.9260672330856323,308.91601611246216,1.6574084000021685,0.9061575000014273,0.7127089999994496,847.98095703125,4710.0,0
0,848,0.6900741520549305,0.0171054229140281,0.140625,0.9479990601539612,1.1233782768249512,472.21612225079247,1.0842493000018294,0.7333985999939614,0.2724746000021696,127.626953125,4710.0,0
0,849,0.6019760398470276,0.0056746453046798,0.21875,0.9494808912277222,2.396718740463257,526.7840359352056,0.971935299996403,0.710420500006876,0.2388139000031515,83.3671875,4710.0,0
0,850,0.7337171182827912,0.0012199133634567,0.09375,0.952312469482422,1.9133917093276975,378.78314287837406,1.351696899997478,0.7968929000053322,0.5130380000045989,525.11181640625,4710.0,0
0,851,0.6471958984759941,0.0256392732262611,0.375,0.9454346895217896,1.808618426322937,478.7015668768677,1.069559900002787,0.753637300003902,0.2960228000010829,176.275390625,4710.0,0
0,852,0.7182977438854484,0.0044241473078727,0.171875,0.9164718985557556,1.6915416717529297,362.37387159808105,1.4129054000004544,0.8208286999943084,0.515376199997263,552.3984375,4710.0,0
0,853,0.7511219229596702,0.0246027708053588,0.21875,0.901491403579712,0.8351935744285583,292.89443255127395,1.7480701000022236,0.9196663000038824,0.7523959999962244,857.89111328125,4710.0,0
0,854,0.7370328127296109,0.0428964868187904,0.1875,0.8508216142654419,1.3493640422821045,298.8814129619096,1.713053999999829,0.9136474999977507,0.7164721000008285,808.0634765625,4710.0,0
0,855,0.699095541395613,0.0051490291953086,0.15625,0.988570511341095,1.6367257833480835,432.8726536843026,1.182795900000201,0.7660479999976815,0.3838732000003801,338.2880859375,4710.0,0
0,856,0.7482217254588597,0.0221265256404876,0.171875,0.9250654578208924,0.8818087577819824,302.67768066645885,1.6915683999977773,0.9144820000001346,0.7342043000026024,854.1669921875,4710.0,0
0,857,0.7709782183755503,0.0193553790450096,0.09375,0.956625521183014,1.6583127975463867,299.04772573918984,1.712101299999631,0.9206122000032336,0.7344862999962061,844.0205078125,4710.0,0
0,858,0.6090603394849446,0.0056198015809059,0.28125,0.8007021546363831,1.1413675546646118,498.97325532654986,1.026107099998626,0.7292324000009103,0.2630186000023968,122.17919921875,4710.0,0
0,859,0.6089716972679919,0.0036102309823036,0.3125,0.9148611426353456,1.0203481912612915,490.3318905226109,1.0441907000058563,0.7211824000041815,0.3003864000056637,104.6279296875,4710.0,0
0,860,0.7601456659476996,0.0236715450882911,0.171875,0.793137788772583,0.921617329120636,367.3997847129804,1.3935772999975595,0.8244438999972772,0.5292046000031405,522.744140625,4710.0,0
0,861,0.6277855387465512,0.0557888820767402,0.34375,0.9441251158714294,1.542572259902954,450.7854143457722,1.1357953999977326,0.7778987999990932,0.321232999995118,231.498046875,4710.0,0
0,862,0.6648013092857701,0.0081892684102058,0.375,0.9441826343536376,2.732528686523437,466.1543702956313,1.0983486000041012,0.757893799993326,0.3135015000007115,178.76806640625,4710.0,0
0,863,0.7011642621967177,0.0005899667739868,0.109375,0.5971750617027283,2.545337200164795,271.7758689880659,1.8839053000046988,0.936498400005803,0.854638500000874,1031.83203125,4710.0,0
0,864,0.6701166561891745,0.0031915381550788,0.015625,0.9841097593307496,2.0079424381256104,423.46208207150494,1.2090811000016402,0.7532607999964966,0.4207066000017221,328.55029296875,4710.0,0
0,865,0.7042358944611157,0.0902906656265258,0.296875,0.8831185102462769,1.7089433670043943,273.65972743220084,1.8709366000039156,0.926685099999304,0.8974476000003051,1069.70166015625,4710.0,0
0,866,0.5388242619440251,0.0211501419544219,0.296875,0.9042096138000488,2.1212682723999023,516.0431984582189,0.9921650000032968,0.7170412000050419,0.2614209000021219,105.1787109375,4710.0,0
0,867,0.658636981447789,0.0537565648555755,0.125,0.984928548336029,1.763185739517212,445.66739911647466,1.148838799999794,0.7764947999967262,0.3366066999951727,227.6611328125,4710.0,0
0,868,0.586047804352105,0.0289977416396141,0.359375,0.9192099571228028,1.5704975128173828,497.3668698519345,1.0294211999935214,0.7163188999984413,0.2862505000011879,174.8505859375,4710.0,0
0,869,0.5952339993745551,0.0147344097495079,0.171875,0.877064049243927,1.6833398342132568,540.2617399303787,0.947688799999014,0.6631144999992102,0.2559522000010474,78.28466796875,4710.0,0
0,870,0.7093625057726479,0.0478987023234367,0.265625,0.9571115970611572,0.9721314907073976,356.2969997142925,1.4370034000021406,0.8468073999974877,0.5516522000034456,556.56689453125,4710.0,0
0,871,0.6971293545955445,0.0069650933146476,0.359375,0.8909712433815002,0.8443434238433838,303.2118245503144,1.6885885000010603,0.9055504999996628,0.7188471999979811,838.2421875,4710.0,0
0,872,0.6481586144393711,0.0286670103669166,0.25,0.9421586990356444,0.8135034441947937,479.7753601799072,1.0671661000014865,0.7323512000002665,0.3100132000035955,220.36767578125,4710.0,0
0,873,0.6065776538410822,0.027465209364891,0.21875,0.9271985292434692,1.2555850744247437,532.5258355624661,0.9614557000022614,0.6690199000004213,0.2706920999989961,98.87451171875,4710.0,0
0,874,0.7257869122110251,0.0024986863136291,0.1875,0.9175758361816406,0.9174405932426452,301.6361996430437,1.6974090000003343,0.8787838999996893,0.7340659999972559,855.7236328125,4710.0,0
0,875,0.634204991056006,0.027523748576641,0.234375,0.8455883264541626,0.975060224533081,276.4968347853954,1.8517391000059436,0.9174484999966808,0.8764500000033877,1081.35693359375,4710.0,0
0,876,0.6479969532252695,0.0049587935209274,0.1875,0.9200645089149476,1.0394617319107056,465.1271382361994,1.1007742999936454,0.7505220000020927,0.3263329999972484,236.94091796875,4710.0,0
0,877,0.6778291800275554,0.0125224292278289,0.234375,0.8694437146186829,2.737168788909912,449.9033498640736,1.1380222000007052,0.7717330000014044,0.3367093000051682,229.751953125,4710.0,0
0,878,0.6319434460200812,0.013682410120964,0.125,0.9498842358589172,1.8281761407852173,375.8461309434023,1.3622595999986515,0.8811415000018314,0.4107100999972317,329.1787109375,4710.0,0
0,879,0.5584158792160985,0.0270255282521247,0.1875,0.9234588146209716,1.0739760398864746,511.0989325817511,1.00176300000021,0.72312729999976,0.2546126000015647,83.3671875,4710.0,0
0,880,0.5930522853484258,0.0130623281002044,0.0625,0.9372615814208984,1.5436652898788452,517.5154205926016,0.989342500004568,0.7112136999930954,0.2718510999984573,79.75341796875,4710.0,0
0,881,0.5478608259956662,0.0364542379975318,0.3125,0.932773232460022,1.3660345077514648,494.67647916614834,1.0350199000022258,0.7417866000032518,0.2732457000020076,83.3671875,4710.0,0
0,882,0.6883145990301953,0.0015652924776077,0.171875,0.7787363529205322,2.1866629123687744,342.2516172405864,1.4959753999937675,0.8311553000021377,0.5282284999993863,523.783203125,4710.0,0
0,883,0.5678494851372827,0.0530154705047607,0.28125,0.8725892305374146,0.9853273034095764,477.1653100070747,1.0730034000007436,0.731135500005621,0.3054101000016089,107.46484375,4710.0,0
0,884,0.6947200509275703,0.0260876938700675,0.234375,0.9804890751838684,1.277631759643555,448.59059755759984,1.1413525000025402,0.756314400001429,0.3466067999979714,223.05517578125,4710.0,0
0,885,0.5894838301590142,0.0378549247980117,0.21875,0.9264297485351562,0.8137106895446777,487.7034899942665,1.0498182000010274,0.7560627999991993,0.2793861999962246,101.14306640625,4710.0,0
0,886,0.7094005032416805,0.0226498767733573,0.171875,0.901595175266266,1.3883217573165894,346.3774667371781,1.4781562000061967,0.841821499998332,0.5477669999963837,551.44775390625,4710.0,0
0,887,0.7235297270911026,0.0220369175076484,0.15625,0.8587696552276611,1.207033395767212,363.6874038579412,1.4078023999973084,0.8360183999975561,0.5166272999995272,524.01806640625,4710.0,0
0,888,0.6739999647706293,0.0156709179282188,0.265625,0.8606340289115906,1.8697370290756223,498.61425166137457,1.0268458999998984,0.7339313999982551,0.2844750000003841,120.58447265625,4710.0,0
0,889,0.6199721630562545,0.0038510337471961,0.28125,0.967782497406006,2.153620958328247,494.4250676596209,1.035546200000681,0.700305300000764,0.2976773000045796,170.37646484375,4710.0,0
0,890,0.7282746038736012,0.0262253880500793,0.15625,0.7792263627052307,1.6829675436019895,315.7359660446645,1.6216081000020497,0.87585129999934,0.7150449999971897,815.15380859375,4710.0,0
0,891,0.6168664236959079,0.0166946351528167,0.25,0.9264442920684814,1.974032998085022,529.5736911084672,0.9668154000028152,0.6973566000015126,0.2617931999993743,82.1484375,4710.0,0
0,892,0.6833776390735998,0.0065957009792327,0.171875,0.9558538198471068,1.1700451374053955,473.0377272550962,1.082366099995852,0.7655813000019407,0.3078938999969978,126.24169921875,4710.0,0
0,893,0.6635420396964277,0.0236860439181327,0.359375,0.9730918407440186,1.4653133153915403,493.0141721371189,1.0385096999962116,0.7043138999943039,0.3188111999988905,121.75244140625,4710.0,0
0,894,0.6739324831780391,0.0034564584493637,0.109375,0.8717815279960632,1.2501840591430664,417.2775055172697,1.2270011999935375,0.7809713999959058,0.4109195999990334,329.5986328125,4710.0,0
0,895,0.7077400713969663,0.0078223869204521,0.328125,0.9843332171440125,1.2861021757125854,461.78053555114815,1.108751800005848,0.7538574999998673,0.3177906999990227,223.44580078125,4710.0,0
0,896,0.7565135335167783,0.0547530651092529,0.40625,0.6427631974220276,1.881758451461792,267.1325068019332,1.9166517999983623,0.9293407000004664,0.9326699999946868,1035.78515625,4710.0,0
0,897,0.6892992774058727,0.0093022584915161,0.515625,0.9493224620819092,1.1328344345092771,451.6395087513569,1.133647500006191,0.7811684999978752,0.3219673999992665,125.39404296875,4710.0,0
0,898,0.7208341007316532,0.0344884321093559,0.15625,0.8812318444252014,1.5467013120651243,269.6069693820819,1.899060700001428,1.0496089000007487,0.7900509000028251,884.2119140625,4710.0,0
0,899,0.6553405073885477,0.0271404534578323,0.203125,0.8971617221832275,1.1720019578933716,481.7726674740652,1.062741900001129,0.731604900000093,0.3064000000013038,102.42919921875,4710.0,0
0,900,0.6760394935048047,0.0385797545313835,0.171875,0.947435736656189,1.5396580696105957,446.1541987332156,1.147585300001083,0.7944766000000527,0.3282085000028019,178.45361328125,4710.0,0
0,901,0.689348760579502,0.0406602397561073,0.21875,0.9100082516670228,0.8953338265419006,355.8860600198523,1.438662699998531,0.8307615000012447,0.5402539999995497,561.03857421875,4710.0,0
0,902,0.7325213948278332,0.0319268777966499,0.046875,0.871426522731781,0.9156790375709534,369.2175271011056,1.3867164000039338,0.864704299994628,0.4848274000032688,510.544921875,4710.0,0
0,903,0.6379630979859023,0.0225107669830322,0.234375,0.8654506206512451,1.8282947540283203,496.8710708848954,1.0304484000007506,0.7193923000013456,0.2719724999988102,124.83740234375,4710.0,0
0,904,0.6821315606055354,0.0183736681938171,0.265625,0.9210617542266846,1.4455488920211792,461.9805358202015,1.108271800003422,0.7178542000037851,0.3414053000014974,226.78271484375,4710.0,0
0,905,0.719357529871413,0.0349870175123214,0.28125,0.9141412973403932,1.4698476791381836,307.5088557438872,1.664992700003495,0.8854490999947302,0.7314114999971935,878.482421875,4710.0,0
0,906,0.66776869473002,0.0508233904838562,0.546875,0.94938987493515,0.8297726511955261,446.27074548687983,1.14728560000367,0.7424631000030786,0.3787605000034091,328.2841796875,4710.0,0
0,907,0.6230437537108736,0.0099129974842071,0.28125,0.8165085911750793,1.034219741821289,499.7256389118111,1.0245622000002186,0.7317718000049354,0.2687974000000395,106.17578125,4710.0,0
0,908,0.7555058960029225,0.0058065205812454,0.171875,0.9149274230003356,1.7078758478164673,266.7420073907113,1.919457700001658,0.9710788000011236,0.8714347999994061,1051.14501953125,4710.0,0
0,909,0.6709985770388767,0.0523203089833259,0.203125,0.8868827223777771,1.683338284492493,486.97197780788366,1.0513951999964777,0.7279011999999057,0.2948184999986551,175.982421875,4710.0,0
0,910,0.7350686167025321,0.0248420685529708,0.234375,0.8578298091888428,1.1272834539413452,284.3590735315444,1.8005403999995906,0.8841650999966078,0.8497223999947892,1031.658203125,4710.0,0
0,911,0.7423400831564233,0.0066389366984367,0.125,0.9351720213890076,1.114180326461792,283.91909947076255,1.8033305999997535,0.8920849999994971,0.8453339000043343,1023.095703125,4710.0,0
0,912,0.6318763526062345,0.0287659466266632,0.15625,0.5423462986946106,1.3686120510101318,496.7805322589069,1.0306361999973888,0.7142596999983652,0.2904802999983076,121.26220703125,4710.0,0
0,913,0.7308327220557954,0.0188257843255996,0.1875,0.9199841022491456,1.7637048959732056,278.8222114121794,1.836295600005542,0.9266891999941436,0.8416878999996698,1025.42724609375,4710.0,0
0,914,0.6482497170622367,0.0128930360078811,0.15625,0.7801975011825562,1.4468146562576294,514.3149831689725,0.9954989000034402,0.7187690000064322,0.2481512000013026,88.54150390625,4710.0,0
0,915,0.6410203752186461,0.0094187706708908,0.140625,0.8795195817947388,1.1224164962768557,498.17262109564814,1.027756199997384,0.7122861999960151,0.2890943000020343,124.86083984375,4710.0,0
0,916,0.726263744234768,0.0014596730470657,0.265625,0.888099730014801,1.2396562099456787,360.09409146179104,1.4218505999961053,0.8145206000044709,0.5453549000012572,550.17333984375,4710.0,0
0,917,0.7262207952182286,0.0487153530120849,0.21875,0.9332906007766724,0.6274784207344055,301.5979981432234,1.69762400000036,0.8655307000008179,0.7305937000055565,871.53955078125,4710.0,0
0,918,0.6948147782542138,0.0072351396083831,0.328125,0.9716569185256958,1.6886906623840332,432.14055506581406,1.1847997000004398,0.7568381999953999,0.3797024000014062,340.8974609375,4710.0,0
0,919,0.6479138448866024,0.0163170844316482,0.328125,0.9392833113670348,1.0956319570541382,492.9631911514294,1.038617099999101,0.7314390999963507,0.289664800002356,100.68994140625,4710.0,0
0,920,0.7187253013278667,0.0301133245229721,0.109375,0.8890955448150635,1.045626521110535,300.7941435381054,1.7021607999995467,0.9080057999963174,0.73708009999973,843.2568359375,4710.0,0
0,921,0.6856271876681408,0.0343564450740814,0.28125,0.8418958783149719,1.3316023349761963,468.83042284390007,1.0920793000041158,0.7410144999957993,0.3168399999995017,178.50830078125,4710.0,0
0,922,0.6673338656337642,0.0263998806476593,0.171875,0.8708089590072632,1.2603992223739624,484.78871260104734,1.0561302000060095,0.7443371999979718,0.2790507999961846,127.509765625,4710.0,0
0,923,0.6981766208185882,0.0264860689640045,0.046875,0.9564632177352904,1.0548290014266968,427.2855541857346,1.1982618999973056,0.77301129999978,0.3885646999988239,322.572265625,4710.0,0
0,924,0.6873272397456214,0.0019191354513168,0.203125,0.9747650027275084,1.054501175880432,411.2184571563831,1.2450802999956068,0.768978000000061,0.3493175999974482,232.40478515625,4710.0,0
0,925,0.6756694181085792,0.0270831584930419,0.25,0.955531358718872,1.3919577598571775,501.9828321847201,1.0199552000049152,0.7301507000011043,0.2827548999994178,99.44287109375,4710.0,0
0,926,0.6968690480895966,0.0542884469032287,0.171875,0.9744948744773864,1.4975364208221436,477.8525604587568,1.071460200000729,0.7242503999950713,0.335948299994925,226.23193359375,4710.0,0
0,927,0.7029090447428114,0.0240596532821655,0.171875,0.9190810322761536,0.8931427597999573,491.64076270533,1.041410799996811,0.7174213000034797,0.2959536999987904,175.22265625,4710.0,0
0,928,0.6742650045164208,0.0197766423225402,0.203125,0.948360562324524,1.2050158977508545,506.9982091655517,1.009865500003798,0.7060067999991588,0.272644600001513,100.14306640625,4710.0,0
0,929,0.7516804178674787,0.0179092735052108,0.09375,0.8977670073509216,1.915250897407532,300.03640285450695,1.7064595999981975,0.9031396999998832,0.7551610999944387,884.5048828125,4710.0,0
0,930,0.6854837107745492,0.0149548351764678,0.078125,0.9207823276519777,1.2705495357513428,499.91378440188856,1.0241765999962809,0.7247366000010516,0.2741220999960205,120.79150390625,4710.0,0
0,931,0.6801827872793385,0.0674072355031967,0.421875,0.9757708311080932,1.6316642761230469,495.432969227768,1.0334394999954384,0.6913456000038423,0.2974917000028654,177.16064453125,4710.0,0
0,932,0.6916046318511068,0.0304356813430786,0.21875,0.9082560539245604,1.0733076333999634,490.9918341920479,1.042787200000021,0.7306872999979532,0.2811153999937232,120.82958984375,4710.0,0
0,933,0.6632634691230372,0.0153832733631134,0.140625,0.9804584980010986,2.0940330028533936,469.4948473852575,1.0905338000011398,0.7236437000028673,0.3285584999975981,225.97802734375,4710.0,0
0,934,0.7555855216544282,0.0068222433328628,0.234375,0.9080538749694824,1.0344160795211792,275.5707449572179,1.857962100002624,0.942841000003682,0.8722386000008555,1054.275390625,4710.0,0
0,935,0.7161918582975125,0.0237337946891784,0.125,0.8995382785797119,1.457639455795288,527.1610462579231,0.9712402000004658,0.6731524000060745,0.2713188999987324,121.34814453125,4710.0,0
0,936,0.7754260445776568,0.0274252891540527,0.390625,0.6415755748748779,1.410918354988098,270.3275636179531,1.893998499996087,0.9320225999981632,0.8779385000016191,1038.00341796875,4710.0,0
0,937,0.7405203103746373,0.0129885971546173,0.0625,0.9466003179550172,0.5789670348167419,450.9070144306546,1.1354891000009957,0.7409515999970608,0.3701728000014554,329.8896484375,4710.0,0
0,938,0.700102680568275,0.0184751451015472,0.1875,0.9697832465171814,1.3510905504226685,493.3642983664192,1.0377727000013692,0.7050041999973473,0.3152259999988018,225.73193359375,4710.0,0
0,939,0.7044567435354675,0.031489223241806,0.203125,0.988531231880188,0.8929460048675537,466.6298588052936,1.0972294000021066,0.7518586000005598,0.3155829000024823,223.85791015625,4710.0,0
0,940,0.7341139833174778,0.0140404552221298,0.25,0.954171895980835,1.547722578048706,435.6988861153329,1.1751235000047018,0.7557434999980615,0.375314699995215,326.091796875,4710.0,0
0,941,0.681804659878168,0.0063673257827758,0.125,0.8639816045761108,1.1613881587982178,527.7425061845653,0.970170100001269,0.7189699000009568,0.2431578999967314,82.1484375,4710.0,0
0,942,0.658329904606311,0.0163421034812927,0.390625,0.9105520248413086,1.0255951881408691,518.3180377232909,0.9878104999952484,0.6989365000044927,0.258480900003633,79.75341796875,4710.0,0
0,943,0.711701351578898,0.0206622779369354,0.28125,0.917064130306244,1.1776456832885742,474.8659129854242,1.0781990999967093,0.7181722000023001,0.3240870000008726,223.61767578125,4710.0,0
0,944,0.6879208608491871,0.03296659886837,0.421875,0.9559682011604308,1.5247066020965576,498.1056419793893,1.0278944000019692,0.712735100001737,0.2990790000039851,128.7890625,4710.0,0
0,945,0.6944398567911898,0.0096424221992492,0.125,0.9349324107170104,1.0210204124450684,435.3735943350609,1.176001500003622,0.7693872000018018,0.3922228000010364,323.126953125,4710.0,0
0,946,0.6767632969536631,0.0186392962932586,0.078125,0.9321478605270386,0.7213870882987976,478.1202106288669,1.0708603999955812,0.747425800000201,0.2879742000004626,176.96484375,4710.0,0
0,947,0.6825815816242624,0.0076424926519393,0.140625,0.9533924460411072,1.5159530639648438,495.5415775860346,1.0332129999951576,0.7237501000054181,0.3004404999956023,176.2734375,4710.0,0
0,948,0.6543080981267648,0.0025483071804046,0.1875,0.91896790266037,1.0535386800765991,484.3639832617669,1.057056300000113,0.7252693999980693,0.2750175999972271,105.3583984375,4710.0,0
0,949,0.6372433312551435,0.006094679236412,0.25,0.9261107444763184,2.579493999481201,588.6533841015844,0.8697818000000552,0.6125706000020728,0.2506831999999122,79.75341796875,4710.0,0
0,950,0.6643792051751458,0.0021677762269973,0.28125,0.9567214846611024,1.3510197401046753,504.7333539043401,1.0143969999990077,0.7195519999950193,0.2873068999979296,124.86083984375,4710.0,0
0,951,0.7353154631585367,0.0203962922096252,0.140625,0.7787520289421082,1.0803658962249756,299.60432333814583,1.7089205999945989,0.9348451999976533,0.7227907999986201,795.8828125,4710.0,0
0,952,0.7297481637094689,0.0250406712293624,0.171875,0.9280614852905272,1.1201549768447876,300.915594468783,1.7014737999998033,0.9319482999999308,0.7284930999958306,849.34423828125,4710.0,0
0,953,0.659448937216285,0.0303895324468612,0.1875,0.9146355390548706,1.9090335369110107,484.5733426359111,1.0565996000004816,0.7555720000018482,0.2839124000020092,102.12060546875,4710.0,0
0,954,0.6670444124112052,0.0444149821996688,0.25,0.9669340252876282,1.482177495956421,526.9717956869041,0.9715890000006766,0.664876999995613,0.2803843000001507,119.5546875,4710.0,0
0,955,0.6979913268060093,0.0544076263904571,0.171875,0.9641175270080566,1.1347976922988892,442.2209406642336,1.1577923000004375,0.7805484000055003,0.3394803000046522,222.77392578125,4710.0,0
0,956,0.7233211090681022,0.0147492587566375,0.125,0.979692041873932,1.0787948369979858,445.949057983148,1.1481132000044454,0.7427285000012489,0.3711455000011483,223.74267578125,4710.0,0
0,957,0.6474943837828948,0.0464475750923156,0.234375,0.9376562833786012,1.074930191040039,518.1039903502729,0.9882186000031652,0.7080467000050703,0.2741305000017746,82.1484375,4710.0,0
0,958,0.713058745598309,0.0170155614614486,0.1875,0.9645087122917176,0.9049252271652222,361.43351875136767,1.416581400000723,0.8251761999999871,0.5295094000030076,545.89990234375,4710.0,0
0,959,0.709487132203146,0.0260688662528991,0.40625,0.9739049673080444,1.4141632318496704,360.1105032846142,1.4217857999974512,0.8272342999989633,0.5181854000038584,541.203125,4710.0,0
0,960,0.7533764522590869,0.0120379030704498,0.203125,0.8744571208953857,1.1583428382873535,398.7332121254561,1.284066599997459,0.7657338999997592,0.4973004999992554,509.005859375,4710.0,0
0,961,0.6812188700942878,0.0014518201351165,0.15625,0.9293763637542723,1.3428112268447876,494.6565977003015,1.0350614999988466,0.7189320000034058,0.287204300002486,121.67822265625,4710.0,0
0,962,0.7445632120399491,0.0099740326404571,0.34375,0.8900101780891418,0.867326021194458,257.1883387190187,1.9907590000002529,0.9636702999996488,0.9069776000033016,1083.703125,4710.0,0
0,963,0.7533163989294033,0.0121630579233169,0.203125,0.9364458322525024,0.954997420310974,263.13895998399164,1.9457400000028429,0.9594064999982947,0.9033318999936456,1092.01220703125,4710.0,0
0,964,0.6817977617189566,0.0469394326210022,0.28125,0.9274651408195496,2.43735146522522,521.0171394288599,0.9826931999996305,0.7149343999990379,0.2609506000007968,99.44287109375,4710.0,0
0,965,0.7483719549121154,0.020251840353012,0.140625,0.7938944101333618,1.6685348749160769,275.57515009665644,1.857932400002028,0.9429385999974328,0.8530100999996648,1003.876953125,4710.0,0
0,966,0.6873293419123826,0.0401255190372467,0.171875,0.9516903162002563,1.151125192642212,508.8520377527548,1.0061864000017522,0.7199560000008205,0.2773159999997006,125.31591796875,4710.0,0
0,967,0.6932149673806799,0.0066592097282409,0.265625,0.9909918904304504,1.115833044052124,494.4049199495403,1.0355883999945945,0.7023786999998265,0.2911549999989802,176.96728515625,4710.0,0
0,968,0.7154848717301604,0.0375434309244155,0.265625,0.9861689805984496,2.011260271072388,437.5872396809714,1.1700524000043515,0.7948434999998426,0.3566553999989992,231.52587890625,4710.0,0
0,969,0.7299367163463271,0.0053412318229675,0.203125,0.934046506881714,1.5849484205245972,298.42497476649766,1.7156740999998874,0.928017499994894,0.7406830999971135,884.1259765625,4710.0,0
0,970,0.6900330107801137,0.0308404266834259,0.203125,0.9383394718170166,1.1263536214828491,473.5480849245493,1.0811995999974895,0.7445393000016338,0.2815035999956308,124.0126953125,4710.0,0
0,971,0.7536952993012387,0.0495283156633377,0.265625,0.941307008266449,0.7748310565948486,300.5413736288552,1.703592400001071,0.9106088999978964,0.7412191999974311,864.7919921875,4710.0,0
0,972,0.7393594629638931,0.0304286926984787,0.15625,0.924999475479126,0.945637583732605,281.7675121948705,1.8171008999997864,0.9258245000019087,0.8430851000011899,1051.07470703125,4710.0,0
0,973,0.6572116325210597,0.0318940877914428,0.296875,0.8914092183113098,1.0125675201416016,532.6318682593114,0.9612643000000388,0.6830827000012505,0.2614800000010291,100.96337890625,4710.0,0
0,974,0.6679048910993037,0.0264768600463867,0.21875,0.9051283597946168,1.054682731628418,524.9614558333059,0.9753096999993432,0.7113493000069866,0.2365492000026279,83.3671875,4710.0,0
0,975,0.6901521020282424,0.0288718193769454,0.25,0.9587485790252686,1.121729850769043,502.294761085963,1.019321799998579,0.6965666000032797,0.2956541000021389,175.857421875,4710.0,0
0,976,0.6804696801954007,0.057966411113739,0.265625,0.9686849117279052,0.8394917845726013,471.6112589464821,1.0856398999967496,0.7449307999995654,0.3132404999996652,173.919921875,4710.0,0
0,977,0.6937537362750417,0.0307628214359283,0.390625,0.9760853052139282,0.6585793495178223,465.50164575644,1.0998887000023387,0.7485480999966967,0.2874634000036167,126.04638671875,4710.0,0
0,978,0.6840033809457947,0.0202437490224838,0.0625,0.9390474557876588,0.7813221216201782,267.67615430510136,1.9127590999996755,0.9460153000036372,0.902125000000524,1056.62255859375,4710.0,0
0,979,0.6572624892352198,0.0298245847225189,0.1875,0.8940476775169373,1.0636965036392212,487.9757811517237,1.0492324000006192,0.7495981000029133,0.2718934000004083,90.28173828125,4710.0,0
0,980,0.6495070550506062,0.0405798852443695,0.125,0.954860508441925,0.8476567268371582,503.0580921064861,1.0177751000010176,0.7177098000029218,0.2920403000025544,105.6650390625,4710.0,0
0,981,0.6728843780868017,0.0162471830844879,0.21875,0.975217342376709,1.0733684301376345,493.6778381832865,1.0371136000030674,0.7081732000006014,0.3000902000057976,103.49951171875,4710.0,0
0,982,0.6813667228057919,0.0120381414890289,0.09375,0.8272031545639038,0.6359015703201294,268.4229777822527,1.9074373000039488,0.9492599999939556,0.8892122999968706,1046.28564453125,4710.0,0
0,983,0.6773573731070359,0.0356051623821258,0.1875,0.9776339530944824,1.3811670541763306,413.9269941111841,1.236933100000897,0.921456500000204,0.2914614000037545,106.0087890625,4710.0,0
0,984,0.6838932688960144,0.0127065181732177,0.34375,0.9144551753997804,1.1265802383422852,375.7026906107338,1.3627797000008286,0.9936939000035636,0.3371884000007412,125.74951171875,4710.0,0
0,985,0.6903430561207489,0.0031574815511703,0.171875,0.978927731513977,0.9825120568275452,347.7423642023504,1.4723544000007678,1.0702779999992345,0.3661063999970793,178.62939453125,4710.0,0
0,986,0.6834939896084633,0.0361156463623046,0.171875,0.9692479968070984,1.0025053024291992,300.86542882888904,1.7017574999990757,1.0547930000029735,0.608246900002996,558.2099609375,4710.0,0
0,987,0.7003924204378241,0.0067452788352966,0.234375,0.968925952911377,1.4005353450775146,404.9545236844788,1.2643395000050075,0.9289830999987316,0.3170776999977533,122.20947265625,4710.0,0
0,988,0.6424969294400789,0.0136788040399551,0.25,0.9712291955947876,1.2975618839263916,416.1914402589546,1.230203099999926,0.9085922000012944,0.3154986000008648,82.1484375,4710.0,0
0,989,0.6907654351000712,0.0609165132045745,0.34375,0.9699712991714478,1.1154183149337769,389.9005997143798,1.313155200004985,0.913610499999777,0.3783528999992995,231.36181640625,4710.0,0
0,990,0.6996564902586125,0.0445640385150909,0.078125,0.917698860168457,0.9188568592071532,224.20417152904065,2.2836327999975765,1.2570605000000796,0.9441556999954628,1031.21240234375,4710.0,0
0,991,0.6848324371194832,0.0273678749799728,0.09375,0.977318286895752,0.812427282333374,318.6915917527941,1.6065688999951817,1.072577300001285,0.4582367000039085,337.4306640625,4710.0,0
0,992,0.6487052762122052,0.0097868144512176,0.28125,0.95235276222229,1.0300076007843018,379.3259363305072,1.349762699996063,1.0749039000002083,0.2620229999956791,83.3671875,4710.0,0
0,993,0.7005633512459555,0.0033081173896789,0.03125,0.904496967792511,1.124850511550903,267.3761883751852,1.914904999997816,0.9600892000016756,0.9063109000053372,1057.517578125,4710.0,0
0,994,0.7127588085027708,0.0279638916254043,0.078125,0.9617891907691956,0.6383116245269775,301.5761832099808,1.6977467999968212,0.9120493000009446,0.7306129000062356,836.74072265625,4710.0,0
0,995,0.7083058945936412,0.0044807344675064,0.28125,0.963825225830078,1.0814086198806765,341.5878846246391,1.4988822000013895,0.8539316000023973,0.5638678000032087,563.6416015625,4710.0,0
0,996,0.6994161927642336,0.0031870305538177,0.265625,0.96855890750885,1.305497169494629,429.725813110456,1.1914573999965796,0.8036158999966574,0.3269509999954607,176.4892578125,4710.0,0
0,997,0.6817428137128781,0.0089438706636428,0.28125,0.9732170701026917,0.6273548007011414,422.98717175769775,1.2104385999991791,0.780358800002432,0.3943160999988322,232.0146484375,4710.0,0
0,998,0.6831162915490381,0.0342442095279693,0.09375,0.9825661778450012,1.0219805240631104,414.8598587994194,1.2341517000022575,0.7792928999988362,0.4438781999997445,222.78173828125,4710.0,0
0,999,0.7452465446534029,0.0176622867584228,0.140625,0.9303385019302368,1.521747589111328,257.5250116134531,1.988156400002481,1.003180899999279,0.9424514999991516,1096.67724609375,4710.0,0
0,1000,0.6480996031520315,0.0455945432186126,0.234375,0.904996931552887,1.1910556554794312,485.96505398594,1.053573700002744,0.7457792999994126,0.2850775999977486,92.44775390625,4710.0,0
0,1001,0.7027346966830799,0.016090914607048,0.234375,0.9665127396583556,1.198848009109497,265.93904635566787,1.9252531999954956,1.4031605999916792,0.512884199997643,104.62744140625,144.0,0
0,1002,0.6868661266913341,0.0195579677820205,0.28125,0.98397558927536,0.8020029664039612,329.1823143468931,1.555369099995005,1.0373347999993712,0.5011116999958176,344.75341796875,520.0,0
0,1003,0.6571193050008607,0.0286086350679397,0.25,0.9588269591331482,0.984831929206848,422.43562188427177,1.2120189999986906,0.8728679999912856,0.3314820999949006,101.75341796875,520.0,0
0,1004,0.7073906696399321,0.0390399247407913,0.296875,0.932019293308258,0.90421724319458,245.2350518102084,2.0877928999980213,1.2045827999972971,0.8317263000062667,853.98046875,1268.0,0
0,1005,0.7052475726743411,0.0278386175632476,0.125,0.9554466009140016,1.2357219457626345,255.54181352755543,2.0035860000061803,1.1533845999947516,0.8176681999902939,870.89501953125,1924.0,0
0,1006,0.7120410273779543,0.0035548210144042,0.09375,0.9687556028366088,0.8355405330657959,225.8590927757676,2.266900100003113,1.236394100007601,0.9895898000104352,1098.49072265625,2756.0,0
0,1007,0.721001262071015,0.0613731145858764,0.359375,0.9316642880439758,1.6578930616378784,380.32654005147896,1.3462115999864182,0.9744532000040635,0.3619575999910012,175.98095703125,2756.0,0
0,1008,0.6873737302661133,0.0081463158130645,0.265625,0.970783829689026,1.2711225748062134,376.003735363621,1.3616885999945223,1.005034000001615,0.3362592999910703,127.26171875,2756.0,0
0,1009,0.7561018064873096,0.0166362822055816,0.375,0.89849454164505,0.8735409379005432,257.7849675624348,1.9861514999938663,1.1475867999979528,0.8055967999971472,850.53125,2756.0,0
0,1010,0.645930769805317,0.0316868424415588,0.1875,0.929557204246521,1.1222158670425415,408.0877898869406,1.2546319999964908,0.9373868000111544,0.3036864000023342,80.01904296875,2756.0,0
0,1011,0.666309152316284,0.0046649873256683,0.203125,0.9439647793769836,1.7259944677352903,399.62316783868215,1.2812070000072708,0.9457601000030992,0.3275225999968825,84.19921875,2756.0,0
0,1012,0.6785176860611556,0.0293419957160949,0.328125,0.9460858702659608,0.961591362953186,409.8824910118125,1.2491385000030275,0.9176466000062646,0.3245625999988988,82.8046875,2756.0,0
0,1013,0.7396390905164557,0.0285395681858062,0.140625,0.9142711758613586,1.0993283987045288,231.8511178928844,2.20831369998632,1.222073500000988,0.9452986999967834,1047.888671875,2756.0,0
0,1014,0.7659255822068836,0.0095433741807937,0.171875,0.8988068699836731,1.9508839845657349,235.26547710241417,2.176264900001115,1.2032819999876665,0.9321638999972492,1044.595703125,2756.0,0
0,1015,0.7024798719225888,0.0412752628326416,0.46875,0.9481143951416016,0.603295624256134,387.89700728351454,1.3199380000005476,0.9442285999975866,0.366236799993203,121.1767578125,2756.0,0
0,1016,0.7313480016914793,0.0055124759674072,0.0625,0.9827682971954346,1.7806005477905271,343.47890868409064,1.490630100000999,0.9886326999985612,0.4481934000068577,322.39306640625,2756.0,0
0,1017,0.7494066775571129,0.0260751992464065,0.296875,0.9097524881362916,1.3751168251037598,266.65655593897395,1.920072799999616,1.0774085000011837,0.8054517999989912,836.35302734375,2756.0,0
0,1018,0.7725000111074968,0.0482946336269378,0.234375,0.8641157746315002,0.9997861981391908,238.91419471386425,2.14302879999741,1.1802339999994729,0.9217793999996502,1025.98291015625,2756.0,0
0,1019,0.6812491189342407,0.0157467424869537,0.09375,0.849807620048523,0.7452104687690735,420.8106654468684,1.216699199998402,0.9110617999976968,0.2991167000000132,88.849609375,2756.0,0
0,1020,0.7489846539287178,0.0328035056591033,0.375,0.9762287139892578,1.5559656620025637,307.28015710132826,1.666231900002458,1.0396743000019342,0.6021834999992279,517.89306640625,2760.0,0
0,1021,0.7480157143404447,0.0163127779960632,0.3125,0.9842329621315002,1.8828390836715696,315.23162906188736,1.6242024999955902,1.031151899995166,0.5682527999888407,527.90185546875,2762.0,0
0,1022,0.6870405354332048,0.0628193914890289,0.296875,0.9202311038970948,1.1614359617233276,377.34252693173846,1.3568573999946238,0.9948411999939708,0.3547858000092674,100.40869140625,2762.0,0
0,1023,0.7020876696831293,0.0239407867193222,0.1875,0.9895213842391968,1.9429752826690676,375.4817735495817,1.363581500001601,0.9346783999935724,0.3977002000028733,229.900390625,2762.0,0
0,1024,0.7422215490413051,0.0551426261663436,0.265625,0.9121501445770264,2.0154433250427246,247.79996464006413,2.066182700000354,1.14166190000833,0.8509753000107594,884.49658203125,2762.0,0
0,1025,0.7013907742455445,0.0203365683555603,0.203125,0.9362929463386536,1.0407363176345823,395.94845740767386,1.2930976000061492,0.8981803000060609,0.3826180000032764,224.4599609375,2762.0,0
0,1026,0.6741213911455902,0.035017117857933,0.1875,0.9185956120491028,1.6892305612564087,412.130016718562,1.242326399995363,0.8850451000034809,0.3493491999979596,105.58251953125,2762.0,0
0,1027,0.7742125024196447,0.0102037191390991,0.15625,0.917044758796692,1.1162084341049194,227.77896116175165,2.247793199989246,1.2148428999935277,0.9910124999878462,1086.2236328125,2762.0,0
0,1028,0.6540347345088952,0.0383955836296081,0.140625,0.9252258539199828,1.1927913427352903,405.009300580413,1.2641684999980498,0.899005400002352,0.3362651000061305,100.69384765625,2762.0,0
0,1029,0.7094541204201011,0.011235237121582,0.140625,0.9637049436569214,0.957955539226532,421.3225413299633,1.2152210000058403,0.8710845000023255,0.3353606000018772,125.32470703125,2762.0,0
0,1030,0.6749596251680755,0.01534965634346,0.28125,0.916803240776062,0.8888006210327148,417.1641539315573,1.2273346000001766,0.9034590999945068,0.3163365000073099,82.8046875,2762.0,0
0,1031,0.771270538421806,0.016787052154541,0.34375,0.9124488830566406,2.4272449016571045,235.6799786263241,2.172437400004128,1.181491700001061,0.948154199999408,1033.75,2762.0,0
0,1032,0.7735327972318223,0.0328650176525116,0.359375,0.9785459637641908,0.7467063069343567,267.80629403250526,1.9118296000087869,1.0880863999918802,0.7890408000093885,871.3759765625,2762.0,0
0,1033,0.7681011208221878,0.009943813085556,0.203125,0.967408001422882,0.8786124587059021,244.54810566813092,2.0936576000094647,1.134384900011355,0.915762500007986,1031.8056640625,2762.0,0
0,1034,0.7029077673407148,0.0240902453660964,0.21875,0.9377476572990416,1.2039570808410645,376.0855430087678,1.3613923999946564,0.9543430000048828,0.3751794999989215,233.85400390625,2762.0,0
0,1035,0.6430739384447646,0.0066100656986236,0.28125,0.9067605137825012,1.27275812625885,403.35843163251576,1.269342499988852,0.9428068999986864,0.3192455000098562,82.8046875,2762.0,0
0,1036,0.6766578889039285,0.0068757534027099,0.203125,0.945518672466278,1.6452536582946775,411.1166916991695,1.2453884999995353,0.91068919999816,0.3252605999878142,120.23681640625,2762.0,0
0,1037,0.7257324848895088,0.0128262042999267,0.234375,0.9684861302375792,1.2334214448928833,328.51544895303414,1.558526399996481,1.056478700003936,0.44004839999252,324.568359375,2762.0,0
0,1038,0.7029688833320459,0.0023705214262008,0.359375,0.9771313667297364,1.4913818836212158,405.5356888820263,1.2625276000035228,0.896134800001164,0.3459414000099059,175.2421875,2762.0,0
0,1039,0.7058772030889942,0.0091514289379119,0.203125,0.9875617027282716,1.6269060373306274,395.4184287675874,1.2948309000057634,0.9112660999962828,0.3733988000021782,181.01513671875,2762.0,0
0,1040,0.761012617200453,0.0122994780540466,0.171875,0.960770070552826,0.920284867286682,310.1924701886663,1.650588099990273,1.036375099996803,0.59100389998639,538.7333984375,2762.0,0
0,1041,0.7733749375361659,0.04473477602005,0.359375,0.8522890210151672,1.1488524675369265,271.6689840780856,1.8846464999951424,1.080880099994829,0.7656735999917146,812.23681640625,2762.0,0
0,1042,0.690065773235842,0.034326285123825,0.1875,0.9462359547615052,1.2315129041671753,434.0054823705972,1.1797086000005947,0.8231782999937423,0.3470635999983642,124.38330078125,2762.0,0
0,1043,0.722699473700949,0.0086781233549118,0.21875,0.9665974974632264,0.9338151216506958,248.42007018874,2.0610250999889104,1.1738498999911826,0.8034218999964651,856.9296875,2762.0,0
0,1044,0.7392206198784083,0.0352690368890762,0.1875,0.9732046127319336,0.8123197555541992,363.8800702448791,1.407057000003988,0.9399201000051108,0.4500442999997176,323.84423828125,2762.0,0
0,1045,0.7316285532780578,0.0280828326940536,0.625,0.9751172065734864,1.9958014488220213,372.5288495221141,1.374390199998743,0.9301055999967502,0.4287527999986196,332.74853515625,2762.0,0
0,1046,0.7273848448654725,0.0045840293169021,0.21875,0.9762448072433472,0.8495305776596069,364.93249604143847,1.4029991999996128,0.9595714999886696,0.4255830000038259,325.25634765625,2762.0,0
0,1047,0.7409646381869848,0.0025842785835266,0.28125,0.9096612334251404,0.3608540594577789,234.0024050133881,2.188011700010975,1.153182900001411,0.909393199995975,1029.77490234375,2762.0,0
0,1048,0.6294621654701125,0.0491511523723602,0.15625,0.963518500328064,1.3041173219680786,411.8963716977392,1.243031100006192,0.9010567000077572,0.3331087999977171,127.43408203125,2762.0,0
0,1049,0.6625449577455981,3.87728214263916e-05,0.21875,0.9874006509780884,1.166485071182251,387.9797213920494,1.3196565999969607,0.9278296999982558,0.3785012000007555,229.88037109375,2762.0,0
0,1050,0.7264315326146342,0.0303770899772644,0.1875,0.8869068026542664,1.179488182067871,267.16353518220774,1.9164292000059504,1.099235299989232,0.7818242000066675,837.5107421875,2762.0,0
0,1051,0.7442820444932158,0.001154139637947,0.21875,0.9733887910842896,1.0193856954574585,315.1108386975274,1.6248251000070013,0.9880376999935834,0.6126170999923488,537.1552734375,2762.0,0
0,1052,0.67448009548363,0.0302734673023223,0.234375,0.9768136739730836,1.1282289028167725,377.3141350240624,1.3569594999862602,0.9385487999970792,0.4064614999952027,234.27978515625,2762.0,0
0,1053,0.7257899466862221,0.0019319802522659,0.109375,0.9033339023590088,1.3613179922103882,236.96799816524396,2.160629300007713,1.1565424000000348,0.9612286999908974,1078.5673828125,2762.0,0
0,1054,0.7313771198233388,0.0351626276969909,0.234375,0.9768673181533812,0.5980632901191711,270.219190513644,1.89475809999567,1.0631353000062518,0.7939183999988018,870.41748046875,2762.0,0
0,1055,0.7259706741990314,0.0196962803602218,0.203125,0.9630258083343506,0.8581451177597046,312.95763177107784,1.63600420000148,1.0222040999942692,0.5909516999963671,552.0400390625,2762.0,0
0,1056,0.6791149308692809,0.0213378220796585,0.234375,0.9203968644142152,0.8750059008598328,386.4111864838941,1.3250133999972604,0.9007642999931704,0.4150038000079803,122.56103515625,2762.0,0
0,1057,0.6892648916492651,0.0141603648662567,0.171875,0.9262213706970216,1.0506139993667605,386.2988256839648,1.3253987999923993,0.992765100003453,0.3247993999975733,80.01904296875,2762.0,0
0,1058,0.7533397882287697,0.0502360016107559,0.140625,0.926236927509308,0.6536130309104919,215.82244961533613,2.3723203999979887,1.342156500002602,0.9898129000066548,1097.8623046875,2762.0,0
0,1059,0.7059382798441125,0.0071538686752319,0.171875,0.9031772017478944,1.4984360933303833,393.4907106618197,1.301174299995182,0.9153067999868654,0.3771472000080393,121.31787109375,2762.0,0
0,1060,0.7448139560483169,0.0325015783309936,0.203125,0.9734221696853638,0.70572429895401,384.14622526165454,1.332825799996499,0.906921900008456,0.4140427000093041,221.25439453125,2762.0,0
0,1061,0.7623357859190583,0.0081572383642196,0.328125,0.9576356410980223,0.6433930993080139,260.91190136356033,1.9623482000024524,1.1164627999969523,0.8106396999937715,882.34033203125,2762.0,0
0,1062,0.7216510071945844,0.0190252512693405,0.296875,0.9673935174942015,1.0153648853302002,382.6270004036341,1.3381177999981446,0.9639224999991712,0.3612297999934526,237.62451171875,2762.0,0
0,1063,0.7495122768102129,0.0305668413639068,0.265625,0.9238427877426147,0.8871175646781921,321.36168982054465,1.5932203999982448,1.003177999999025,0.565270099992631,552.03564453125,2762.0,0
0,1064,0.7474013854077237,0.009862020611763,0.25,0.9846908450126648,1.8233208656311035,398.6860180952858,1.284218600005261,0.8852183999988483,0.3864328000054229,229.3505859375,2762.0,0
0,1065,0.6725382866114453,0.0056876540184021,0.15625,0.9041378498077391,1.1866134405136108,423.94739740508567,1.2076969999907303,0.8784094999864465,0.3222538999980315,82.8046875,2762.0,0
0,1066,0.7549440237811592,0.0095967948436737,0.390625,0.9187564849853516,1.7257815599441528,266.4103715651065,1.9218470999912824,1.0886114000022644,0.7983136999973794,849.24365234375,2762.0,0
0,1067,0.6948369528193638,0.0283682644367218,0.140625,0.922479808330536,0.9549438953399658,397.2835427406363,1.2887520999938715,0.9328058000101008,0.3449674000003142,125.73095703125,2762.0,0
0,1068,0.6869026632297738,0.0015869438648223,0.34375,0.9048156142234802,0.9085829257965088,421.9101570349349,1.2135284999967553,0.8875033999938751,0.3188965000008465,82.8046875,2762.0,0
0,1069,0.7600215930466372,0.0071897506713867,0.234375,0.9314233660697936,1.5303654670715332,370.7410846369544,1.3810176999977557,0.9200864000013098,0.4441760000045178,318.49609375,2762.0,0
0,1070,0.7423348547538194,0.0138078927993774,0.078125,0.9818409085273744,1.429875135421753,380.04276668737685,1.3472168000007514,0.92877359999693,0.4028565000044182,322.26953125,2762.0,0
0,1071,0.6708255709734957,0.0251417607069015,0.125,0.9437572956085204,1.2702878713607788,437.7925065355621,1.1695037999888882,0.8436509000021033,0.3184661000123014,100.546875,2762.0,0
0,1072,0.7058796770279793,0.0008926689624786,0.109375,0.970413327217102,1.0769165754318235,410.7002824862573,1.24665119999554,0.9034113999950932,0.3339352000039071,121.22900390625,2762.0,0
0,1073,0.752706853237392,0.010901391506195,0.09375,0.9606861472129822,0.8622399568557739,309.86036191195774,1.6523572000005515,1.0371907999942778,0.5898954000003869,551.3349609375,2762.0,0
0,1074,0.7458954540721596,0.0123173743486404,0.15625,0.9243565201759338,0.7047345042228699,249.15950033062816,2.0549085999955423,1.118367400005809,0.8971096000022953,1014.60693359375,2762.0,0
0,1075,0.6737034475283962,0.0084917545318603,0.1875,0.9225603342056274,1.0152994394302368,416.3872792097418,1.2296244999888586,0.8917896999919321,0.3292133000068133,128.78515625,2762.0,0
0,1076,0.7388117091582681,0.0446872264146804,0.359375,0.975220501422882,0.9669156074523926,336.85347406649976,1.5199487000063527,0.9884881000034512,0.5012379000108922,340.61083984375,2762.0,0
0,1077,0.7348962561067661,0.0189341753721237,0.25,0.9532714486122132,1.1248645782470703,346.1392928058576,1.479173300002003,1.026476299986825,0.4274874000111595,175.97265625,2762.0,0
0,1078,0.6675269767467732,0.0561310052871704,0.171875,0.9235067367553712,0.7046336531639099,375.018879124974,1.3652645999973174,0.9542740999895614,0.4029556000023149,100.40869140625,2762.0,0
0,1079,0.6790416491458399,0.0251202285289764,0.109375,0.974622368812561,0.929549515247345,379.26782790506616,1.3499694999918574,0.9824922999978298,0.358873199991649,101.73388671875,2762.0,0
0,1080,0.7080284669444084,0.0320675671100616,0.265625,0.9742876887321472,1.738534450531006,325.5531223836409,1.572708000006969,1.1816931000066688,0.3824953000003006,105.27001953125,2762.0,0
0,1081,0.7815996491797347,0.0045841932296752,0.109375,0.8228663206100464,0.8011075854301453,243.164547216872,2.1055701000004774,1.2358497999957765,0.8323680000030436,830.10009765625,2762.0,0
0,1082,0.7644452672173979,0.0252656638622283,0.390625,0.9409984350204468,1.778546929359436,232.82057027868,2.199118400007137,1.3243030000012368,0.8395094000006793,849.0078125,2762.0,0
0,1083,0.74692611653637,0.019622266292572,0.375,0.9625648260116576,0.7962926626205444,391.1042124663718,1.3091140000033192,0.9397924999939278,0.3590388000011444,172.421875,2762.0,0
0,1084,0.7598762418097713,0.0341473668813705,0.203125,0.9652341604232788,1.0099388360977173,318.56064346196433,1.6072293000033824,1.0975039000040852,0.4919262000039452,345.166015625,2762.0,0
0,1085,0.6959658065581129,0.0694715976715087,0.28125,0.9539100527763368,1.1255959272384644,395.0444147206927,1.2960567999980412,0.935672200008412,0.3529080000007525,80.01904296875,2762.0,0
0,1086,0.7054586771899152,0.0501893758773803,0.28125,0.9803297519683838,1.0813286304473877,404.9384778209993,1.264389600008144,0.8799010999937309,0.3761582000006456,121.58447265625,2762.0,0
0,1087,0.7646692318879786,0.0245231688022613,0.296875,0.9145374894142152,1.0206738710403442,263.7626807661388,1.9411388999869812,1.1189884999912465,0.7887311999947997,810.26806640625,2762.0,0
0,1088,0.7416094684814418,0.037303939461708,0.234375,0.9853919744491576,0.6821162104606628,304.23051546160235,1.6829343999997946,1.0537157000071602,0.6045186999981524,535.19775390625,2762.0,0
0,1089,0.6698207552858186,0.0025208294391632,0.234375,0.9560034275054932,1.5854250192642212,403.5089834714656,1.268868900006055,0.8984573000052478,0.3626427000126568,100.0986328125,2762.0,0
0,1090,0.7605178152263338,0.0177487730979919,0.34375,0.97853684425354,1.2738310098648071,340.7370888579122,1.5026248000067426,0.9960208999982568,0.4283736999932444,326.33935546875,2762.0,0
0,1091,0.7833260601092016,0.0233452916145324,0.28125,0.9308348894119264,0.5601375102996826,253.696159802067,2.018162200009101,1.1726920999935828,0.8120523999969009,849.24072265625,2762.0,0
0,1092,0.7686422563662508,0.0045506805181503,0.21875,0.9465509653091432,1.0775628089904783,358.0054815402742,1.4301456999965012,0.9757762000081128,0.4374308999977074,335.96337890625,2762.0,0
0,1093,0.7698086638974916,0.0755082964897155,0.234375,0.9634764194488524,1.0354732275009155,348.22654748672807,1.4703071999974782,1.0460115999885602,0.4087275000056252,326.232421875,2762.0,0
0,1094,0.7780047413895057,0.0096956044435501,0.15625,0.9398897290229796,0.8438069820404053,243.139085148609,2.105790600006003,1.1051084000064293,0.9587625000131084,1098.20166015625,2762.0,0
0,1095,0.7229806160414624,0.0108490586280822,0.203125,0.9007750749588012,0.7141289710998535,433.7405411517589,1.1804292000015266,0.8521012999990489,0.3202573000016855,98.80908203125,2762.0,0
0,1096,0.7681672476781808,0.0229098796844482,0.28125,0.9128648042678832,0.535129964351654,314.182325157443,1.629627000002074,1.0118073000048753,0.5944570999999996,545.3203125,2762.0,0
0,1097,0.8172801584091856,0.0144921839237213,0.171875,0.8959602117538452,0.7110398411750793,181.9345462753436,2.81419889999961,1.209786699997494,1.486540599988075,1098.44091796875,2762.0,0
0,1098,0.707100191704807,0.0148540139198303,0.28125,0.9106177687644958,0.9146859645843506,474.5491504990607,1.07891880000534,0.7937478999956511,0.2772627000085776,120.23681640625,2762.0,0
0,1099,0.7111899564893382,0.0181191563606262,0.25,0.9364100694656372,0.9207535982131958,500.5496758897263,1.0228754999989178,0.7226845000113826,0.293209299998125,99.08251953125,2762.0,0
0,1100,0.7301094402552388,0.0085571259260177,0.21875,0.9811305403709412,0.9577561020851136,431.77455970512864,1.18580400000792,0.8225164999894332,0.3523975999996764,226.14990234375,2762.0,0
0,1101,0.7714089900691868,0.0223084688186645,0.203125,0.9604192972183228,0.6704241633415222,377.5514124375386,1.3561066999973264,0.8201830000034533,0.5155801000073552,519.83251953125,2762.0,0
0,1102,0.6826837790252056,0.0295910239219665,0.21875,0.926787257194519,1.1231297254562378,520.780197903149,0.9831402999989224,0.7268417000013869,0.2501495000033173,80.01904296875,2762.0,0
0,1103,0.7178787308125517,0.0089169442653656,0.21875,0.9692038297653198,1.0368144512176514,506.28725710352415,1.01128360000439,0.7273574999999255,0.2756304000067757,131.00439453125,2762.0,0
0,1104,0.7871177416735292,0.020849660038948,0.171875,0.9813870787620544,0.8512687683105469,360.4150517221659,1.4205843999952776,0.829376499998034,0.549548800001503,566.2490234375,2762.0,0
0,1105,0.6974800497524384,0.0200164765119552,0.25,0.9374982118606568,1.247115969657898,523.7435882315023,0.9775776000024052,0.7156103000015719,0.2556576999922981,81.4140625,2762.0,0
0,1106,0.6987170531633974,0.0462078303098678,0.125,0.9698752760887146,1.0305455923080444,516.4281649414498,0.9914254000032088,0.730206599997473,0.2553023999935249,84.19921875,2762.0,0
0,1107,0.7276021205218992,0.0065263509750366,0.203125,0.962375283241272,1.68448007106781,509.58690218440194,1.004735399998026,0.7107423000124982,0.2873612000112189,101.73974609375,2762.0,0
0,1108,0.7495546646888719,0.0194356590509414,0.15625,0.98483544588089,1.051867961883545,464.1901758125955,1.1029962000029627,0.7504913000011584,0.3337752999941585,229.751953125,2762.0,0
0,1109,0.7195067181958041,0.0030143857002258,0.21875,0.9248923063278198,0.8265107274055481,509.1671973789466,1.00556360000337,0.7484207000088645,0.2508700000034878,82.8046875,2762.0,0
0,1110,0.6876102232883127,0.0232594758272171,0.15625,0.9694989323616028,1.0444279909133911,497.94844269102106,1.0282188999990467,0.7557950000045821,0.2651324999897042,104.7001953125,2762.0,0
0,1111,0.7166944907379407,0.0049050152301788,0.390625,0.9763742089271544,1.2456557750701904,511.5853600648822,1.0008105000015348,0.7185914000001503,0.2754844000010052,100.14306640625,2762.0,0
0,1112,0.7210006022504832,0.0559597164392471,0.296875,0.9907273650169371,0.7594790458679199,501.9060175134919,1.0201112999930046,0.7007094000000507,0.309984199993778,174.4140625,2762.0,0
0,1113,0.749240114858938,0.0217569470405578,0.375,0.974891185760498,0.9126250743865968,358.243526390712,1.429195400007302,0.8576310000062222,0.5428878999955487,548.85693359375,2762.0,0
0,1114,0.7771818189934098,0.0367332845926284,0.203125,0.8773183822631836,0.8199121952056885,266.4965114194251,1.9212259000050835,0.9621060000063152,0.9135220000025585,1099.38671875,2762.0,0
0,1115,0.7504881731497948,0.0237955003976821,0.296875,0.9503225088119508,1.463805079460144,425.34515471801126,1.2037282999954186,0.805876000013086,0.3835573000105796,326.130859375,2762.0,0
0,1116,0.6766581981670571,0.0175374448299407,0.21875,0.9231374859809875,0.6206163167953491,482.0732312558603,1.062079299998004,0.7986204999906477,0.2574212000035913,81.4140625,2762.0,0
0,1117,0.6946946298655042,0.0163779556751251,0.296875,0.9630870223045348,1.1553808450698853,488.1588583361757,1.048838899994735,0.7409552000026451,0.3013881999941077,100.40869140625,2762.0,0
0,1118,0.6848784772987094,0.0206303000450134,0.203125,0.965162992477417,1.2755446434020996,499.6354710328647,1.0247471000038786,0.745003000003635,0.2736148000112735,80.01904296875,2762.0,0
0,1119,0.6973502948686454,0.0056876093149185,0.15625,0.9747209548950196,1.222740650177002,478.53092501583086,1.0699412999965716,0.7556081999937305,0.2925633999984711,125.46630859375,2762.0,0
0,1120,0.7250704792461047,0.0049551725387573,0.1875,0.9763219952583312,0.8002616763114929,495.8748923159528,1.0325184999965131,0.7403746000054525,0.2847846999939065,122.91259765625,2762.0,0
0,1121,0.7562730683122718,0.0283046960830688,0.265625,0.9834688305854796,1.4140266180038452,448.6888383223225,1.1411025999987032,0.7792184999998426,0.327710700003081,229.7734375,2762.0,0
0,1122,0.7843928808380765,0.0043783783912658,0.15625,0.9188683032989502,1.4195212125778198,377.629744948414,1.3558254000090528,0.8231143000011798,0.5123947999964003,532.6611328125,2762.0,0
0,1123,0.7190027790940344,0.0037666857242584,0.234375,0.9807502627372742,1.449371099472046,454.77772872017454,1.1258246999932453,0.8090422000095714,0.3078852000035113,173.7392578125,2762.0,0
0,1124,0.7071903885876344,0.0251663327217102,0.09375,0.9629386067390442,1.387534737586975,483.4919145881823,1.0589629000023706,0.769777100009378,0.2830305000097723,81.4140625,2762.0,0
0,1125,0.7653539302115776,0.0059324353933334,0.109375,0.956474781036377,1.0820224285125732,353.0708196624757,1.4501339999987977,0.8809802000032505,0.5472833000094397,539.861328125,2762.0,0
0,1126,0.755800535811814,0.0084637254476547,0.15625,0.9693411588668824,0.6592192649841309,427.13259714217287,1.1986909999977795,0.7915128000022378,0.3923514999914914,324.2265625,2762.0,0
0,1127,0.7660495630328754,0.0187897384166717,0.0625,0.9280140995979308,1.3214116096496582,308.77234287612265,1.658179599995492,0.8976240999909351,0.7292458000010811,848.31689453125,2762.0,0
0,1128,0.6651307227494571,0.0015675127506256,0.171875,0.891955554485321,0.7633123993873596,531.5615721698662,0.9631997999968008,0.7125339999911375,0.2446236999967368,82.8046875,2762.0,0
0,1129,0.679846660556796,0.0103742778301239,0.25,0.9417012333869934,0.7686026692390442,523.1080423417983,0.9787653000093997,0.7076150000066264,0.2651785999914864,82.8046875,2762.0,0
0,1130,0.7384991049970647,0.007032886147499,0.1875,0.9665870070457458,0.9777376651763916,373.9234273442397,1.3692643000104,0.8110261000110768,0.5373506000032648,557.216796875,2762.0,0
0,1131,0.7048107444270645,0.0032804906368255,0.140625,0.9401637315750122,1.0969929695129397,524.0831564403168,0.9769441999960692,0.7120570999977645,0.2581635999958962,104.73779296875,2762.0,0
0,1132,0.6705319192645326,0.0358522236347198,0.1875,0.9311200976371764,0.9399102330207824,528.2790782772796,0.9691847000067356,0.7218373999930918,0.2344875999988289,80.01904296875,2762.0,0
0,1133,0.7215323788934245,0.0181432664394378,0.140625,0.97346031665802,1.5277498960494995,493.60178329188113,1.0372733999975026,0.7366634999925736,0.2933198999962769,128.3125,2762.0,0
0,1134,0.7276383743386334,0.0251328945159912,0.34375,0.9692997336387634,0.8564311861991882,496.12955958725496,1.0319884999917122,0.7491623000096297,0.2752304000023287,121.61767578125,2762.0,0
0,1135,0.7510108588533029,0.0178548991680145,0.265625,0.9649313688278198,1.4709442853927612,359.2429096007351,1.4252195000008214,0.8613700999994762,0.542598200001521,557.091796875,2762.0,0
0,1136,0.7465769752059728,0.0476838052272796,0.171875,0.9426057934761048,0.9968248009681702,305.9671055486712,1.6733824999973876,0.9160469000053126,0.7264107000082731,855.85986328125,2762.0,0
0,1137,0.8041223944640663,0.0112197399139404,0.203125,0.7997884154319763,2.29813003540039,280.51955509064805,1.8251846999919508,0.9339613000047392,0.8529918999993242,1020.05322265625,2762.0,0
0,1138,0.6937132174238926,0.007917433977127,0.234375,0.9116852879524232,1.290568470954895,504.6076493149794,1.0146497000096133,0.7424093000008725,0.2660642999981064,87.8681640625,2762.0,0
0,1139,0.7175195397298177,0.025588572025299,0.28125,0.9694198966026306,0.7023801207542419,455.5476675032917,1.1239218999980949,0.7909015000041109,0.3067656999919563,179.07861328125,2762.0,0
0,1140,0.7569740420648169,0.0001477748155593,0.3125,0.977003276348114,1.4008530378341677,425.95092712592,1.2020163999986837,0.7843255000043428,0.4029656999919098,336.93212890625,2762.0,0
0,1141,0.721607234439374,0.0405600070953369,0.15625,0.9647722840309144,1.1904057264328003,474.5771698161857,1.07885510000051,0.748364799990668,0.3198646000091685,224.73974609375,2762.0,0
0,1142,0.7299451128937431,0.0011245906352996,0.15625,0.9763485193252563,1.293953776359558,480.12237118930034,1.0663948000001255,0.7675062999915099,0.289407599993865,177.14501953125,2762.0,0
0,1143,0.7390818200324523,0.0019693374633789,0.171875,0.9884013533592224,1.4933371543884275,414.8643296398672,1.2341384000028484,0.8064281000115443,0.4131371000112267,332.16357421875,2762.0,0
0,1144,0.645443824393701,0.0067810416221618,0.234375,0.9195218682289124,1.1947009563446045,522.0592463865701,0.9807315999933052,0.7210842000058619,0.2530840000108583,81.4140625,2762.0,0
0,1145,0.7338814888429149,0.0095691978931427,0.09375,0.9900941252708436,1.812726378440857,428.101949800561,1.1959768000087934,0.7730792000074871,0.3984928999998374,336.70166015625,2762.0,0
0,1146,0.7112386008989487,0.0282728672027587,0.171875,0.9661343097686768,1.0482239723205566,486.0139056946895,1.0534677999967244,0.7389973999961512,0.3071867999969981,122.39111328125,2762.0,0
0,1147,0.7332773387109244,0.0326496213674545,0.3125,0.9871851801872252,1.387065887451172,430.6172208190226,1.1889910000027155,0.7667722000041977,0.4075372000079369,336.57666015625,2762.0,0
0,1148,0.7348918327286074,0.0666069388389587,0.25,0.9811389446258544,1.4580967426300049,433.5177279562102,1.1810358999937307,0.784943500009831,0.3806983000104083,318.818359375,2762.0,0
0,1149,0.745503253413503,0.0110853612422943,0.25,0.989567220211029,1.3112614154815674,422.92393084993233,1.2106196000095224,0.8239006999938283,0.37201589999313,325.31005859375,2762.0,0
0,1150,0.6965520218907751,0.0001623034477233,0.1875,0.976036548614502,1.8065054416656492,459.0487702531676,1.1153499000065494,0.8117758000007598,0.286687300002086,121.4521484375,2762.0,0
0,1151,0.6937654636532183,0.004020482301712,0.390625,0.9574745297431946,1.600966453552246,490.80342700025466,1.0431874999922002,0.74065919998975,0.278160999994725,101.73974609375,2762.0,0
0,1152,0.754598149022608,0.0581997781991958,0.359375,0.9287124276161194,0.9207426309585572,287.441953006112,1.7812292000016896,0.9760928000032436,0.7747168000059901,882.95361328125,2762.0,0
0,1153,0.7746136590888207,0.0385929942131042,0.078125,0.951529622077942,1.5843833684921265,368.87493792469286,1.388004299995373,0.8283907000004547,0.5008804999961285,518.35205078125,2762.0,0
0,1154,0.7067581827699092,0.0035828351974487,0.28125,0.961916446685791,1.2488046884536743,509.0329487483268,1.0058288000000175,0.7173145999986446,0.2810644999990472,127.85107421875,2762.0,0
0,1155,0.6903019972883818,0.0180367231369018,0.140625,0.905106484889984,0.8787721395492554,493.2199595327788,1.0380764000001363,0.7236417000094661,0.2998802000074647,82.8046875,2762.0,0
0,1156,0.7331989890679617,0.0210166871547698,0.15625,0.98622864484787,1.033392071723938,461.6423449401224,1.1090836999937892,0.7691514000034658,0.330371300005936,175.57861328125,2762.0,0
0,1157,0.7208364883274486,0.0130318999290466,0.25,0.9638683199882508,1.5768035650253296,491.2871848987477,1.042160299999523,0.7471181000000797,0.2874254999915138,123.14306640625,2762.0,0
0,1158,0.6840023250038019,0.029516190290451,0.171875,0.9615535736083984,0.7541637420654297,477.1855002693042,1.0729580000042915,0.7654924999951618,0.300527500003227,84.19921875,2762.0,0
0,1159,0.7453468718914172,0.0177233815193176,0.140625,0.9827492833137512,0.8766736388206482,462.21863681791257,1.1077009000000544,0.7194928999961121,0.3773835000029066,220.75048828125,2762.0,0
0,1160,0.7414820323733023,0.0375916063785553,0.078125,0.9912155270576476,1.458552360534668,493.5173793256442,1.0374508000095377,0.739736500006984,0.288555199993425,173.28125,2762.0,0
0,1161,0.7072314104844445,0.0012838244438171,0.375,0.9741753935813904,0.6442235708236694,542.2029260103818,0.9442959000007248,0.662925800002995,0.2748777000088012,100.37158203125,2762.0,0
0,1162,0.7253655781089503,0.0279747694730758,0.15625,0.9855524897575378,1.369016170501709,491.05752595047824,1.0426477000000889,0.7387429999944288,0.2948931999999331,176.78173828125,2762.0,0
0,1163,0.7153255753992169,0.031078815460205,0.171875,0.963451087474823,0.97882479429245,526.030225569109,0.9733281000080752,0.6933963000046788,0.2733015999983763,105.47314453125,2762.0,0
0,1164,0.737404141370738,0.0082888454198837,0.25,0.9028439521789552,0.9831599593162536,310.51284288943947,1.648885100003099,0.8817050000070594,0.7368341000110377,849.16796875,2762.0,0
0,1165,0.7300243744228135,0.0081055015325546,0.078125,0.9126328229904176,1.2766609191894531,273.96807276692124,1.8688308999990115,0.9353275000030408,0.8961464000021806,1077.1220703125,2762.0,0
0,1166,0.7582954733054338,0.0352565944194793,0.203125,0.9287288188934326,0.7214720845222473,368.7785191100141,1.388367200008361,0.8583168000041042,0.5092156999889994,525.5146484375,2762.0,0
0,1167,0.7215469854382468,0.0127298831939697,0.15625,0.8879273533821106,0.6102018356323242,471.9247626579725,1.084918699998525,0.7776240000093821,0.2818240000051446,125.40771484375,2762.0,0
0,1168,0.7366485795039073,0.0329057276248931,0.046875,0.937640368938446,0.6832131743431091,256.86771197297986,1.9932439000112936,0.9784972999914316,0.9139532999979564,1098.60107421875,2762.0,0
0,1169,0.7207228611901049,0.0073546022176742,0.125,0.9688126444816588,0.724128246307373,380.0794989723954,1.3470865999988746,0.8071439000050304,0.5178918999881716,538.30126953125,2762.0,0
0,1170,0.7478223557994307,0.0306095331907272,0.234375,0.9801891446113586,0.7707091569900513,378.1516949600036,1.353954000005615,0.8117989000020316,0.5163924999942537,552.31103515625,2762.0,0
0,1171,0.7217839942267925,0.0494183003902435,0.109375,0.926457405090332,1.074101209640503,428.2418830592677,1.19558600000164,0.8750780999980634,0.3113690000027418,169.59521484375,2762.0,0
0,1172,0.7221294456753263,0.0051401704549789,0.15625,0.9880594611167908,0.960841715335846,423.2678610154472,1.2096358999988297,0.8007498999941163,0.3938118000078248,321.8046875,2762.0,0
0,1173,0.7728866912338311,0.0113345831632614,0.078125,0.914051353931427,1.185596227645874,271.37378633232873,1.88669659999141,0.9761220999935176,0.8726186999992933,1053.015625,2762.0,0
0,1174,0.6706646621752137,0.0116190910339355,0.3125,0.8943569660186768,1.0324413776397705,491.14151456348367,1.0424693999957526,0.7539925000019139,0.2815677000035066,102.38134765625,2762.0,0
0,1175,0.7046662171856256,0.0037735700607299,0.140625,0.9697632193565368,1.3142329454421997,435.45657536885153,1.175777399999788,0.7822368000051938,0.3798585000040475,309.0283203125,2762.0,0
0,1176,0.7176025665530891,0.0327610820531845,0.203125,0.9888522624969482,0.9537034034729004,342.9525035589762,1.492918099989765,1.0051660999888554,0.4659282000066014,335.5947265625,2762.0,0
0,1177,0.732194063865255,0.0519337952136993,0.203125,0.9342522025108336,1.0242927074432373,248.1813084657768,2.063007900011144,1.1357844999874942,0.8883044999965932,1021.890625,2762.0,0
0,1178,0.7681040053573892,0.0098936706781387,0.125,0.9622852802276612,0.9708454012870787,244.81799909425789,2.091349500013166,1.1395244000013918,0.9138419999944744,1077.2099609375,2762.0,0
0,1179,0.7472379320627589,0.01969775557518,0.421875,0.9795970916748048,2.636523723602295,251.2166712886084,2.038081299993792,1.0584206000057748,0.9103377999999792,1047.0458984375,2762.0,0
0,1180,0.729926115565057,0.031717374920845,0.265625,0.9292272925376892,1.1119623184204102,419.9628693759615,1.2191554000019096,0.8041433999896981,0.3688169999950332,222.12353515625,2762.0,0
0,1181,0.6617316513309595,0.0092232823371887,0.21875,0.9001165628433228,0.9093765616416932,470.7573704579491,1.0876090999954613,0.8101836999994703,0.2710099999967497,82.8046875,2762.0,0
0,1182,0.7196775378929225,0.0255464911460876,0.234375,0.9645549058914183,0.9079326391220092,463.4097289600891,1.104853800003184,0.7459988999908092,0.3477430000057211,229.580078125,2762.0,0
0,1183,0.7817471939171399,0.0157642811536788,0.1875,0.9324385523796082,0.7223391532897949,267.3490751821475,1.9150991999922555,0.9605407999915768,0.9166988000069978,1075.2685546875,2762.0,0
0,1184,0.6924791224337483,0.0061605274677276,0.125,0.9654840230941772,0.9408215880393982,452.9459890164475,1.130377600013162,0.8071328000078211,0.314046600004076,179.9453125,2762.0,0
0,1185,0.7575076231550075,0.0317311584949493,0.109375,0.9198538064956664,1.047702074050903,262.9353267935502,1.9472469000029375,0.9859785000007832,0.9205936000071232,1064.25,2762.0,0
0,1186,0.760147236966066,0.0085952132940292,0.25,0.9610860347747804,0.9494571089744568,270.13296503763047,1.8953629000025105,0.9878606999991462,0.8710276999918278,1025.9990234375,2762.0,0
0,1187,0.7299393139608377,0.0171831101179122,0.265625,0.9273897409439088,0.5842239260673523,476.4853990248525,1.0745345000032105,0.7449137000076007,0.3200043000106234,178.81298828125,2762.0,0
0,1188,0.6524448528258608,0.0154912173748016,0.328125,0.9316672086715698,1.0508830547332764,474.6668802645758,1.0786512000049695,0.7774700000009034,0.2951946999965003,84.19921875,2762.0,0
0,1189,0.6979388149701458,0.0093320906162261,0.21875,0.9816349148750304,1.0856459140777588,460.9149521924441,1.1108339999918826,0.777560500006075,0.320989699990605,174.220703125,2762.0,0
0,1190,0.7329264139286468,0.018160656094551,0.1875,0.9775792360305786,1.6656919717788696,409.3623406008147,1.25072569999611,0.8193657000083476,0.4169122000021161,332.64794921875,2762.0,0
0,1191,0.7313718150539368,0.0260097086429595,0.25,0.9770585298538208,0.9117687940597534,409.5854187625001,1.250044499989599,0.8374285999889253,0.3977666999999201,338.076171875,2762.0,0
0,1192,0.7409165659430271,0.009315863251686,0.03125,0.8983017206192017,0.7395859956741333,295.1701912701781,1.734592499997234,0.9663795000087704,0.7381257000088226,836.96337890625,2762.0,0
0,1193,0.6762555794544549,0.0278887152671813,0.09375,0.9306051135063172,1.5896552801132202,483.6340412977429,1.0586517000047024,0.7630743000045186,0.2872819999902276,122.16455078125,2762.0,0
0,1194,0.6535337007178981,0.0415539890527725,0.203125,0.9477428793907166,1.1443496942520142,504.1858255649307,1.0154985999979544,0.7048802000063006,0.2928011000039987,98.83837890625,2762.0,0
0,1195,0.7227706800346618,0.0299922674894332,0.609375,0.9870048761367798,1.0323936939239502,378.5181207806324,1.3526432999933604,0.8771334000048228,0.419558199995663,332.78759765625,2762.0,0
0,1196,0.6974627096398628,0.0226231813430786,0.3125,0.9851917624473572,1.5829545259475708,485.0378149494836,1.0555878000013763,0.7500165999954334,0.2966092999995453,171.2578125,2762.0,0
0,1197,0.7047761107526215,0.0122937262058258,0.15625,0.9817286133766174,1.7366938591003418,493.6836455926518,1.037101399997482,0.7323418000014499,0.2955567000026349,173.556640625,2762.0,0
0,1198,0.7047944461498477,0.0032980442047119,0.265625,0.9856567978858948,0.8727639317512512,426.6808538002861,1.1999601000134137,0.8045243999949889,0.3803052000002935,319.5859375,2762.0,0
0,1199,0.7069296288090898,0.0291057378053665,0.265625,0.9886013865470886,0.936075747013092,438.0610732424787,1.1687868000008166,0.7697680999990553,0.3839454999979352,328.79541015625,2762.0,0
0,1200,0.7134249284059062,0.0138338655233383,0.15625,0.9789941906929016,1.0929468870162964,376.55852572690105,1.359682399997837,0.8242751000070712,0.5145304999896325,535.12158203125,2762.0,0
0,1201,0.704358781596524,0.0124870687723159,0.234375,0.9767230749130248,0.8126683831214905,443.0361509696472,1.1556619000039063,0.8099547000019811,0.333461799993529,229.0,2762.0,0
0,1202,0.7470743753583282,0.0417970567941665,0.125,0.9379045367240906,1.090968132019043,305.2496318971703,1.6773156999988714,0.9193284999928436,0.7269572999939555,846.53369140625,2762.0,0
0,1203,0.6697490219887722,0.0569356828927993,0.265625,0.9200507402420044,0.9130069017410278,493.2900034596389,1.0379289999982575,0.7418436000007205,0.2888674999994691,106.6162109375,2762.0,0
0,1204,0.7555374291771375,0.0086208432912826,0.140625,0.8801599740982056,0.611096203327179,296.0579422396298,1.7293912000022829,0.9478828999999678,0.7399512999982107,834.67333984375,2762.0,0
0,1205,0.7472083580696517,0.0112658739089965,0.15625,0.8431960940361023,0.9410789608955384,274.21040925055775,1.8671793000103207,0.9376903000083984,0.8895229999907315,1021.03662109375,2762.0,0
0,1206,0.7425862553820498,0.0138522535562515,0.265625,0.8984111547470093,0.9996715784072876,300.2700084211463,1.7051320000027772,0.922340199991595,0.7517604000022402,855.8671875,2762.0,0
0,1207,0.7329797454806312,0.0484698265790939,0.328125,0.9028674960136414,1.235209345817566,455.8301071365711,1.1232254999922588,0.7832201999990502,0.3289815999887651,226.306640625,2762.0,0
0,1208,0.7414035475717303,0.0469229519367218,0.484375,0.9034810066223145,1.2037616968154907,473.3856048429621,1.0815707000001566,0.7556505999964429,0.3155471000063699,215.26513671875,2762.0,0
0,1209,0.7312371564208208,0.0183601081371307,0.328125,0.9669477343559264,1.462532639503479,397.0182379468053,1.2896133000031114,0.840381999994861,0.4330594999919412,336.92431640625,2762.0,0
0,1210,0.6975040313994193,0.03485107421875,0.140625,0.9612627029418944,1.177088499069214,482.5654385124196,1.0609960000001593,0.7646340000064811,0.2890776000131154,99.03369140625,2762.0,0
0,1211,0.6319416497960011,0.0328764915466308,0.203125,0.8999925851821899,0.960681974887848,486.8926964584723,1.0515663999976823,0.7847832000115886,0.2608066000102553,81.4140625,2762.0,0
0,1212,0.761494587254153,0.0287185162305831,0.125,0.9317492842674256,0.8971861600875854,342.26701493274686,1.495908099997905,0.9112696999945912,0.5521051999967312,561.1416015625,2762.0,0
0,1213,0.7149136378935148,0.000406801700592,0.25,0.9497707486152648,1.6857080459594729,505.94510199073375,1.0119675000023562,0.7318747999961488,0.273052499993355,104.6025390625,2762.0,0
0,1214,0.7668880070832111,0.0228160917758941,0.21875,0.9547510147094728,1.3447959423065186,352.9261576462416,1.4507283999992069,0.8939587999921059,0.5358481000002939,536.16015625,2762.0,0
0,1215,0.7482442123001524,0.006502479314804,0.15625,0.9860714077949524,0.7598614692687988,375.6440332580741,1.3629924999986542,0.8353965999995125,0.5066662000026554,540.416015625,2762.0,0
0,1216,0.7197321713660033,0.0015164762735366,0.28125,0.988167405128479,0.8280138373374939,471.5688210459492,1.085737600005814,0.7315856000059284,0.3430556000093929,227.837890625,2762.0,0
0,1217,0.7454692019881533,0.0211633741855621,0.203125,0.9632070064544678,1.2570337057113647,307.1162248373689,1.667121299993596,0.8967937999987043,0.738142300004256,864.0947265625,2762.0,0
0,1218,0.7678021169114261,0.0086801648139953,0.296875,0.9320934414863586,0.8370940685272217,435.0942612208629,1.176756499990006,0.7824296000035247,0.3706677000009222,322.43115234375,2762.0,0
0,1219,0.7138365285998833,0.0077979564666748,0.171875,0.9493571519851683,1.4235873222351074,498.3975836277891,1.027292300001136,0.7495617999957176,0.271025499998359,99.15087890625,2762.0,0
0,1220,0.7179226282696114,0.0638866275548935,0.359375,0.9382085800170898,0.916181981563568,514.3300178430196,0.9954698000074133,0.7244334999995772,0.2634745999966981,104.31298828125,2762.0,0
0,1221,0.7492255174481943,0.0066590756177902,0.203125,0.9562389850616456,0.7509141564369202,353.83383451510514,1.447006900009001,0.8176665999926627,0.529880600006436,531.91845703125,2762.0,0
0,1222,0.7654336996514126,0.0265731364488601,0.15625,0.9419453740119934,1.2687437534332275,305.7148434067793,1.6747632999904454,0.9035364000010304,0.738058999995701,872.21923828125,2762.0,0
0,1223,0.7490635529538633,0.0128913521766662,0.328125,0.9196909070014954,1.7049206495285034,483.6000091410266,1.0587262000044575,0.7362047000060556,0.3031176999938907,224.86669921875,2762.0,0
0,1224,0.7697320625401595,0.0232096016407012,0.140625,0.8910593390464783,1.123219609260559,283.34964438650513,1.8069547999912172,0.9418702999973902,0.8273543999966932,1009.31982421875,2762.0,0
0,1225,0.7616279649490292,0.0037009268999099,0.125,0.9656185507774352,1.3591324090957642,302.7481430515208,1.6911746999976458,0.9159559999970952,0.743128499991144,885.34619140625,2762.0,0
0,1226,0.7134321132133055,0.0082595348358154,0.140625,0.9529340863227844,1.1302224397659302,417.70010731315057,1.2257597999996506,0.8092528999986826,0.4009825000102864,332.64794921875,2762.0,0
0,1227,0.76341528092226,0.0220011472702026,0.203125,0.9315592050552368,0.5840843319892883,274.8545847465719,1.8628031999978705,0.9286194999876898,0.8937775000085821,1093.5546875,2762.0,0
0,1228,0.7302838710431254,0.0046127438545227,0.078125,0.949751079082489,1.830446481704712,447.1671567612756,1.144985699997051,0.7584438000048976,0.3719374000065727,332.82568359375,2762.0,0
0,1229,0.6955784180416306,0.052731916308403,0.234375,0.946552038192749,0.9569821357727052,498.9703376749328,1.0261131000006571,0.7326709000044502,0.2860480999952415,128.609375,2762.0,0
0,1230,0.6611826255501853,0.0048759281635284,0.234375,0.93778395652771,1.6966557502746582,486.5047201433654,1.0524049999949057,0.7581101999967359,0.2868715999939013,105.5947265625,2762.0,0
0,1231,0.6412511660333502,0.0668481737375259,0.328125,0.9508994817733764,0.8030592203140259,492.6378544092639,1.0393029999977443,0.7235933000047226,0.3096656999987317,81.4140625,2762.0,0
0,1232,0.6870179585121077,0.0034343004226684,0.359375,0.9708759784698486,1.0590819120407104,516.1436528581262,0.9919719000026817,0.6955033999984153,0.2893280999996932,121.58447265625,2762.0,0
0,1233,0.6801643265219852,0.0256577134132385,0.140625,0.981499433517456,0.6313679218292236,485.3948758432464,1.0548112999967998,0.7419591999932891,0.3035382999951252,171.904296875,2762.0,0
0,1234,0.6730347456759116,0.0158101767301559,0.203125,0.9795372486114502,1.265791416168213,492.1403645865827,1.0403535999939777,0.7435361999960151,0.2899099000060232,101.53857421875,2762.0,0
0,1235,0.6918033624270026,0.0195758193731308,0.3125,0.9802744388580322,0.9497337937355042,476.4155683634007,1.074692000009236,0.74000160000287,0.2980814999900758,171.65234375,2762.0,0
0,1236,0.6582465109074086,0.0049015134572982,0.171875,0.9430733919143676,0.5724804997444153,507.4832971648194,1.0089001999876928,0.7194820999866351,0.2829010999994352,81.4140625,2762.0,0
0,1237,0.7182487904094517,0.0065163075923919,0.171875,0.9535089731216432,1.3159319162368774,370.60084313020985,1.381540300004417,0.8210916999960318,0.5390351999958511,526.34716796875,2762.0,0
0,1238,0.7275554214402803,0.0256761610507965,0.078125,0.926719605922699,0.7443788647651672,269.993976814634,1.8963385999959428,0.9604663000063738,0.8964108000072883,1079.6015625,2762.0,0
0,1239,0.7403796494363165,0.0213624835014343,0.28125,0.8460758924484253,1.2584680318832395,480.6119090773536,1.0653085999947507,0.7740170000033686,0.2830676000012317,121.58447265625,2762.0,0
0,1240,0.7337756638402767,0.0025132149457931,0.125,0.9637352228164672,0.4632387459278106,298.53517187435176,1.7150408000015889,0.9200653000007152,0.7624036999914097,872.83984375,2762.0,0
0,1241,0.7234500532622942,0.0132045447826385,0.09375,0.9583917856216432,0.9054836630821228,307.83331162742974,1.6632378000067547,0.935563799997908,0.6974874999868916,809.77099609375,2762.0,0
0,1242,0.7150683857948845,0.0109239071607589,0.0625,0.960070550441742,0.5898816585540771,301.4825463105879,1.698274099995615,0.9183762000029674,0.7477461999951629,850.7548828125,2762.0,0
0,1243,0.7016269809079758,0.0246263146400451,0.296875,0.9614339470863342,2.1026623249053955,429.7161833730305,1.1914840999961598,0.7901425999880303,0.3868900000088615,344.61328125,2762.0,0
0,1244,0.7017854625706563,0.0003313720226287,0.140625,0.9910695552825928,0.8501361012458801,424.6649729252643,1.2056563000078313,0.8132584999984829,0.3784765000018524,314.92431640625,2762.0,0
0,1245,0.7060327372351057,0.0019914805889129,0.203125,0.9388579726219176,1.3980679512023926,484.8591829752296,1.055976699994062,0.7516954000020633,0.2950797999947099,175.068359375,2762.0,0
0,1246,0.6934928254055135,0.0074355155229568,0.21875,0.9203560948371888,0.9386411309242249,512.2519767502972,0.9995080999942728,0.7343332000018563,0.2590834999864455,82.8046875,2762.0,0
0,1247,0.7239862454136035,0.0162627100944519,0.140625,0.9804245829582214,0.6033508777618408,422.1886523611136,1.2127279999986058,0.7995351999998093,0.3986360000126296,333.05078125,2762.0,0
0,1248,0.7219710174716585,0.0297208130359649,0.1875,0.9773375391960144,0.7903189063072205,431.6268141080217,1.1862098999990849,0.7872673999954714,0.3842822000005981,328.56640625,2762.0,0
0,1249,0.7409526121967505,0.0240184664726257,0.140625,0.9810270071029664,1.0586395263671875,478.4791838171883,1.0700570000044536,0.7422650999942562,0.2986632999964058,171.685546875,2762.0,0
0,1250,0.7444966026516175,0.0447230041027069,0.078125,0.9856196641921996,1.0205222368240356,405.8101230263874,1.2616738000069745,0.8441477999876952,0.4027204000012716,332.71240234375,2762.0,0
0,1251,0.755883729706959,0.0004709064960479,0.078125,0.8968424201011658,0.6609469056129456,265.2882455233096,1.929976200000965,0.9946075000043492,0.8982710999989649,1076.43505859375,2762.0,0
0,1252,0.7062756306048212,0.0234486311674118,0.09375,0.941434681415558,1.158109188079834,493.48850590764687,1.037511500006076,0.7487196000001859,0.2814318999880925,123.40087890625,2762.0,0
0,1253,0.6906832487869652,0.0039212703704833,0.09375,0.968353509902954,1.624181628227234,514.0248982840084,0.9960606999957236,0.7056120000052033,0.265008599992143,104.5703125,2762.0,0
0,1254,0.7373992198344149,0.0083044171333312,0.265625,0.9901440739631652,1.0507298707962036,476.1511954891057,1.0752886999980549,0.7366438999888487,0.327633799999603,223.65283203125,2762.0,0
0,1255,0.7658845982212498,0.0278865098953247,0.046875,0.8976658582687378,0.9906713962554932,267.2842045482381,1.9155639999953564,0.9572902000072644,0.9204611999884946,1099.2939453125,3598.0,0
0,1256,0.7417532042677683,0.0018458217382431,0.09375,0.9587137699127196,0.9447224140167236,307.8658892882656,1.66306180000538,0.8882451999961631,0.7271671000053175,855.8125,3598.0,0
0,1257,0.701309839254481,0.0385622531175613,0.25,0.9000904560089111,0.8272250890731812,506.8933034175,1.0100744999945164,0.7328237000037916,0.2690107000089483,126.10595703125,3598.0,0
0,1258,0.7647461700869357,0.0261214822530746,0.171875,0.9568330645561218,0.6910955905914307,302.7388165795139,1.6912268000014592,0.9128616999951192,0.744252200005576,835.67333984375,3598.0,0
0,1259,0.7544975126869562,0.0031884163618087,0.4375,0.93156635761261,1.2289878129959106,394.1414264134749,1.29902609999408,0.8316588000016054,0.4519618000049377,341.6982421875,3598.0,0
0,1260,0.7624669624638492,0.0070238262414932,0.140625,0.9596465229988098,0.6442499160766602,284.13342883577303,1.801970300002722,0.9955638000101316,0.7736805000022287,833.1064453125,3598.0,0
0,1261,0.7433189226486215,0.0295392870903015,0.21875,0.9027380347251892,1.0272483825683594,465.1639871135421,1.1006870999990497,0.7508461999968858,0.3133862000104273,171.58984375,3598.0,0
0,1262,0.7422308386124455,0.0120468437671661,0.140625,0.9488678574562072,0.806181013584137,360.0622345066283,1.421976400000858,0.8712735000008252,0.5287701000052039,532.27001953125,3598.0,0
0,1263,0.762955713304609,0.0048604011535644,0.296875,0.9440405368804932,1.0844993591308594,269.9634832190489,1.896552800011705,0.9751719999912892,0.8839661999954842,1060.78173828125,3598.0,0
0,1264,0.7260871191490842,0.0085663795471191,0.34375,0.9433855414390564,0.7804059386253357,483.3781638220134,1.0592121000081534,0.727423499993165,0.3230832999979611,169.05419921875,3598.0,0
0,1265,0.7861474803094474,0.000123381614685,0.109375,0.9363883137702942,1.324132204055786,299.71200719970085,1.7083066000050169,0.9491623000067192,0.7261294000054477,832.419921875,3598.0,0
0,1266,0.696950411093472,0.006402239203453,0.1875,0.9510434865951538,1.3798620700836182,466.43218731939817,1.0976943999994546,0.752721400000155,0.3380058000038843,100.97705078125,3598.0,0
0,1267,0.6911193377137635,0.0212725102901458,0.140625,0.9586858749389648,1.0605065822601318,476.9950504280645,1.0733864000067117,0.7489146000007167,0.3170638000010513,126.14111328125,3598.0,0
0,1268,0.7317625347862228,0.0057441294193267,0.09375,0.9786282181739808,1.3202271461486816,457.0124861651178,1.120319500012556,0.7654968999995617,0.3437379999959375,232.46337890625,3598.0,0
0,1269,0.7509791324854752,0.033776581287384,0.421875,0.9543278217315674,1.3263243436813354,365.4852830760403,1.4008772000088356,0.8639733000018168,0.5150469000072917,533.72314453125,3598.0,0
0,1270,0.7340945639262458,0.0222572982311248,0.234375,0.985811173915863,2.111171245574951,376.7698432247734,1.3589197999972384,0.8288635000062641,0.5096032000001287,529.2548828125,3598.0,0
0,1271,0.7112034520784833,0.0009152889251708,0.1875,0.9783461093902588,1.1465471982955933,457.6518313587417,1.1187543999985792,0.7815918999986025,0.326693900002283,218.0009765625,3598.0,0
0,1272,0.7018388305197404,0.0080402642488479,0.15625,0.9814531207084656,1.1323381662368774,469.5592617734007,1.090384199997061,0.7371227999974508,0.3424712999985786,226.939453125,3598.0,0
0,1273,0.6375791931190946,0.007190316915512,0.171875,0.9469080567359924,1.7780572175979614,516.7466278282927,0.9908143999928144,0.6914236000011442,0.2774386999954004,78.62841796875,3598.0,0
0,1274,0.7008974601051015,0.0164263546466827,0.21875,0.9843987822532654,2.1417481899261475,414.6011512674768,1.2349217999872053,0.8026137999986531,0.4181649000092875,334.95751953125,3598.0,0
0,1275,0.6837629755696968,0.0382231771945953,0.171875,0.9633927941322328,1.2011514902114868,468.532248611393,1.0927742999920156,0.7765749000100186,0.2975793000077829,120.51416015625,3598.0,0
0,1276,0.6977531317513257,0.0393358319997787,0.171875,0.9926559329032898,1.2412874698638916,455.40163711873976,1.1242822999920463,0.788379800011171,0.3242687000019941,226.45068359375,3598.0,0
0,1277,0.7103597148407936,0.0424093902111053,0.203125,0.9891075491905212,1.6941649913787842,474.6130235335938,1.0787735999911092,0.7461486999964109,0.3213225999934366,217.875,3598.0,0
0,1278,0.6373319595745681,0.0268294960260391,0.21875,0.9570300579071044,1.120969295501709,551.0067603777063,0.929208200002904,0.6766896999906749,0.2462691999971866,81.4140625,3598.0,0
0,1279,0.7193400456524064,0.0069252103567123,0.21875,0.9723863005638124,1.1579923629760742,490.8110489620372,1.0431712999998126,0.7358452000044053,0.298632699996233,174.220703125,3598.0,0
0,1280,0.7075274915999898,0.0223828554153442,0.203125,0.9710707664489746,1.9990700483322144,446.16516250426713,1.147557099990081,0.7712309999915306,0.3616902000067057,311.509765625,3598.0,0
0,1281,0.7102125575306213,0.0318650007247924,0.125,0.8842029571533203,0.64765465259552,315.71912491917266,1.621694600005867,0.8840626999881351,0.7001868000079412,807.9755859375,3598.0,0
0,1282,0.7028989736026721,0.0328711420297622,0.21875,0.9871750473976136,1.1889675855636597,442.6036818567417,1.1567911000020104,0.772256299998844,0.3704644000099506,324.119140625,3598.0,0
0,1283,0.7213163171147732,0.0273893922567367,0.203125,0.9746833443641664,1.1810318231582642,435.13493644456895,1.1766465000109747,0.7857346999953734,0.3754352999967523,337.31103515625,3598.0,0
0,1284,0.6962525183000363,0.0632397681474685,0.09375,0.9398744702339172,1.150537133216858,303.76768037727936,1.6854985999962082,0.9108460999996169,0.7299002000072505,844.16064453125,3598.0,0
0,1285,0.7208853206699073,0.0422535985708236,0.109375,0.9586015343666076,0.3548636734485626,277.7675152088025,1.8432680999976585,0.9196736000012606,0.8831124999996973,1073.16455078125,3598.0,0
0,1286,0.7061514492161676,0.0133294463157653,0.25,0.9093419313430786,1.089918613433838,490.1985189107096,1.0444748000008983,0.7587816000013845,0.2777934000041568,124.08056640625,3598.0,0
0,1287,0.7506031871650672,0.0004330426454544,0.1875,0.9420257806777954,0.8364439606666565,300.8552103139618,1.701815300009912,0.9179425000038464,0.7523744999925839,872.91796875,3598.0,0
0,1288,0.6906843770664496,0.0121651291847229,0.21875,0.952762007713318,1.170384645462036,507.5661055283618,1.0087356000003638,0.7105025000055321,0.2886928999942029,178.95361328125,3598.0,0
0,1289,0.7397348469878009,0.0072447955608367,0.140625,0.9617663621902466,0.7846790552139282,282.196016329918,1.8143416999955664,0.9295010000059848,0.8474876000109361,1031.82470703125,3598.0,0
0,1290,0.6557730868629883,0.0428354740142822,0.1875,0.9270756244659424,1.1213693618774414,508.8665018610965,1.0061577999877045,0.7260021999973105,0.2734913999884156,101.72412109375,3598.0,0
0,1291,0.7383551741269958,0.0666847229003906,0.359375,0.9372740983963012,2.0303585529327397,423.8594104718314,1.2079476999933831,0.8006355999968946,0.3926249000069219,327.48486328125,3598.0,0
0,1292,0.7375445987442742,0.0098870992660522,0.09375,0.9629605412483216,1.5205365419387815,373.0590183743822,1.3724369999981718,0.8319691000069724,0.5186084000015398,559.1748046875,3598.0,0
0,1293,0.6905175270348339,0.0027709156274795,0.109375,0.9724942445755004,1.3012346029281616,478.6046878550225,1.0697764000069585,0.7530595999996876,0.307402300008107,180.1943359375,3598.0,0
0,1294,0.7044257696270146,0.009131371974945,0.21875,0.95802903175354,1.4316648244857788,463.9243542350872,1.1036281999986386,0.7349925999878906,0.3579330000065965,228.283203125,3598.0,0
0,1295,0.7213537474890775,0.0160846710205078,0.125,0.9683580994606018,1.131690263748169,445.2556058509536,1.1499012999993283,0.7565261000127066,0.3789600000018254,324.51025390625,3598.0,0
0,1296,0.735207397726393,0.0617416501045227,0.21875,0.9577126502990724,0.8214789628982544,238.91280116661244,2.1430413000052795,0.9194952999969246,1.1903221999964444,858.6494140625,3598.0,0
0,1297,0.7311162551199091,0.0517139285802841,0.078125,0.923996090888977,1.2829198837280271,223.19616737240463,2.293946200006758,1.2631264999945415,0.9703448999935064,1034.9990234375,3598.0,0
0,1298,0.732636903347971,0.0344330668449401,0.046875,0.986743152141571,1.533669352531433,270.3680760344379,1.8937147000106047,1.209542099997634,0.6589853999903426,521.36181640625,3598.0,0
0,1299,0.6223631040354012,0.0450773239135742,0.28125,0.8179844617843628,1.1994483470916748,323.7199673079568,1.5816138999944087,1.1138039999932516,0.4598992999963229,80.01904296875,3598.0,0
0,1300,0.6900764583352549,0.0214074850082397,0.265625,0.9413621425628662,1.656020998954773,334.8807834236859,1.5289022999932058,1.0514091000077317,0.4685590000008233,104.44970703125,3598.0,0
0,1301,0.7366588095592783,0.0268663018941879,0.140625,0.904548168182373,0.6724419593811035,303.2500049299195,1.6883759000047576,0.9952378000016324,0.6293831999937538,525.05810546875,3598.0,0
0,1302,0.734602614333249,0.0231228470802307,0.21875,0.9745020270347596,1.2272762060165403,297.40865284832245,1.7215370000049006,1.121974900001078,0.5745045000076061,521.3056640625,3598.0,0
0,1303,0.6445549470044706,0.0091256201267242,0.15625,0.8941512107849121,1.150911808013916,418.0158632147,1.224833899992518,0.9000712999986717,0.3159071999980369,101.81982421875,3598.0,0
0,1304,0.6679322675537612,0.0274087786674499,0.140625,0.9016771912574768,1.9239380359649656,410.9596517888009,1.2458643999998458,0.9103899999900024,0.3272698999935528,107.59375,3598.0,0
0,1305,0.6477430510357082,0.0087024122476577,0.15625,0.8838277459144592,1.069282293319702,413.3312569874766,1.2387159000063548,0.8882164000096964,0.3427750999981072,102.44482421875,3598.0,0
0,1306,0.7174483001868177,0.0061911642551422,0.21875,0.978523850440979,0.9194731712341307,402.324397779641,1.272604899990256,0.9000528000033228,0.3620960999978706,174.615234375,3598.0,0
0,1307,0.7347596131856194,0.0571146458387374,0.078125,0.8108945488929749,1.2715102434158323,236.8172793726773,2.162004400001024,1.15041289999499,0.9648071999981768,1083.46142578125,3598.0,0
0,1308,0.7385728401777485,0.0265639275312423,0.078125,0.8876670598983765,0.8327130675315857,240.48492281558023,2.1290316000086023,1.13752370000293,0.9454935999965528,1067.3798828125,3598.0,0
0,1309,0.6092035576418955,0.0283585488796234,0.21875,0.8712084293365479,1.1196272373199463,425.5084327128762,1.2032663999998476,0.894916799996281,0.2989142000005813,92.25830078125,3598.0,0
0,1310,0.7384614162172832,0.0120216310024261,0.1875,0.9489198923110962,1.305848479270935,254.16048805286863,2.014475199990557,1.1227852000010898,0.8566805000009481,878.5595703125,3598.0,0
0,1311,0.7408646028635152,0.0112490653991699,0.171875,0.918647050857544,1.1885724067687988,365.0629612410644,1.4024977999943076,0.9678580000036164,0.4174926999985473,312.84033203125,3598.0,0
0,1312,0.6849152720811803,0.0048786252737045,0.171875,0.9130154848098756,1.0711671113967896,387.038562345493,1.3228655999992045,0.9867311999987578,0.3273346000059973,126.17919921875,3598.0,0
0,1313,0.638164649151348,0.0047572553157806,0.234375,0.9107351303100586,1.666085124015808,459.29288093188,1.1147571000037717,0.803480300004594,0.3024337999959243,78.62841796875,3598.0,0
0,1314,0.7362109762266694,0.0056118816137313,0.140625,0.974225640296936,1.1225730180740356,343.3935803512953,1.4910004999983355,1.0324540000001434,0.4431234000076074,329.080078125,3598.0,0
0,1315,0.7486098495084333,0.044618472456932,0.234375,0.971960425376892,1.2891889810562134,279.9714341641041,1.8287580000032904,1.2040401000122074,0.6015351000096416,551.93408203125,3598.0,0
0,1316,0.7370596468346536,0.0284250527620315,0.21875,0.9751121401786804,1.067548155784607,307.58853353186464,1.6645614000008209,1.053325600005337,0.5853119000094011,541.29248046875,3598.0,0
0,1317,0.7364242147492635,0.0261950343847274,0.171875,0.9430761337280272,0.7113032937049866,263.7885277450198,1.9409486999938963,1.1252803000097629,0.7801584999979241,863.36962890625,3598.0,0
0,1318,0.7275112657409286,3.670156002044678e-05,0.078125,0.9384151697158812,2.285210371017456,240.89555935456616,2.125402399993618,1.1448031999898376,0.918342599994503,1042.99169921875,3598.0,0
0,1319,0.739239032773655,0.0317668169736862,0.1875,0.9720088839530944,0.9811710119247437,264.9277197487914,1.932602600005339,1.1170870999922045,0.7768249999935506,851.09423828125,3598.0,0
0,1320,0.7194041474704764,0.0129673779010772,0.390625,0.8919605016708374,1.6481602191925049,370.2436347713542,1.3828732000110904,0.9558397000073456,0.4115130999998655,312.47705078125,3598.0,0
0,1321,0.7024095042170243,0.012301430106163,0.171875,0.9269788265228271,1.423015832901001,360.1943332878974,1.4214548999880208,1.0349691000010353,0.3698211999872001,222.2900390625,3598.0,0
0,1322,0.7133703602882479,0.0294654667377471,0.09375,0.9782901406288148,1.3290525674819946,355.5108698111523,1.4401810000126716,0.9806316000031076,0.4349169999914011,236.2236328125,3598.0,0
0,1323,0.7384527504332752,0.0313515365123748,0.15625,0.965856671333313,0.9089664816856384,286.9801049918748,1.7840958000015237,1.1466770999977598,0.6132791999989422,531.3193359375,3598.0,0
0,1324,0.7062354354176706,0.0001325011253356,0.34375,0.9676492810249328,0.8019325137138367,309.8902939951869,1.6521975999930874,1.031741200000397,0.5935660999966785,544.3974609375,3598.0,0
0,1325,0.7261017347479773,0.0374387800693511,0.3125,0.9295210838317872,1.171696424484253,259.33448389392424,1.974284299998544,1.134182099995087,0.8054509999928996,879.57763671875,3598.0,0
0,1326,0.7231350588586034,0.00049689412117,0.390625,0.9376965165138244,1.658779859542847,373.0426010299367,1.372497399992426,0.9449962000071536,0.4153105000004871,219.521484375,3598.0,0
0,1327,0.7183351959021557,0.0059430450201034,0.328125,0.855466902256012,1.8929280042648315,337.4646832005991,1.517195799999172,0.9866335999977308,0.4600951000029454,334.02001953125,3598.0,0
0,1328,0.7125996411685029,0.0074912458658218,0.171875,0.9778709411621094,1.1230697631835938,358.9258694669723,1.426478400011547,0.9798727000015788,0.428436900008819,340.73681640625,3598.0,0
0,1329,0.72461497251584,0.012338176369667,0.1875,0.9034664630889891,0.5224062204360962,236.2548366482073,2.1671514000045136,1.145203499996569,0.9587463000061688,1088.6669921875,3598.0,0
0,1330,0.6553136470682902,0.0143089592456817,0.1875,0.8169912695884705,3.042632341384888,407.8983134964178,1.2552148000104353,0.9142092999973102,0.3332535000081407,104.55078125,3598.0,0
0,1331,0.7088555179139653,0.0515006184577941,0.25,0.9170950651168824,0.8103950023651123,318.1827983793714,1.609137899999041,1.0137079999985872,0.5694210000074236,539.4521484375,3598.0,0
0,1332,0.7009968329634856,0.0042497962713241,0.21875,0.9630694389343262,1.2962394952774048,353.97234051711587,1.4464407000050414,0.9758843000017804,0.4534962000034284,331.478515625,3598.0,0
0,1333,0.6041854175598806,0.0221152305603027,0.28125,0.8885699510574341,1.2594698667526243,385.9873038857835,1.3264684999885503,0.94190149998758,0.359664800009341,82.8046875,3598.0,0
0,1334,0.7369309736445224,0.003184288740158,0.140625,0.8121355175971985,1.1490333080291748,232.26595032090813,2.2043695999891497,1.174582300009206,0.9858422000106656,1027.1259765625,3598.0,0
0,1335,0.6146276409569863,0.0419589579105377,0.1875,0.8647165894508362,1.692294001579285,402.0641912744215,1.2734285000042291,0.9483773999963888,0.3180775999935576,88.43994140625,3598.0,0
0,1336,0.722467248323352,0.0157796591520309,0.0625,0.8710566759109497,1.3042449951171875,232.14494767885463,2.205518599992501,1.1826735999929952,0.9601748999994016,1068.73193359375,3598.0,0
0,1337,0.7275230964327103,0.0106323659420013,0.078125,0.917698860168457,1.2614431381225586,263.6544149751774,1.9419360000028971,1.1120094999932917,0.7947029999922961,866.22998046875,3598.0,0
0,1338,0.727766949914654,0.0375584065914154,0.28125,0.9800333976745604,0.9879188537597656,277.8402737502428,1.8427854000037769,1.1518393000005744,0.6635091999924043,532.8544921875,3598.0,0
0,1339,0.6779280352293358,0.0257868617773056,0.09375,0.9729528427124025,1.5707881450653076,323.2011661499748,1.584152700001141,1.1630641000083417,0.4079375000001164,222.12353515625,3598.0,0
0,1340,0.7097993554304297,0.0136778652667999,0.234375,0.9597157835960388,1.4374457597732544,310.132776807695,1.6509057999937795,1.1530641999997897,0.4385388999944553,332.8330078125,3598.0,0
0,1341,0.7306489607077618,0.0329306125640869,0.3125,0.9349558353424072,0.6014243364334106,251.99955742681925,2.031749599991599,1.2007329999905778,0.7920451999962097,848.72705078125,3598.0,0
0,1342,0.7214678740759021,0.0276443362236022,0.1875,0.8835135102272034,2.3339810371398926,372.88201015534617,1.3730884999968112,0.9960672999877715,0.3641003000084311,222.99267578125,3598.0,0
0,1343,0.6521036522784853,0.0286727994680404,0.234375,0.8831092119216919,1.849780797958374,393.82809834527256,1.300059599991073,0.958270100003574,0.3272345000004861,102.16162109375,3598.0,0
0,1344,0.7627281585317474,0.0635274946689605,0.140625,0.7753348350524902,2.048555612564087,245.57267716205453,2.084922499998356,1.2516902000061236,0.792307100011385,833.9423828125,3598.0,0
0,1345,0.7045801109674519,0.0085003077983856,0.234375,0.9580294489860536,0.5182205438613892,362.0343615868804,1.414230399997905,0.981161500007147,0.4154763999977149,328.18115234375,3598.0,0
0,1346,0.7533631800811647,0.028144896030426,0.328125,0.8892260789871216,1.3465960025787354,252.86366870236617,2.024806499990518,1.1943957000039518,0.7912370999983978,837.52001953125,3598.0,0
0,1347,0.7337146779987006,0.0740403681993484,0.1875,0.9104583859443665,1.3321871757507324,223.7391327558121,2.288379300007364,1.2424560999934329,0.9963847000035456,1091.96142578125,3598.0,0
0,1348,0.6750930757903243,0.0355843156576156,0.1875,0.7753788232803345,1.0085198879241943,378.3737805315967,1.353159299993422,0.9226259999995818,0.4214493000035872,126.55810546875,3598.0,0
0,1349,0.7252014689597387,0.062701791524887,0.328125,0.936065673828125,1.6414302587509155,371.3417039941228,1.3787840000004508,0.9874276999908034,0.3785417000035522,218.6240234375,3598.0,0
0,1350,0.7355449666102573,0.0256685316562652,0.234375,0.9673141241073608,1.420690894126892,337.7224276515292,1.5160379000008106,1.006871300007333,0.4344620000047143,337.41650390625,3598.0,0
0,1351,0.7360894901161281,0.0085654854774475,0.140625,0.8999642729759216,1.8862348794937132,316.57932086650715,1.617288199995528,1.0172182000096657,0.575350700004492,522.72900390625,3598.0,0
0,1352,0.7386789198067273,0.0289056897163391,0.453125,0.9231435656547546,1.184159517288208,257.44827527112017,1.988749000011012,1.136910600005649,0.809865399991395,850.4306640625,3598.0,0
0,1353,0.6807942233181516,0.0152302980422973,0.25,0.9235543608665466,1.4438464641571045,384.23037492696864,1.3325339000002714,0.9267300000065006,0.3941795999999158,178.45947265625,3598.0,0
0,1354,0.7058111224629418,0.0231284201145172,0.203125,0.986063539981842,1.2429949045181274,324.5775578710035,1.577434999999241,1.0650387999921804,0.4498005000059493,343.8818359375,3598.0,0
0,1355,0.7194142543801287,0.0440735667943954,0.28125,0.9786950945854188,1.3420449495315552,379.7986295789133,1.348082800002885,0.975053999994998,0.3612759999959962,174.630859375,3598.0,0
0,1356,0.7497663467747655,0.0268133133649826,0.078125,0.8825846314430237,1.1975059509277344,231.7882143847104,2.2089129999949364,1.156608999997843,1.0075866999977734,1065.2421875,3598.0,0
0,1357,0.7516117867453522,0.0455808341503143,0.359375,0.9703166484832764,1.0919325351715088,268.4948509030985,1.9069267000013497,1.1182856999948854,0.7562319999997271,806.6943359375,3598.0,0
0,1358,0.7078205688951212,0.0087414234876632,0.171875,0.8568634986877441,1.2479313611984253,398.7949848692807,1.2838677000108871,0.9276049000036436,0.3448190000053728,171.6416015625,3598.0,0
0,1359,0.6470175559559855,0.0074636042118072,0.140625,0.9144506454467772,1.437204122543335,450.42909089247365,1.1366938999999547,0.8039800000115065,0.3241118000005372,100.2119140625,3598.0,0
0,1360,0.7348463476721804,0.0096775740385055,0.21875,0.9757264256477356,0.7175732851028442,312.23032401583123,1.639815100003034,1.0214414000074612,0.593044799999916,541.82861328125,3598.0,0
0,1361,0.7379664191229811,0.0215911716222763,0.203125,0.9067103266716005,0.8056532144546509,271.7486783291725,1.8840938000066672,1.0761607000022195,0.770501899998635,830.52734375,3598.0,0
0,1362,0.6923528451454138,0.0206835567951202,0.28125,0.9301480054855348,1.530888915061951,412.1267656864087,1.2423361999972258,0.8877913000033004,0.3428347000008216,174.82861328125,3598.0,0
0,1363,0.7257946710815342,0.0489080399274826,0.3125,0.9164373874664308,1.1036555767059326,390.6109636095227,1.3107671000034316,0.9102803999994648,0.3879506000084802,231.916015625,3598.0,0
0,1364,0.6624834330592371,0.0321610420942306,0.109375,0.9245416522026062,2.247032642364502,420.6406735418617,1.2171908999880543,0.8876120999921113,0.3213842999975895,106.08642578125,3598.0,0
0,1365,0.7513337179440867,0.0147888362407684,0.3125,0.8610479831695557,1.0017658472061155,233.41682847801613,2.193500800000038,1.1760741999896709,0.973679799993988,1084.56640625,3598.0,0
0,1366,0.7522004430942955,0.0682594031095504,0.203125,0.92133891582489,0.5803232789039612,263.1357683943877,1.945763600000646,1.1030190000019502,0.8050827999977628,875.8564453125,3598.0,0
0,1367,0.7460180611019909,0.0191323608160018,0.078125,0.9202091097831726,1.418196201324463,246.682838525196,2.07553960000223,1.1208642999990843,0.9094749000068988,1024.7451171875,3598.0,0
0,1368,0.6226533452234551,0.0216341465711593,0.21875,0.880699634552002,1.056126594543457,431.6811832124064,1.186060499996529,0.8777132999966852,0.2955489000014495,89.583984375,3598.0,0
0,1369,0.7094006172221622,0.0116214454174041,0.109375,0.9882992506027222,0.9623244404792786,395.35754491730825,1.2950302999961425,0.909648400003789,0.3716954999981681,220.75048828125,3598.0,0
0,1370,0.74456802495009,0.0220425575971603,0.203125,0.9896631836891174,0.9966795444488524,314.4553657639565,1.6282119999959832,1.0338966000126677,0.5690965999965556,551.025390625,3598.0,0
0,1371,0.660969051489705,0.0060343444347381,0.40625,0.9253536462783812,1.26025652885437,422.7776408437262,1.2110384999978123,0.8877208000048995,0.3150419000012334,99.90185546875,3598.0,0
0,1372,0.6593048186020193,0.0116837173700332,0.25,0.8576021194458008,0.8047854900360107,404.8659830381196,1.2646159999858355,0.928675100003602,0.3279856000008294,104.31298828125,3598.0,0
0,1373,0.6998630383974501,0.0046581476926803,0.09375,0.9703542590141296,0.9370980262756348,364.7570589749601,1.4036740000010468,0.9718056999990948,0.4195898000034503,238.580078125,3598.0,0
0,1374,0.6935263378796769,0.0360778719186782,0.171875,0.9609277844429016,0.8339254856109619,347.15399493628524,1.4748497999971732,0.9823433999990812,0.4193677000002935,345.37109375,3598.0,0
0,1375,0.7056661756807258,0.0461258143186569,0.328125,0.9651169776916504,0.9054411053657532,377.8270149997185,1.3551175000029616,0.9667594999918948,0.3746090000058757,229.361328125,3598.0,0
0,1376,0.6507422755481229,0.021868348121643,0.34375,0.946501851081848,1.327157735824585,413.54682472496233,1.2380702000082238,0.8803460000053747,0.3494476000050781,119.357421875,3598.0,0
0,1377,0.7154289565093226,0.0008268654346466,0.34375,0.8654599785804749,0.7795333862304688,253.3749594074171,2.0207206000050064,1.1913847999967402,0.7713764999934938,796.45947265625,3598.0,0
0,1378,0.7061785656748989,0.0198235809803009,0.140625,0.9686092138290404,1.6053885221481323,304.54212685791487,1.6812124000134645,1.060850499998196,0.5881074000062654,504.9736328125,3598.0,0
0,1379,0.6079475387504524,0.0534633100032806,0.171875,0.8821805119514465,0.7934335470199585,431.3959162975747,1.1868448000022909,0.8683843999897363,0.312103099990054,81.4140625,3598.0,0
0,1380,0.698398199600949,0.0232615172863006,0.140625,0.89858478307724,1.0576153993606567,250.13403178149795,2.0469025999918813,1.1694217000040226,0.8355389000062132,872.09033203125,3598.0,0
0,1381,0.6616752238991164,0.0261903703212738,0.203125,0.9411635398864746,1.6316920518875122,414.98982140242055,1.233765199998743,0.8931057000008877,0.3319222999998601,126.97705078125,3598.0,0
0,1382,0.6742264246852911,0.0318335890769958,0.375,0.9660890698432922,1.1928337812423706,388.55596439221017,1.317699499995797,0.9300866999983556,0.3754722000012407,219.380859375,3598.0,0
0,1383,0.6212975223837741,0.0353805422782897,0.171875,0.8957692384719849,0.9184440970420836,381.482880583872,1.3421309999976074,0.9756329000083496,0.3594432000099914,82.8046875,3598.0,0
0,1384,0.7213294286795024,0.0259536951780319,0.265625,0.9622121453285216,1.4437068700790403,359.5055731080912,1.4241782000026433,0.9641372000041885,0.4439655000023776,336.70166015625,3598.0,0
0,1385,0.7101020053163171,0.0265450328588485,0.296875,0.9813445210456848,1.4070277214050293,401.775849255988,1.2743423999927472,0.900895999991917,0.3606877999991411,223.35595703125,3598.0,0
0,1386,0.7032474011380505,0.0234277546405792,0.125,0.963983952999115,1.1243531703948977,410.288003746833,1.2479039000027117,0.9001827000029152,0.3373913999967044,171.796875,3598.0,0
0,1387,0.6488120026765571,0.0048076808452606,0.109375,0.9336147904396056,1.0553077459335327,431.7572647197176,1.1858514999912586,0.870650700002443,0.3078148999920813,82.8046875,3598.0,0
0,1388,0.7436345306513731,0.0237836688756942,0.3125,0.9567615389823914,0.5927389860153198,367.89411087745793,1.3917048000002978,0.9283462000021244,0.4438686999928904,345.17578125,3598.0,0
0,1389,0.7229660394116892,0.0117470175027847,0.203125,0.9801941514015198,1.691773533821106,372.7993099711172,1.3733931000024313,0.9417841999966186,0.4149462999921525,319.30517578125,3598.0,0
0,1390,0.6495494951540095,0.002422422170639,0.125,0.8842418193817139,1.2532944679260254,382.1955687249505,1.3396283000038238,0.9709374999947612,0.3610916000034194,82.8046875,3598.0,0
0,1391,0.7227800619092077,0.0488821566104888,0.53125,0.9385451674461364,0.8442556262016296,257.5371879666289,1.9880624000070384,1.4388409999955911,0.5359270000044489,219.380859375,3598.0,0
0,1392,0.7372832341331175,0.001894861459732,0.234375,0.8409819602966309,1.2583249807357788,265.7051048028925,1.9269482999952745,1.0056332999956794,0.8776390999992145,1028.65234375,3598.0,0
0,1393,0.6522937065428885,0.0007464438676834,0.171875,0.8740816712379456,0.9366686344146729,456.554838971592,1.121442499992554,0.7939239999977872,0.3044685000058962,88.77783203125,3598.0,0
0,1394,0.661875846108635,0.023311972618103,0.203125,0.9417155981063844,1.026848077774048,488.4661409527685,1.0481790999911027,0.7491783999867039,0.2921785000071395,104.44970703125,3598.0,0
0,1395,0.7316066501069114,0.0402268469333648,0.296875,0.8508968353271484,0.7601819634437561,279.0657011138594,1.8346934000001056,1.0452860000077635,0.75650059999316,824.9033203125,3598.0,0
0,1396,0.7061428421955714,0.0047758966684341,0.125,0.9479003548622132,1.1049009561538696,443.52113508135466,1.154398200000287,0.8106758000067202,0.3328521000075852,226.27880859375,3598.0,0
0,1397,0.7181983054435879,0.003396064043045,0.15625,0.971086323261261,1.5030269622802734,434.2717051478538,1.178985399994417,0.853714900003979,0.3131658999918727,221.251953125,3598.0,0
0,1398,0.7480723195395285,0.0073542296886444,0.125,0.8129540681838989,1.526152491569519,254.15730868145337,2.014500399993267,1.1955477000010433,0.7822614000033354,845.04150390625,3598.0,0
0,1399,0.6109614889027556,0.0019603967666625,0.171875,0.914984941482544,1.1204615831375122,436.6924707577654,1.1724497999966843,0.8676840999978594,0.2979743999894708,81.4140625,3598.0,0
0,1400,0.656958449877401,0.017963707447052,0.265625,0.968113899230957,1.2175743579864502,414.0537609971551,1.2365544000058435,0.8761083999997936,0.3524928999977419,120.23681640625,3598.0,0
0,1401,0.6540307574770385,0.0048331171274185,0.5,0.9764646887779236,1.5475910902023315,375.61088121304863,1.3631127999979071,0.9821120999986306,0.3709477000084007,130.79736328125,3598.0,0
0,1402,0.7288257751124125,0.0209640264511108,0.375,0.9213230013847352,1.624274969100952,306.6379632793783,1.669721499987645,1.0082811000029324,0.5948433000012301,531.318359375,3598.0,0
0,1403,0.6668640295216196,0.0240127295255661,0.25,0.9547421336174012,1.538306474685669,432.70323741549737,1.1832589999976335,0.8713874999957625,0.3047635999973863,87.29736328125,3598.0,0
0,1404,0.6626884545076851,0.0018979758024215,0.1875,0.9719486236572266,1.5665292739868164,421.5609314464028,1.214533799997298,0.8811324999987846,0.3258273000101326,102.25927734375,3598.0,0
0,1405,0.6077359884380774,0.0093078464269638,0.3125,0.9125593900680542,1.7755086421966553,479.62735951239495,1.0674954000132857,0.7600467000011122,0.3004373000003397,78.62841796875,3598.0,0
0,1406,0.7521843262563463,0.0162385553121566,0.15625,0.8617825508117676,0.9922180771827698,238.2060442279705,2.1493996999925,1.1638937999960035,0.9438418999925487,1072.08251953125,3598.0,0
0,1407,0.7401231683973686,0.0056025981903076,0.046875,0.9500344395637512,0.8750922083854675,263.8052997350985,1.9408253000001423,1.1098719000001438,0.7927484999963781,823.810546875,3598.0,0
0,1408,0.6585919151651083,0.0049508810043334,0.296875,0.9272369742393494,1.1813366413116455,418.0375699825064,1.2247703000030017,0.8433927000005497,0.3729652000038186,100.76806640625,3598.0,0
0,1409,0.7438886197596959,0.0190901458263397,0.1875,0.9218298196792604,1.3569661378860474,229.76887315708035,2.228326199998264,1.2082557999965502,0.9768538999924204,1070.03076171875,3598.0,0
0,1410,0.6422159226032131,0.0111352056264877,0.265625,0.8860617280006409,1.582705855369568,383.2191335326749,1.3360501999995904,0.9850158999906852,0.3333761999965645,91.81494140625,3598.0,0
0,1411,0.684846959167404,0.0536347180604934,0.265625,0.9415530562400818,1.938770055770874,415.8661716693523,1.2311652999924263,0.8636136999994051,0.3592993000056594,119.033203125,3598.0,0
0,1412,0.6693268713822402,0.0005824416875839,0.171875,0.966028332710266,0.928244173526764,354.33975188683337,1.4449409000080775,1.0398425000021234,0.3934353999939048,177.72900390625,3598.0,0
0,1413,0.7338252042730872,0.0281895697116851,0.296875,0.9368155598640442,1.2474106550216677,294.804547752773,1.7367438999935985,1.1169825999968452,0.5837725000019418,551.27392578125,3598.0,0
0,1414,0.7557467646327006,0.0105810612440109,0.140625,0.903967022895813,0.6801098585128784,231.37935128172865,2.212816300001577,1.1891499000048498,0.9724852999934228,1072.39697265625,3598.0,0
0,1415,0.6290811276904202,0.0255780518054962,0.25,0.8839467763900757,1.127158284187317,396.85310985957193,1.2901498999999603,0.9542766999948072,0.329255100004957,92.50439453125,3598.0,0
0,1416,0.6830658524266737,0.0016069412231445,0.375,0.9241801500320436,1.125903606414795,390.89280833275353,1.309822000010172,0.9275193999928888,0.3737737000046763,100.40869140625,3598.0,0
0,1417,0.7326861127948119,0.0111850500106811,0.265625,0.9646461009979248,1.2794378995895386,339.75679385822707,1.506960300001083,0.9690069000062068,0.5228602999995928,232.39697265625,3598.0,0
0,1418,0.7436333758260476,0.0385638326406478,0.234375,0.9268856048583984,1.1516679525375366,245.80370586619296,2.082962899992708,1.2134721999900648,0.8338433999888366,857.35107421875,3598.0,0
0,1419,0.6742907972962283,0.0369136929512023,0.296875,0.8876275420188904,0.9895960092544556,390.9593998591739,1.3095988999994006,0.9470264999981736,0.3538741999946069,125.59814453125,3598.0,0
0,1420,0.7392991764924073,0.0529693514108657,0.484375,0.9334779381752014,0.8363378643989563,312.9732803943754,1.6359224000043469,1.0247503999999026,0.5872555000096327,525.14208984375,3598.0,0
0,1421,0.6068695120548616,0.0091601312160491,0.328125,0.8393362164497375,1.3303223848342896,398.56470001237625,1.2846094999986235,0.9463967000046978,0.3137781999976141,82.8046875,3598.0,0
0,1422,0.6598105946080169,0.000748261809349,0.15625,0.9619027972221376,1.0298830270767212,384.9908606040395,1.3299016999953892,0.9776549999951384,0.3424262000044109,101.73974609375,3598.0,0
0,1423,0.6596754628087865,0.0263843834400177,0.109375,0.889955461025238,1.3054049015045166,418.4676987865767,1.223511400006828,0.872607400000561,0.3421896000072593,105.1123046875,3598.0,0
0,1424,0.6909330415639403,0.0011270493268966,0.28125,0.988599181175232,1.253343939781189,358.94164653043,1.4264157000143314,0.957340100008878,0.4554869999992661,229.15625,3598.0,0
0,1425,0.6772300462238712,0.0126945227384567,0.28125,0.925613284111023,0.8780190348625183,399.5079809531459,1.2815763999969931,0.923531100008404,0.3485823000082746,104.244140625,3598.0,0
0,1426,0.7605152263516236,0.0253803431987762,0.1875,0.9306573271751404,1.226569890975952,309.8063825057837,1.6526451000099769,1.0357746000081534,0.5918232999974862,530.60546875,3598.0,0
0,1427,0.7004429167772709,0.0101139545440673,0.296875,0.927531599998474,1.0844144821166992,416.6126575542698,1.228959300002316,0.8767536999948788,0.3303763000003528,105.91357421875,3598.0,0
0,1428,0.668356083248152,0.0001607239246368,0.390625,0.945032835006714,0.9312543272972108,422.2788028193837,1.212469099991722,0.872669100004714,0.3314268000103766,105.71484375,3598.0,0
0,1429,0.6740482549938727,0.0286088287830352,0.078125,0.9739602208137512,0.9108551740646362,406.88448549326193,1.2583424000040395,0.8970947000052547,0.3526141999900574,121.26611328125,3598.0,0
0,1430,0.6461698070997887,0.0013893395662307,0.203125,0.9689764976501464,1.108371019363403,406.3634290665765,1.259955900008208,0.9417197999864584,0.3111008999985643,84.19921875,3598.0,0
0,1431,0.6912508045916896,0.0206560045480728,0.5,0.966497004032135,0.831294596195221,387.3615721401305,1.3217625000106636,0.9054061999922852,0.4033314999978756,228.287109375,3598.0,0
0,1432,0.6244716183255816,0.0310836732387542,0.296875,0.9720637798309326,1.830241560935974,424.5124428980311,1.206089500003145,0.8656923999951687,0.332898099994054,82.8046875,3598.0,0
0,1433,0.7224609479076901,0.0182839184999465,0.15625,0.903354823589325,0.4500558376312256,256.98016087989976,1.9923717000056056,1.1549126000027172,0.8009208000003127,844.99267578125,3598.0,0
0,1434,0.6791452635035904,0.0201923251152038,0.203125,0.9507303833961488,1.084064245223999,359.73065448321546,1.4232870999985607,0.9865534999989904,0.4191916999989189,314.880859375,3598.0,0
0,1435,0.6965853161218797,0.0078470408916473,0.109375,0.9158393740653992,1.2084085941314695,402.01289110720944,1.2735910000046715,0.9246075999981258,0.3384042999969097,176.43212890625,3598.0,0
0,1436,0.6855424937995428,0.021900475025177,0.25,0.9597477316856384,0.8676040172576904,422.6216492079729,1.2114854999963427,0.8644800999900326,0.3383044999936828,120.46337890625,3598.0,0
0,1437,0.6590702443950813,0.0105341672897338,0.140625,0.9463313817977904,1.1606532335281372,399.8484324499029,1.2804852000117537,0.9210239999956684,0.3500597999955062,119.64306640625,3598.0,0
0,1438,0.6720787841197409,0.0088317245244979,0.203125,0.9586215019226074,0.8768323063850403,409.7262612425719,1.249614800006384,0.8860608999966644,0.34505239999271,125.46630859375,3598.0,0
0,1439,0.7102317697173463,0.0004655271768569,0.15625,0.966965675354004,0.8118864297866821,262.01175491207266,1.9541107999975795,1.0962572999997064,0.8188559000118403,854.892578125,3598.0,0
0,1440,0.6230702134448881,0.0337153077125549,0.1875,0.9405439496040344,0.8340965509414673,406.9529501164097,1.258130700007314,0.9104707000078632,0.3400947000045562,104.60986328125,3598.0,0
0,1441,0.6909232887275978,0.0300737023353576,0.234375,0.9744198322296144,0.7375205755233765,342.76728886266346,1.493724799991469,0.9826189000013984,0.4927778999990551,344.5,3598.0,0
0,1442,0.6775318318528364,0.0008210390806198,0.03125,0.992763102054596,1.1008155345916748,371.1881442487117,1.379354400007287,0.9667294999962904,0.3978201999998418,319.05322265625,3598.0,0
0,1443,0.6533189796752789,0.0135994255542755,0.328125,0.9741045832633972,1.459937572479248,408.29902863855415,1.2539829000015743,0.8835846000001766,0.357649700003094,121.86962890625,3598.0,0
0,1444,0.6168289587001887,0.0514050126075744,0.40625,0.9390716552734376,1.171313762664795,431.4119464198904,1.1868007000011858,0.8772545999963768,0.3021439000003738,84.19921875,3598.0,0
0,1445,0.6817188443358945,0.0142590254545211,0.265625,0.9669617414474488,1.2223055362701416,353.5781452273282,1.448053299987805,0.9707689000060782,0.4620553999993717,327.75927734375,3598.0,0
0,1446,0.6703876342099753,0.0227549374103546,0.203125,0.9832367897033693,0.7955616116523743,393.1259471136576,1.3023815999913495,0.9367098999937298,0.3547096999973291,173.33984375,3598.0,0
0,1447,0.6807746560024138,0.0202941000461578,0.1875,0.9824207425117492,0.9770892858505248,375.3638720182044,1.3640098000032594,0.9054363999894122,0.4415531999984523,323.45361328125,3598.0,0
0,1448,0.6839056305511686,0.0175462216138839,0.171875,0.942312479019165,0.7849227786064148,317.165138346094,1.6143010000087088,1.002368600005866,0.5871000000042841,547.05078125,3598.0,0
0,1449,0.6867158165305579,0.0081890821456909,0.0625,0.9022409915924072,0.9623403549194336,244.3719750014583,2.095166600003722,1.1107240999990609,0.9409287000016776,1068.72998046875,3598.0,0
0,1450,0.7275723027190639,0.0191345065832138,0.21875,0.9530052542686462,0.6923971176147461,237.1764001327117,2.158730800001649,1.1520603999961168,0.9396655000018654,1054.767578125,3598.0,0
0,1451,0.7356265908357931,0.0167517066001892,0.21875,0.9730740785598756,0.7471464276313782,210.3256588839944,2.434320200001821,1.3026643999910448,1.0851010000042152,1098.9345703125,3598.0,0
0,1452,0.7413444250700097,0.0127901285886764,0.21875,0.9417689442634584,0.9114962816238404,234.6462094272808,2.182008400006453,1.1934951000002911,0.9464133000001312,1059.2099609375,3598.0,0
0,1453,0.7049917594994569,0.0073844790458679,0.140625,0.817836344242096,0.8468313217163086,372.2950528477024,1.3752532999933464,0.944238199997926,0.4149347999918973,346.517578125,3598.0,0
0,1454,0.6088097005041856,0.0301461517810821,0.109375,0.8507736921310425,1.225287914276123,439.5706665237042,1.1647728999960236,0.8440216000017244,0.3135801000025822,85.80908203125,3598.0,0
0,1455,0.6696251499992287,0.0196744501590728,0.140625,0.9483051300048828,0.8578284978866577,411.4005851677986,1.2445291000040015,0.9071308999991744,0.3262435999931767,174.220703125,3598.0,0
0,1456,0.6210344211327854,0.0359406024217605,0.515625,0.9555442929267884,0.821000874042511,436.3726117523376,1.17330920000677,0.8554521000041859,0.3106479000125546,105.6923828125,3598.0,0
0,1457,0.6995423537237784,0.001133993268013,0.203125,0.9756157398223876,0.6829510927200317,317.63893027503207,1.6118930999946317,0.9864856000058352,0.6015560000087135,550.5654296875,3598.0,0
0,1458,0.7265052733710847,0.0053151696920394,0.09375,0.9212363958358764,1.1783690452575684,277.21133839859715,1.8469662999996217,1.0372836000024108,0.7734692000085488,831.9970703125,3598.0,0
0,1459,0.6739622476418181,0.0162441730499267,0.109375,0.9645653367042542,1.0464264154434204,371.1117885834006,1.379638200000045,0.9841482000047108,0.3824903999920934,223.96142578125,3598.0,0
0,1460,0.686327291999672,0.0535293221473693,0.15625,0.8971520066261292,1.416843295097351,396.49544491021976,1.2913136999995911,0.9116135999938706,0.3710967000079108,125.76904296875,3598.0,0
0,1461,0.6777299891788092,0.0775594860315322,0.1875,0.8666079044342041,0.9010217785835266,415.0276990459354,1.233652599999914,0.876680999994278,0.3476077999948757,101.73974609375,3598.0,0
0,1462,0.7515747537232432,0.0151742994785308,0.078125,0.903391659259796,0.7372406721115112,312.7847593664503,1.636908400003449,1.017357600008836,0.5940795000060461,532.1865234375,3598.0,0
0,1463,0.6628924399823877,0.025555282831192,0.140625,0.9514888525009156,0.829958975315094,395.97218945069096,1.2930200999981023,0.9111649000114994,0.3738086000084877,101.99853515625,3598.0,0
0,1464,0.7012309051017127,0.0178567171096801,0.3125,0.957442581653595,0.7989651560783386,404.10163156185,1.2670079999952577,0.8797279999998864,0.3741059000021778,224.10693359375,3598.0,0
0,1465,0.7387216343272467,0.0031225979328155,0.109375,0.8514582514762878,0.8303871750831604,247.77500944966403,2.0663908000133238,1.1017828000040026,0.9210731000057422,1037.71044921875,3598.0,0
0,1466,0.7557076402121816,0.0008657574653625,0.25,0.8816210627555847,1.4894229173660278,246.05482091773703,2.0808371000021,1.1431186999980127,0.8925560999923619,1021.0390625,3598.0,0
0,1467,0.661630631028216,0.012698695063591,0.15625,0.8721789121627808,0.8886538147926331,424.38408151835085,1.2064543000014964,0.8811574999999721,0.3168949999962933,101.53857421875,3598.0,0
0,1468,0.6372243445271429,0.004852682352066,0.140625,0.8800819516181946,0.4728780090808868,435.5771226743452,1.1754519999958577,0.8554344000003766,0.3134783000132302,82.8046875,3598.0,0
0,1469,0.594180548982732,0.0466373264789581,0.078125,0.9328432083129884,0.7447066903114319,464.392437733015,1.1025157999974908,0.8029003999981796,0.2931886000005761,78.62841796875,3598.0,0
0,1470,0.729344208593452,0.0144234597682952,0.25,0.8705649375915527,0.8393914103507996,325.3620685664705,1.5736314999958267,0.977429700011271,0.5718352000112645,535.70361328125,3598.0,0
0,1471,0.740832749780543,0.0218838602304458,0.0625,0.9157636165618896,0.9428769946098328,386.3548812922352,1.3252065000124276,0.9118897000007564,0.3970163000049069,320.28173828125,3598.0,0
0,1472,0.714723502055365,0.0018359869718551,0.109375,0.9054767489433287,0.4618754982948303,378.7532449233927,1.351803600002313,0.9335642000078224,0.4012990000046557,337.36474609375,3598.0,0
0,1473,0.7101056038086438,0.0255251675844192,0.140625,0.9714336395263672,0.7312562465667725,423.59423180361694,1.2087039000034565,0.8733140999975149,0.3251750999916112,176.75048828125,3598.0,0
0,1474,0.6846239984463118,0.0161473006010055,0.265625,0.92551589012146,0.7255383133888245,419.9737204743085,1.2191238999948837,0.8753358000103617,0.3349473999987822,125.53076171875,3598.0,0
0,1475,0.6950585329097966,0.0076311379671096,0.234375,0.959767520427704,1.1477874517440796,439.4041130985101,1.16521439999633,0.8153762000001734,0.3394461999996565,174.220703125,3598.0,0
0,1476,0.6782940028334611,0.024574339389801,0.203125,0.976051926612854,1.0420684814453125,436.4952669624635,1.1729795000137528,0.8394741999945836,0.324758999995538,125.99169921875,3598.0,0
0,1477,0.7561817426189306,0.0051221251487731,0.125,0.7568649053573608,0.8414533138275146,250.9461330886664,2.040278500004206,1.0879838000109885,0.9109478000027592,1027.1259765625,3598.0,0
0,1478,0.7186270374374145,0.0426163673400878,0.328125,0.8788050413131714,1.9340726137161253,330.4932217600691,1.549199699991732,0.9806316000031076,0.5438214000023436,524.32080078125,3598.0,0
0,1479,0.6882083432925894,0.0116761624813079,0.265625,0.935649275779724,1.2101949453353882,405.3404234152819,1.2631357999925967,0.934353699994972,0.3208140000060666,104.5849609375,3598.0,0
0,1480,0.7561800330802427,0.0433842986822128,0.09375,0.8852450847625732,1.0796809196472168,238.07031732358465,2.1506250999955228,1.171287899996969,0.9371253999997862,1068.7734375,3598.0,0
0,1481,0.7418572121666287,0.0339714586734771,0.171875,0.9309669137001038,0.9768267273902892,275.50429931959,1.858410200002254,1.0430230000056326,0.7804341000010027,872.53564453125,3598.0,0
0,1482,0.7695919417517932,0.0348047167062759,0.234375,0.8752481937408447,1.4800846576690674,255.8102144030156,2.001483799991547,1.0735877999977674,0.8853129999915836,1030.0361328125,3598.0,0
0,1483,0.6525326581757522,0.002107486128807,0.203125,0.8334100842475891,1.2867881059646606,445.2536698014308,1.149906299993745,0.8460510000004433,0.2970192999928258,89.716796875,3598.0,0
0,1484,0.6874950129492078,0.0209999531507492,0.109375,0.94939923286438,1.3460758924484253,424.8857580134308,1.2050297999958277,0.8797961000091163,0.3162043000047561,125.46630859375,3598.0,0
0,1485,0.6220177492438028,0.0650913566350936,0.171875,0.9138734936714172,0.9905097484588624,437.64876959457865,1.169887900003232,0.8584814999921946,0.3042262999952072,82.8046875,3598.0,0
0,1486,0.7598998627831501,0.0021840035915374,0.234375,0.7247879505157471,0.730297327041626,266.69350270080974,1.919806799996877,1.0796602000045823,0.8039111000107368,844.15673828125,3598.0,0
0,1487,0.6569053813423368,0.0361943542957305,0.09375,0.9388627409934998,0.9545113444328308,445.2848422753263,1.1498258000065107,0.8238225999957649,0.318626199994469,100.51416015625,3598.0,0
0,1488,0.6433175737946758,0.0327964723110199,0.203125,0.8680986166000366,1.0457066297531128,421.7674858478036,1.213938999993843,0.874743699998362,0.3117348999949172,100.14306640625,3598.0,0
0,1489,0.6137679721478744,0.0079611837863922,0.140625,0.9401208758354188,0.9102039933204652,443.56082661390593,1.1542948999995133,0.8541751000011573,0.2930352000112179,84.19921875,3598.0,0
0,1490,0.7348841136124057,0.0328845232725143,0.203125,0.8778254985809326,1.7377973794937134,317.67345885752354,1.6117179000139004,1.0002236000000266,0.5877277000108734,557.216796875,3598.0,0
0,1491,0.6171033821148088,0.0039646625518798,0.0625,0.9616488814353944,0.9220434427261353,438.5251166979961,1.1675499999983003,0.8560618000046816,0.2937698000023374,84.19921875,3598.0,0
0,1492,0.6255604125770916,0.0215721577405929,0.21875,0.9528821110725404,1.3371931314468384,440.857654121486,1.161372600006871,0.8548505999933695,0.2999678000051062,81.4140625,3598.0,0
0,1493,0.6830912767987901,0.0161050260066986,0.140625,0.9739272594451904,1.2018084526062012,418.43459368714775,1.2236082000017632,0.8707852999941679,0.3424486000003526,179.07861328125,3598.0,0
0,1494,0.6624668816739494,0.0282511115074157,0.28125,0.9893551468849182,1.0368045568466189,424.6110890026198,1.2058092999941437,0.857208699992043,0.3387683000037214,175.53564453125,3598.0,0
0,1495,0.6248243856420179,0.0367560088634491,0.203125,0.98603618144989,0.5759651064872742,450.5043933441626,1.1365038999938406,0.8269931999966502,0.3017076999967685,104.6279296875,3598.0,0
0,1496,0.7194589640973684,0.0216455459594726,0.0625,0.9592265486717224,0.9305905103683472,382.5593865556309,1.3383542999945348,0.91145330001018,0.4110322000051383,313.57470703125,3598.0,0
0,1497,0.6859176413749402,0.0299818664789199,0.25,0.9749909043312072,0.824589729309082,441.42390938166847,1.1598827999987409,0.841639899997972,0.3104985999962082,119.15234375,3598.0,0
0,1498,0.6853661736396917,0.0115424692630767,0.234375,0.9746326208114624,1.5243998765945437,430.8868442289301,1.1882470000127796,0.8420985000120709,0.3362561000103596,169.44873046875,3598.0,0
0,1499,0.661582173780006,0.0087519288063049,0.125,0.918049454689026,1.046617031097412,411.3219582471576,1.2447669999965,0.8987883999943733,0.3279980999941472,125.01318359375,3598.0,0
0,1500,0.6929210485906091,0.0126702040433883,0.125,0.9824856519699096,1.1647683382034302,416.1811220245291,1.2302335999993377,0.8757584999984829,0.3438065999944228,177.42822265625,3598.0,0
1,1,0.9992435015857806,0.0045182704925537,0.0,0.0664752125740051,0.0682355687022209,362.53957841518366,1.412259600008838,0.9512717999896269,0.4296379000006709,106.47314453125,146.0,0
1,2,1.0010465442347796,0.0039259195327758,0.0,0.1512504816055297,0.1286834478378296,475.838465482636,1.0759953999950085,0.7958520999964094,0.2493954999954439,82.6337890625,148.0,0
1,3,0.9994531874420102,0.011962741613388,0.03125,0.2943489551544189,0.121700532734394,251.7084836233482,2.0340990999975475,1.029956799990032,0.9331961999996564,1069.12109375,1440.0,0
1,4,0.9975744682385952,0.0005734637379646,0.0,0.2394173741340637,0.1205668374896049,432.32157700401285,1.1843035999918357,0.8142089000029955,0.3403695999877527,217.1025390625,1440.0,0
1,5,0.9958440169242696,0.0260543078184127,0.125,0.5567886829376221,0.1096119135618209,255.01407732488687,2.007732300000498,1.0752160999982152,0.8476903999981005,1030.3701171875,1440.0,0
1,6,0.9953229297982992,0.034250870347023,0.09375,0.7407931089401245,0.1408525705337524,253.79697877476016,2.017360500001814,1.0434298000036506,0.8780789000011282,1054.2138671875,1440.0,0
1,7,0.9919308992904198,0.0131318271160125,0.171875,0.719098687171936,0.2212148159742355,444.96507676052784,1.1506520999973873,0.8319192999915686,0.2747035000065807,179.48681640625,1440.0,0
1,8,0.9836796084305752,0.0185285508632659,0.25,0.638930082321167,0.2331393957138061,492.7864058716572,1.0389896999986377,0.7451472999964608,0.2648998000076972,85.63818359375,1440.0,0
1,9,0.9757649171691216,0.0236967355012893,0.234375,0.6513254642486572,0.3839167654514313,505.34540951268485,1.0131683999934469,0.71242149999307,0.2721072999993339,84.0283203125,1440.0,0
1,10,0.9689051386651136,0.0770771726965904,0.390625,0.918542742729187,0.2071700245141983,352.75832899248235,1.451418599986937,0.8286045999993803,0.5157463999930769,531.74755859375,1448.0,0
1,11,0.9537814949152986,0.0255726277828216,0.109375,0.8428752422332764,0.2913708388805389,469.5149534511819,1.0904871000093408,0.7446492000017315,0.3010348999960115,178.41552734375,1448.0,0
1,12,0.9483721565744838,0.0468684881925582,0.140625,0.9177918434143066,0.3480390310287475,394.98264043611374,1.296259499998996,0.7725894000031985,0.3864020999899367,324.10693359375,1448.0,0
1,13,0.9438103491330468,0.0555302873253822,0.234375,0.9164850115776062,0.3414414227008819,451.2886361900028,1.1345289000018963,0.7528705000004265,0.3348507999908179,220.57958984375,1448.0,0
1,14,0.947121238629628,0.0315774008631706,0.109375,0.8906775712966919,0.4218421876430511,307.555441822038,1.6647405000112483,0.9302553999878,0.6969398000073852,824.3798828125,1448.0,0
1,15,0.9241600991078668,0.0124024897813797,0.140625,0.743970513343811,0.3904556334018707,504.7531082021201,1.0143572999950266,0.7665229999984149,0.2226182000013068,79.84814453125,1448.0,0
1,16,0.9189050237615712,0.0044509917497634,0.203125,0.9148268699645996,0.4402709007263183,431.5343380388069,1.1864640999992844,0.796856500004651,0.3364860000001499,229.4091796875,1448.0,0
1,17,0.9165255756549718,0.0081528574228286,0.21875,0.831382155418396,0.5145512819290161,467.17063306974944,1.0959593000006862,0.7716170999919996,0.2929888000071514,102.88720703125,1448.0,0
1,18,0.9088388775968076,0.0186476111412048,0.015625,0.8878695964813232,0.6754958033561707,264.7492888871925,1.9339050999988103,0.9703101000050084,0.8975574000069173,1076.96484375,2264.0,0
1,19,0.8934959812677555,0.0042288750410079,0.3125,0.839643120765686,0.4578075110912323,493.16105060329386,1.038200399998459,0.7206724999996368,0.283692199998768,104.7509765625,2264.0,0
1,20,0.8904208457980572,0.0063718482851982,0.265625,0.9097379446029664,0.511391818523407,485.6878601761769,1.0541749999974854,0.7187886999890907,0.2956039999990025,122.25732421875,2264.0,0
1,21,0.8918794231117866,0.0048333927989006,0.25,0.8780718445777893,0.5537130236625671,262.72348814734585,1.9488169999967797,0.9514542999968398,0.8900531000108458,1071.697265625,2264.0,0
1,22,0.8901337396289077,0.020629309117794,0.21875,0.9562957882881165,0.5378240346908569,435.17569326116586,1.1765363000013167,0.7710497999942163,0.3575553999980911,330.02587890625,2264.0,0
1,23,0.8767425470776794,0.0751532986760139,0.296875,0.8243746161460876,0.5706368684768677,541.5326452725636,0.9454646999947728,0.6995796999981394,0.2265074000024469,83.1318359375,2264.0,0
1,24,0.9109146056042178,0.0079199522733688,0.109375,0.9409343600273132,0.5598440766334534,282.68907095153395,1.8111772000120252,0.9210157000052276,0.828913500008639,1027.1494140625,2264.0,0
1,25,0.8605662547463838,0.0115589462220668,0.21875,0.7720211744308472,0.4334058463573456,533.4712578768876,0.9597518000082346,0.7147649999969872,0.2233370000030845,88.86669921875,2264.0,0
1,26,0.8966719377333987,0.0126554742455482,0.140625,0.8865964412689209,0.5290436148643494,376.385375692637,1.3603079000022262,0.8164441999979317,0.511548499998753,520.3125,2264.0,0
1,27,0.8487538020887864,0.0292633585631847,0.28125,0.8411667346954346,0.3692392706871032,547.8206208448962,0.9346125000010944,0.683061000003363,0.2282740000082412,79.84814453125,2264.0,0
1,28,0.8753619460676572,0.025266908109188,0.28125,0.9459984302520752,0.5116767883300781,490.5396741209526,1.0437483999994583,0.7212500000023283,0.2705350999895017,177.00146484375,2264.0,0
1,29,0.8421359478413888,0.0006285235285758,0.34375,0.8477641940116882,0.5768322944641113,507.9412950806162,1.0079905000020517,0.7157798999978695,0.2682145000144373,79.84814453125,2264.0,0
1,30,0.8453266651349448,0.0247113555669784,0.171875,0.9351544976234436,0.4786341190338135,428.0082585500045,1.1962386000086551,0.7665789000020595,0.3784198000066681,336.48486328125,2264.0,0
1,31,0.8481481090990562,0.0036105215549468,0.078125,0.8755366206169128,0.9487669467926024,267.1297890251948,1.916671300001326,0.9600702000025194,0.896539399996982,1087.89453125,3092.0,0
1,32,0.8358402133237031,0.0327009335160255,0.0625,0.9256619215011596,0.5504237413406372,301.943923231913,1.6956791000120577,0.90619290000177,0.7200697999942349,871.13525390625,3092.0,0
1,33,0.8006794147534656,0.0312960892915725,0.1875,0.9204767942428588,0.8189114928245544,371.8879443503728,1.376758800004609,0.8098252000054345,0.4909181999973953,543.39892578125,3094.0,0
1,34,0.8077452941608113,0.0136940442025661,0.09375,0.9134292006492616,0.8554002642631531,480.33839840133817,1.0659152000007452,0.7295067999948515,0.290470699997968,127.2451171875,3094.0,0
1,35,0.827387906153708,0.0732734575867652,0.28125,0.9602051377296448,0.5096137523651123,496.018194569702,1.0322201999952083,0.7295523000066169,0.2683539999998174,171.0654296875,3094.0,0
1,36,0.8408881128876761,0.0112401023507118,0.203125,0.9040597081184388,0.5015790462493896,302.6493939782053,1.6917264999938195,0.9348748000047636,0.704043100005947,839.88623046875,3094.0,0
1,37,0.8156753673740523,0.0380474030971527,0.28125,0.9052612781524658,0.5946406126022339,505.16227498895887,1.0135357000108345,0.7123589000111679,0.2800883000018075,106.31396484375,3094.0,0
1,38,0.8116873915496511,0.0044212602078914,0.1875,0.9523711800575256,0.7031402587890625,485.7056449199105,1.0541364000091562,0.7418070999992779,0.2691953999892575,170.49267578125,3094.0,0
1,39,0.7977621581468665,0.039481870830059,0.265625,0.9251563549041748,0.9089981317520142,522.0767069407385,0.9806987999909323,0.7224904000031529,0.2254995000112103,83.1318359375,3094.0,0
1,40,0.8010911103221371,0.0317179039120674,0.171875,0.9508667588233948,0.5576287508010864,488.3771950723622,1.04837000000407,0.7226727999950526,0.2932715000060852,128.1416015625,3094.0,0
1,41,0.84157310046977,0.0207302942872047,0.015625,0.934490203857422,0.7458125948905945,295.20460302388364,1.7343903000000864,0.8994089999905555,0.735509699996328,864.0185546875,3094.0,0
1,42,0.8004715480818916,0.017816886305809,0.4375,0.9362415671348572,1.3599319458007812,371.01849867985777,1.379985099993064,0.8072229999961564,0.5077257000084501,548.8056640625,3094.0,0
1,43,0.7725522447462265,0.0279428884387016,0.1875,0.8559721112251282,1.2498570680618286,504.1123059794287,1.0156467000051634,0.7452250000060303,0.244790800003102,105.5439453125,3094.0,0
1,44,0.7603860562977315,0.0498781315982341,0.15625,0.9027446508407592,0.808070182800293,511.6980981241488,1.0005899999960093,0.7360202999989269,0.2304007999919122,82.8203125,3094.0,0
1,45,0.7604734482550454,0.0284811928868293,0.140625,0.8794602155685425,0.6169956922531128,532.7695965042618,0.9610157999995864,0.7260544000018854,0.2230396999948425,79.84814453125,3094.0,0
1,46,0.7938003169476688,0.045275941491127,0.21875,0.9665752649307252,0.65102618932724,364.3622674694509,1.4051948999986053,0.8407195000036154,0.5071607999998378,547.19873046875,3094.0,0
1,47,0.7733060904133651,0.0036640092730522,0.234375,0.9680606126785278,0.5726033449172974,429.7860538434829,1.1912904000055278,0.7852895000105491,0.3595166000013705,336.3681640625,3094.0,0
1,48,0.7966802882536117,0.0072120130062103,0.15625,0.9729653596878052,1.059454083442688,471.341949195026,1.0862601999979231,0.7407379000069341,0.3149808999878587,219.6787109375,3094.0,0
1,49,0.761175355349372,0.0368131957948207,0.15625,0.9499734044075012,0.6473358869552612,495.2423364886779,1.0338372999976857,0.7336236000119243,0.265320900012739,175.62646484375,3094.0,0
1,50,0.7457051959004366,0.0053928270936012,0.1875,0.920830488204956,0.733544647693634,522.0670715485326,0.9807168999977876,0.7079593999951612,0.2418722000002162,101.36767578125,3094.0,0
1,51,0.7845975678292357,0.0223108902573585,0.265625,0.9576655626296996,0.7738307118415833,302.4420839644497,1.6928861000051256,0.916307899999083,0.7283198999939486,857.0947265625,3094.0,0
1,52,0.7825423276389839,0.028799969702959,0.171875,0.9834517240524292,0.9485216736793518,472.9834530605896,1.0824903000029735,0.7631434000068111,0.2823773999989498,220.03173828125,3094.0,0
1,53,0.7779918736176346,0.0144863575696945,0.109375,0.938789427280426,0.57086580991745,303.17819570949086,1.6887757999938913,0.91286849998869,0.718925000008312,869.59912109375,3094.0,0
1,54,0.818628966872591,0.0223357826471328,0.171875,0.8841171264648438,1.6627624034881592,282.06255155786056,1.8152001999987988,0.9372639000066556,0.8086760000005597,1001.77587890625,3094.0,0
1,55,0.8013602864411276,0.0182010531425476,0.34375,0.9209209680557252,0.6560162305831909,274.1398474118503,1.867659899988212,0.9136436999979196,0.8679324000113411,1029.39794921875,3094.0,0
1,56,0.7627079791354706,0.0080861262977123,0.125,0.9509305357933044,0.8277679681777954,475.9158684845592,1.0758204000012483,0.7281691000098363,0.2686469000036595,181.66845703125,3094.0,0
1,57,0.7388056262847569,0.0154873393476009,0.1875,0.9412530660629272,1.154505729675293,509.4489344588847,1.0050075000035577,0.7165506000019377,0.2452006999956211,103.72705078125,3094.0,0
1,58,0.7614962036214146,0.0300722196698188,0.046875,0.9190035462379456,0.7771924734115601,311.6200689179232,1.643026399993687,0.8931957000022521,0.6899848000030033,819.7802734375,3094.0,0
1,59,0.7374228399262727,0.0271949507296085,0.203125,0.9656123518943788,1.12078857421875,507.4140929099512,1.009037800002261,0.7257893000059994,0.2448434999969322,120.88232421875,3094.0,0
1,60,0.7603415091873515,0.0043567791581153,0.3125,0.982744038105011,0.9787309765815736,442.4333697120898,1.157236399987596,0.7394256999978097,0.3067003000032855,234.05615234375,3094.0,0
1,61,0.7773103715782144,0.0123105980455875,0.0625,0.9782500863075256,0.9589662551879884,504.6547998532112,1.0145549000008032,0.7359347000019625,0.2694374999991851,171.03955078125,3094.0,0
1,62,0.7250280680084406,0.015480488538742,0.203125,0.9697270393371582,1.114509105682373,500.4548567702757,1.0230693000048632,0.7254782999953022,0.2622831000044243,176.00146484375,3094.0,0
1,63,0.7843031321483249,0.0175526291131973,0.125,0.9778132438659668,0.7439837455749512,374.3123199111862,1.3678417000046466,0.8345736999908695,0.4692521999968448,508.90234375,3094.0,0
1,64,0.769375637346608,0.0296277627348899,0.1875,0.959570288658142,0.5228316187858582,311.5598438313047,1.643343999996432,0.8925435999990441,0.6949542999936966,845.6259765625,3094.0,0
1,65,0.7988346411104632,0.0846906900405883,0.453125,0.9276568293571472,1.2357200384140017,393.7644022964325,1.300269900006242,0.7591048999893246,0.3532141000032425,327.68896484375,3094.0,0
1,66,0.779133076889743,0.022694781422615,0.015625,0.9677878618240356,0.9642025232315063,308.6817030415097,1.6586665000068024,0.8935862999933306,0.7132161000045016,868.49267578125,3094.0,0
1,67,0.7670409810115093,0.0035306960344314,0.125,0.9823286533355712,1.3194199800491333,477.9524814458264,1.0712361999903806,0.736298000003444,0.2870239999901969,231.37646484375,3094.0,0
1,68,0.7030240638776255,0.0368315838277339,0.203125,0.8908255100250244,0.7255536913871765,548.8297117548625,0.9328940999985208,0.6826043999899412,0.227184200004558,82.8203125,3094.0,0
1,69,0.7643504819576551,0.0159540846943855,0.3125,0.992936074733734,0.6384595632553101,457.749661533229,1.1185153000114951,0.7474781000055373,0.2931958999979542,220.57958984375,3094.0,0
1,70,0.7628501886871822,0.0617922693490982,0.21875,0.9801316261291504,0.5284861326217651,491.7039366101999,1.0412769999966258,0.7278987999889068,0.2805343000072753,222.82177734375,3094.0,0
1,71,0.7054584134531003,0.0100944563746452,0.296875,0.9220446944236756,0.7518741488456726,505.5478445227856,1.0127627000038046,0.7352128000056837,0.2433252000046195,100.43310546875,3094.0,0
1,72,0.7158138061842519,0.0449835360050201,0.125,0.9601515531539916,0.969150185585022,509.5907061010707,1.004727899999125,0.717507100009243,0.2549923999904422,119.75341796875,3094.0,0
1,73,0.7618325170322868,0.0067845061421394,0.15625,0.9869638681411744,0.7543017268180847,426.7160946139497,1.1998610000009649,0.7840787000022829,0.3731928999914089,339.65185546875,3094.0,0
1,74,0.6988544103402305,0.0058499313890933,0.125,0.969181478023529,1.0457754135131836,489.2163155910892,1.04657180000504,0.7519756999972742,0.2618070000025909,122.51123046875,3094.0,0
1,75,0.7331657049232951,0.057580716907978,0.234375,0.9845115542411804,1.4701718091964722,495.5184133934184,1.0332613000064157,0.7250552999903448,0.271783799995319,170.08447265625,3094.0,0
1,76,0.7266750187153881,0.0407758504152298,0.203125,0.9947658181190492,0.5935429334640503,469.9298152484824,1.0895243999984814,0.7406660999986343,0.3143668999982765,228.1728515625,3094.0,0
1,77,0.7123981597300699,0.0263418331742286,0.15625,0.9846527576446532,1.0564273595809937,475.3695441128623,1.0770568000007188,0.7642377000011038,0.2778356000053463,176.76708984375,3094.0,0
1,78,0.6910033646355122,0.038417562842369,0.21875,0.9927399158477784,1.254004716873169,475.1331370411921,1.0775926999922376,0.7328434999944875,0.2895543000049656,224.54736328125,3094.0,0
1,79,0.7571931519501144,0.0042110085487365,0.34375,0.9388806223869324,0.6037557721138,272.11351470447846,1.8815676999947757,0.94021280000743,0.8761487000010675,1081.3896484375,3094.0,0
1,80,0.6572437640349498,0.0302746519446373,0.265625,0.9737703204154968,0.8198421597480774,485.29126717002464,1.0550365000090096,0.730521299992688,0.2713426999980584,174.7216796875,3094.0,0
1,81,0.6769520666232341,0.0064806267619132,0.1875,0.93210631608963,2.158265352249145,494.6629060656421,1.0350483000074746,0.755220700011705,0.2497226999985287,99.0693359375,3094.0,0
1,82,0.6800261392984214,0.004525426775217,0.109375,0.9709171056747437,0.9054595232009888,520.6530982938557,0.9833803000074112,0.7180310999974608,0.2472206999955233,85.63818359375,3094.0,0
1,83,0.7113228607874295,0.0018792375922203,0.09375,0.9642065763473512,0.8443410992622375,366.0370519551999,1.3987655000091763,0.8471386999881361,0.5081389999977546,541.0732421875,3094.0,0
1,84,0.6850359940069614,0.0128472112119197,0.125,0.971060872077942,1.443092942237854,543.2563058850978,0.9424648999993224,0.6813341000088258,0.2370603999879676,82.8203125,3094.0,0
1,85,0.7243055326806587,0.0017435625195503,0.1875,0.9844209551811218,0.8877281546592712,450.05944388929487,1.1376274999929592,0.7835258999984944,0.3170876000076532,220.57958984375,3094.0,0
1,86,0.7305547728686902,0.0149318948388099,0.140625,0.9443953037261964,0.6955245137214661,269.0862000818925,1.9027360000036424,0.9395205000037096,0.8698886000056518,1071.89208984375,3094.0,0
1,87,0.6857255670913184,0.0286714434623718,0.15625,0.9889528155326844,0.8061071038246155,465.4256890612904,1.1000682000012605,0.7391634000086924,0.3300033999985317,237.65087890625,3094.0,0
1,88,0.7125365821918993,0.0088485479354858,0.09375,0.9865241646766664,1.1578158140182495,411.74317262058526,1.2434936000063317,0.8102298000012524,0.3843282000016188,323.1044921875,3094.0,0
1,89,0.6807505755922597,0.026407778263092,0.28125,0.9784822463989258,1.1184769868850708,502.5079267670802,1.018889400002081,0.7544765000056941,0.2490815999917686,122.8173828125,3094.0,0
1,90,0.7375399595882768,0.0370912998914718,0.203125,0.9132013320922852,1.0330750942230225,285.3488099392191,1.7942952000012156,0.996000200000708,0.7335237999941455,834.86669921875,3094.0,0
1,91,0.72685415409417,0.0090320110321044,0.078125,0.9860267639160156,0.9474575519561768,425.3757575895689,1.2036416999908397,0.8134768000018084,0.3392543999943882,226.0126953125,3094.0,0
1,92,0.7533115131886641,0.0075579807162284,0.171875,0.9161401391029358,0.6350400447845459,258.3287823071952,1.9819703999964984,1.0566577999998117,0.8732691000041086,1053.44775390625,3094.0,0
1,93,0.7099065222184942,0.0330038666725158,0.296875,0.9512872695922852,1.2180343866348269,426.8784695378586,1.199404599989066,0.8324221999937436,0.3396941999963019,178.61474609375,3094.0,0
1,94,0.703270352004605,0.0166432186961174,0.125,0.9660332202911376,0.9851978421211244,457.9345114322549,1.1180637999932517,0.7964295999991009,0.2908768000052077,126.26806640625,3094.0,0
1,95,0.7610534588149086,0.0325931012630462,0.09375,0.9238235950469972,0.5631808638572693,259.37465884275383,1.9739784999983383,1.000331000002916,0.90476600000693,1084.53173828125,3094.0,0
1,96,0.7895383158063549,0.0167798399925231,0.09375,0.9077712297439576,1.0364588499069214,273.7537667198393,1.8702939000068,0.9632142999907956,0.8396565000002738,1025.15234375,3094.0,0
1,97,0.7621980858066919,0.0067085102200508,0.15625,0.990882694721222,1.390601396560669,410.2257090678801,1.2480934000050183,0.8075755999889225,0.3899711999983992,338.9169921875,3094.0,0
1,98,0.7425754411076392,0.0226595550775527,0.171875,0.9834165573120116,0.5859616994857788,409.2599540919074,1.251038599992171,0.7935724999988452,0.3367450000077951,224.51806640625,3094.0,0
1,99,0.7127775892858417,0.0157498344779014,0.296875,0.914135992527008,0.942969560623169,463.7766437200992,1.1039796999975806,0.8003930999984732,0.2841485999961151,99.57568359375,3094.0,0
1,100,0.7215907196029967,0.0156851559877395,0.3125,0.97288578748703,0.8563423752784729,376.7117668665539,1.359129299991764,0.8659503000089899,0.436508099999628,343.9892578125,3094.0,0
1,101,0.7328797900776827,0.0326190292835235,0.21875,0.975762665271759,0.5236128568649292,434.4340948628526,1.1785447000002025,0.7605435000004945,0.361677699998836,314.75341796875,3094.0,0
1,102,0.7215902024528636,0.0217971727252006,0.140625,0.9880672097206116,1.0396744012832642,364.0351475911288,1.406457600009162,0.8242267999885371,0.4831601000041701,537.55712890625,3094.0,0
1,103,0.7387962234785763,0.029879480600357,0.1875,0.9803154468536376,0.8007412552833557,391.5597760726277,1.3075909000035608,0.8093446999992011,0.4688094000011915,516.44921875,3094.0,0
1,104,0.7558422299642927,0.0030043944716453,0.21875,0.9605719447135924,0.8200518488883972,325.9813087904633,1.570642200007569,0.8630802999978187,0.6674855000019306,812.5703125,3094.0,0
1,105,0.7259746957937182,0.0310171619057655,0.09375,0.9564383625984192,0.8988251090049744,286.8042699791058,1.7851895999920089,0.9272600999975112,0.7191799000138417,890.02783203125,3094.0,0
1,106,0.7046455566415791,0.0508039146661758,0.234375,0.9884194135665894,1.463080644607544,471.5408952587838,1.085801900000661,0.7348286000051303,0.2793402000097558,227.8662109375,3094.0,0
1,107,0.7052204125066902,0.0076459273695945,0.09375,0.9641667008399964,1.3202643394470217,384.4736041978809,1.331690899998648,0.7980093999940436,0.4781695999990916,537.81103515625,3094.0,0
1,108,0.7484314107167099,0.0792891904711723,0.25,0.9691091775894164,0.4904831051826477,281.4325223197228,1.8192638000036825,0.913674199997331,0.8442784000071697,1061.85791015625,3094.0,0
1,109,0.7045742072677329,0.0002906545996665,0.21875,0.9624522924423218,1.1652002334594729,495.1695820467618,1.0339891999901738,0.7298796999966726,0.258549199992558,175.5830078125,3094.0,0
1,110,0.7605956769809933,0.0279545933008193,0.109375,0.9925037026405334,0.7775397300720215,307.66664415272066,1.6641387999989092,0.8955672000010964,0.7174291999981506,868.07861328125,3094.0,0
1,111,0.7133685776923048,0.007725603878498,0.0625,0.965583562850952,1.1445887088775637,372.3132454567017,1.3751861000055214,0.8139866000128677,0.4945416999980807,528.3798828125,3094.0,0
1,112,0.7129170606708641,0.0193474031984806,0.234375,0.9365585446357728,0.7253655195236206,496.0243454950965,1.0322073999996064,0.7620089999982156,0.2420300999947358,85.63818359375,3094.0,0
1,113,0.738553723116349,0.0208405777812004,0.09375,0.9746891260147096,1.091474175453186,432.36761381079,1.1841774999920744,0.8041691000107676,0.3591465000063181,225.52587890625,3094.0,0
1,114,0.7353309884444919,0.0356422811746597,0.375,0.9749467372894288,1.5187004804611206,437.4450203358796,1.1704328000050737,0.7999405000009574,0.3309997000033036,222.82177734375,3094.0,0
1,115,0.7213836053015571,0.0022090971469879,0.140625,0.985180914402008,1.59513258934021,326.045577861842,1.5703325999929802,0.8307957000070019,0.518767299989122,541.13134765625,3094.0,0
1,116,0.7433721922679678,0.0182235091924667,0.171875,0.9898956418037416,0.9119699597358704,374.55449413268576,1.3669572999933737,0.8444774999952642,0.5014382999943336,538.77294921875,3094.0,0
1,117,0.733324786781494,0.0250653624534606,0.109375,0.9856966733932496,1.116732478141785,438.6042687009271,1.1673392999946373,0.7703184999991208,0.3724644999892916,336.6318359375,3094.0,0
1,118,0.7227218951676787,0.0227814987301826,0.296875,0.9858064651489258,1.028151035308838,422.1332719253464,1.2128871000022627,0.7654390999960015,0.3759160000045085,335.09521484375,3094.0,0
1,119,0.7546177725377585,0.0347026512026786,0.265625,0.95612770318985,0.9235582947731018,273.37080079391,1.8729140000068585,0.9623948999942512,0.8658794999937527,1071.7041015625,3094.0,0
1,120,0.6957075367482842,0.0260240025818347,0.203125,0.9367608428001404,1.781182050704956,470.2435916881293,1.0887974000070244,0.7472400999977253,0.2998420999938389,121.99169921875,3094.0,0
1,121,0.7023515512542747,0.0482296720147132,0.3125,0.9794318675994872,0.6917140483856201,446.09180883051073,1.1477458000008482,0.776550299997325,0.3446890000050189,228.8837890625,3094.0,0
1,122,0.7166911253388394,0.0447917431592941,0.21875,0.9765854477882384,1.006919503211975,437.0754733722987,1.1714224000024842,0.8047789999982342,0.3206876000040211,223.03271484375,3094.0,0
1,123,0.7181038716595488,0.0077881515026092,0.171875,0.961551308631897,1.6851115226745603,362.0828277167994,1.4140411000116728,0.8386035000003176,0.5122134999983246,522.2568359375,3094.0,0
1,124,0.7354713568514853,0.0121260359883308,0.140625,0.9940340518951416,0.8805504441261292,419.8351441856711,1.2195263000030536,0.8053815000021132,0.3833806999900844,333.4326171875,3094.0,0
1,125,0.7465235325289145,0.0452571958303451,0.5,0.9810464382171632,1.395878791809082,305.61852802902445,1.6752910999930464,0.8944108000141568,0.7167591000034008,864.75390625,3094.0,0
1,126,0.6990389496826198,0.0077602118253707,0.25,0.9454636573791504,1.0213137865066528,446.1656290573816,1.1475558999954956,0.7140374000009615,0.3032737999892561,228.2138671875,3094.0,0
1,127,0.7206853602375914,0.0247113481163978,0.09375,0.9529878497123718,1.120919942855835,368.1872416207868,1.39059680000355,0.8429781000013463,0.4971529000031296,540.4658203125,3094.0,0
1,128,0.6815649790637682,0.0278903171420097,0.234375,0.878727376461029,1.085666537284851,527.2499671473164,0.9710764000046764,0.7072139000083553,0.2397551999893039,100.1064453125,3094.0,0
1,129,0.698166236621602,0.0050333961844444,0.171875,0.9532455205917358,0.832306981086731,519.480414065684,0.9856002000014996,0.712682199999108,0.2462189000070793,121.80615234375,3094.0,0
1,130,0.733761914502169,0.0022370219230651,0.28125,0.9571733474731444,0.437152624130249,275.7050537488633,1.857057000001077,0.9369128000107594,0.8413486000063131,1055.357421875,3094.0,0
1,131,0.7330791895040027,0.0023848935961723,0.140625,0.9811205267906188,0.6050967574119568,282.4213972157375,1.812893800000893,0.9266739000013332,0.834786500010523,1046.484375,3094.0,0
1,132,0.7291995836383606,0.0080360174179077,0.15625,0.980137825012207,1.5344456434249878,437.0019447423449,1.1716195000044536,0.761504000009154,0.3683733000070788,337.50048828125,3094.0,0
1,133,0.6680410320644232,0.0611728206276893,0.1875,0.9038000106811525,1.1712970733642578,469.27590178224807,1.0910426000045843,0.7900896999926772,0.2512687999987975,84.0283203125,3094.0,0
1,134,0.734822281303995,0.0007988288998603,0.234375,0.9791375398635864,2.6372616291046143,267.4024830945741,1.9147166999900944,1.0112744999933057,0.8442737000004854,1022.6025390625,3094.0,0
1,135,0.7128484498658968,0.0003740042448043,0.265625,0.9791393280029296,1.0921976566314695,457.7164739654896,1.1185964000032982,0.7918859000055818,0.3141074999875854,226.25439453125,3094.0,0
1,136,0.7576611996033535,0.0082462280988693,0.265625,0.9571243524551392,0.6326509714126587,258.55850100643715,1.980209500005003,1.0104662999947325,0.9077018000098178,1094.65380859375,3926.0,0
1,137,0.7222341403636332,0.0150035172700881,0.0625,0.942882001399994,0.7340319752693176,270.42228288041315,1.893335100001423,1.0888819999963744,0.7279396999947494,821.30859375,3926.0,0
1,138,0.7085292820746839,0.0044577196240425,0.265625,0.98510479927063,0.895878791809082,470.3178889604321,1.088625400007004,0.7670217999984743,0.2806836999952793,228.2900390625,3926.0,0
1,139,0.6787417780474835,0.0204178541898727,0.203125,0.9407223463058472,1.1991455554962158,464.06391465140615,1.1032963000034215,0.7626604000106454,0.2886736000073142,125.10595703125,3926.0,0
1,140,0.7288588256870051,0.0118797793984413,0.171875,0.9863075613975524,1.0371919870376587,399.9958750387776,1.2800132000120357,0.8031836000009207,0.3862101000122493,327.58837890625,3926.0,0
1,141,0.7298097960486594,0.0395439490675926,0.171875,0.9830451011657716,0.915237307548523,295.26202486187736,1.7340530000074068,0.9598984000040218,0.7165090000053169,865.9833984375,3926.0,0
1,142,0.7106724435605846,0.0429193452000618,0.1875,0.9285001754760742,0.7482825517654419,477.5250770612537,1.0721950000006473,0.7468661000020802,0.2991013999999268,103.42822265625,3926.0,0
1,143,0.6963730841520244,0.0476529896259307,0.15625,0.990565538406372,1.479367733001709,476.02197362310346,1.0755805999942822,0.7479548999981489,0.2916336999915074,168.95947265625,3926.0,0
1,144,0.7231287275152176,0.0035625845193862,0.21875,0.9734823703765868,1.1987416744232178,357.93875653798324,1.430412300003809,0.8394891999923857,0.5398414999945089,561.20263671875,3926.0,0
1,145,0.7446180374880357,0.0097480714321136,0.109375,0.9555878043174744,0.2643665373325348,280.9471981147817,1.82240649999585,0.9384188999974868,0.8057721999939531,997.1767578125,3926.0,0
1,146,0.7534790219977543,0.0134999752044677,0.1875,0.9885513186454772,0.9262072443962096,437.9721887650629,1.169024000002537,0.7684749999898486,0.3512896000029286,317.90380859375,3926.0,0
1,147,0.7268339897068843,0.0059897899627685,0.171875,0.9904468655586244,0.7933793067932129,475.7636959767994,1.0761645000020508,0.7335696000081953,0.2927380000037374,228.7666015625,3926.0,0
1,148,0.7199596976167855,0.0236932672560215,0.21875,0.9322588443756104,1.0299341678619385,535.6968725838632,0.955764399986947,0.7097787999955472,0.2251748999988194,82.8203125,3926.0,0
1,149,0.7295704510505665,0.0165249183773994,0.171875,0.8937798738479614,1.8726805448532104,514.2744817447225,0.995577300011064,0.7166890000080457,0.2483391999994637,101.56884765625,3926.0,0
1,150,0.7590492034480125,0.0104958713054656,0.078125,0.9494515657424928,1.2993152141571045,259.493417153438,1.973075100002461,1.0043671000021277,0.8515837000013562,1031.43408203125,3926.0,0
1,151,0.7541856541968586,0.0002686157822608,0.4375,0.9603894352912904,0.763495683670044,362.548383743388,1.4122253000095952,0.8745255999965593,0.5076785999990534,542.92724609375,3926.0,0
1,152,0.757726398112822,0.023354984819889,0.1875,0.9323307275772096,0.887896716594696,511.39032046117154,1.001192199997604,0.7224764999991748,0.2514517999952659,128.7255859375,3926.0,0
1,153,0.7377280614599315,0.0095474198460578,0.296875,0.98589426279068,0.9713045358657836,395.3995875766678,1.2948926000099164,0.7872717999998713,0.3797935000038706,328.3115234375,3926.0,0
1,154,0.7415933256388935,0.0283960253000259,0.21875,0.9774104356765748,1.3596380949020386,352.92649823436267,1.4507269999885466,0.8003033999993932,0.5147885000042152,540.11865234375,3926.0,0
1,155,0.7305870735723486,0.0312948375940322,0.21875,0.9809377193450928,0.9033161401748656,379.3099463068861,1.3498196000000462,0.8105106000002706,0.4908108000090578,530.6083984375,3926.0,0
1,156,0.7385414388652731,0.0173234790563583,0.1875,0.9711679220199584,0.5993791222572327,313.0846833538781,1.6353402999957325,0.8849547999998322,0.7123455000109971,864.3486328125,3926.0,0
1,157,0.7214485192381369,0.0050753578543663,0.15625,0.9762690663337708,0.8513476848602295,258.29244880075265,1.98224919999484,1.068120199997793,0.8478063999937149,1027.9609375,3926.0,0
1,158,0.6943746753981319,0.0266510695219039,0.234375,0.921447455883026,2.0491421222686768,453.6771284454312,1.1285558999952627,0.8079340000113007,0.2824421999976039,102.14990234375,3926.0,0
1,159,0.6895636889891282,0.0210081338882446,0.15625,0.9838173389434814,1.0377681255340576,350.7983402837458,1.459528000006685,0.8945381999947131,0.5234938999929,538.45556640625,3926.0,0
1,160,0.6790685587899224,0.0542687848210334,0.328125,0.928749978542328,1.3381003141403198,439.0168697401109,1.166242199993576,0.8241253000014694,0.3021533999999519,103.76318359375,3926.0,0
1,161,0.7202928681412673,0.0117509737610816,0.0625,0.9726531505584716,1.0202183723449707,339.22271223080304,1.5093329000083031,0.9383379999926548,0.5216266999923391,541.6962890625,3926.0,0
1,162,0.7068154647969238,0.0121419876813888,0.234375,0.9710018634796144,1.2777421474456787,455.0456249853962,1.1251619000104256,0.8074870999989798,0.2917792000080226,173.6337890625,3926.0,0
1,163,0.7118073766716622,0.0212370678782463,0.15625,0.9591336250305176,1.4565472602844238,444.3803333229087,1.1521662000013748,0.8282402999902843,0.2957893999991938,228.8310546875,3926.0,0
1,164,0.7138186442623123,0.009434774518013,0.203125,0.9819923043251038,0.8055208325386047,380.1273292905191,1.3469171000033384,0.8136566000030143,0.4956680000032065,550.6728515625,3926.0,0
1,165,0.7259121960018542,0.0004531294107437,0.125,0.98904287815094,0.5260393023490906,303.68458370104435,1.685959800001001,0.8978809999971418,0.7319766999862622,884.73974609375,3926.0,0
1,166,0.7080500428064801,0.0170860514044761,0.171875,0.9635990858078004,0.4627458453178406,256.3626506063284,1.99717079999391,1.0541646000056062,0.8757370000093943,1062.75927734375,3926.0,0
1,167,0.7088170717683504,0.0094315707683563,0.015625,0.966660499572754,1.4883489608764648,265.4180819488676,1.929032100000768,0.9993619000015316,0.8445355000003474,1032.4921875,3926.0,0
1,168,0.7087278620487723,0.066320814192295,0.171875,0.9817315340042114,1.4069092273712158,403.9452512203434,1.2674984999903245,0.846614199996111,0.3743493999936618,324.244140625,3926.0,0
1,169,0.6970801512312153,0.0211472101509571,0.296875,0.9017305374145508,1.2646821737289429,486.8700097047641,1.0516153999924427,0.7698112000070978,0.2519937999895774,82.8203125,3926.0,0
1,170,0.698892136679014,0.0395255833864212,0.203125,0.9637923836708068,0.9704066514968872,452.284274091838,1.1320314000040526,0.8102096999937203,0.2943144000018947,179.15771484375,3926.0,0
1,171,0.6685539565272562,0.0277870371937751,0.265625,0.9415055513381958,0.8888475894927979,496.4940923024576,1.0312307999993209,0.7604769000026863,0.2458152000035625,104.3544921875,3926.0,0
1,172,0.7068468592131931,0.0622314661741256,0.203125,0.9733127355575562,0.98551344871521,495.8730193179685,1.0325223999971058,0.7291748999996344,0.2666730000055395,178.22021484375,3926.0,0
1,173,0.7491353832098763,0.0070522353053092,0.0625,0.9324384927749634,0.3969915807247162,299.6518595539895,1.7086494999966817,0.9107587000034982,0.7213613999920199,834.45068359375,3926.0,0
1,174,0.7233750684516622,0.0026948451995849,0.203125,0.966943860054016,0.7804978489875793,312.2519175290171,1.639701699998113,0.8952074000117136,0.6967375000094762,845.2724609375,3926.0,0
1,175,0.7143412297653317,0.0170090347528457,0.328125,0.9418951272964478,1.3075748682022097,490.96739851705337,1.0428391000023112,0.7451670000009472,0.2686899000109406,174.3447265625,3926.0,0
1,176,0.7609056345172882,0.0377239361405372,0.046875,0.901177167892456,0.6423060297966003,268.1384254137598,1.909461500006728,0.9762807000079192,0.8827817000128562,1037.31396484375,3926.0,0
1,177,0.745288386684779,0.0118445008993148,0.15625,0.9658396244049072,0.9600393772125244,349.64586064449725,1.4643387999967672,0.8846201999986079,0.5050430000119377,551.6357421875,3926.0,0
1,178,0.7295593306641098,0.0129846781492233,0.234375,0.971319019794464,0.913826048374176,455.36911312851873,1.1243626000068616,0.7828565000090748,0.3007134000072256,235.67041015625,3926.0,0
1,179,0.7245554567251592,0.0155954882502555,0.25,0.955336570739746,1.0886565446853638,409.0338644075268,1.2517301000043517,0.8323434000049019,0.3745384999929229,317.6767578125,3926.0,0
1,180,0.716455873190831,0.0293945372104644,0.21875,0.9048699140548706,0.7678714394569397,458.4555956232292,1.116792999993777,0.8298243999888655,0.2731514000042807,83.1318359375,3926.0,0
1,181,0.712970303196587,0.0494261607527732,0.296875,0.9286420345306396,0.7884522080421448,251.9489134208789,2.0321580000018,1.0447610999981407,0.9104374999878928,1098.1884765625,3926.0,0
1,182,0.6821446166771304,0.0152192264795303,0.234375,0.8058329224586487,1.0476161241531372,517.8812144304853,0.9886437000095613,0.7221724999981234,0.2376470000017434,92.6708984375,3926.0,0
1,183,0.6884390162086566,0.0160377845168113,0.015625,0.9489823579788208,1.1647357940673828,277.97568766104445,1.8418876999930944,0.9414528000052088,0.8492389000020921,1033.4453125,3926.0,0
1,184,0.7201003314302836,0.023338459432125,0.078125,0.965362012386322,1.7992538213729858,458.1170102396641,1.1176184000069045,0.8048673000012059,0.2825701999972807,171.38134765625,3926.0,0
1,185,0.7025173225999178,0.0404009670019149,0.21875,0.9867557883262634,0.7204664945602417,408.49425507312895,1.253383599992958,0.8244083000026876,0.382834100004402,344.9111328125,3926.0,0
1,186,0.6838502194413061,0.0043239444494247,0.109375,0.9567739367485046,0.2485560625791549,264.6037907089832,1.9349684999906456,1.0022501999919768,0.8695540000044275,1084.89697265625,3926.0,0
1,187,0.7038919543247292,0.0301829427480697,0.234375,0.9472907185554504,0.8683729767799377,441.6976372583292,1.1591640000115149,0.804089400000521,0.3244850000046426,121.31396484375,3926.0,0
1,188,0.708522612577096,0.0103316530585289,0.09375,0.9642739295959472,0.8764023184776306,242.2431335666651,2.1135789999971166,1.0886383000033677,0.8757494000019506,1028.57958984375,3926.0,0
1,189,0.6674255054795863,0.013726569712162,0.234375,0.9594475626945496,1.3485463857650757,481.3678217129296,1.0636356999893906,0.7328129000088666,0.2918114000058267,121.12255859375,3926.0,0
1,190,0.7109777954885632,0.0172413662075996,0.234375,0.9231668710708618,0.8488155007362366,457.6385777888676,1.1187867999979062,0.7275598999985959,0.3481535000028088,167.15966796875,3926.0,0
1,191,0.6290442502100062,0.0037217438220977,0.265625,0.9472249746322632,1.3946409225463867,512.9725446478175,0.998104099999182,0.682784000004176,0.2955323000060161,103.03759765625,3926.0,0
1,192,0.6563382437025138,0.0189594700932502,0.234375,0.9656795859336852,1.3026299476623535,357.03701121094747,1.4340249999950174,0.8563484000042081,0.5322016999998596,542.0966796875,3926.0,0
1,193,0.6464451972330028,0.0361365899443626,0.15625,0.9459779262542723,0.9709668159484864,473.3266124681088,1.0817054999934044,0.7575916999921901,0.2931799000070896,82.8203125,3926.0,0
1,194,0.6533795407139322,0.0084669068455696,0.21875,0.9828953742980956,0.795420229434967,347.54207991294766,1.473202900000615,0.8890731999999844,0.538189600003534,550.89306640625,3926.0,0
1,195,0.6432806591593102,0.0006322786211967,0.140625,0.9532260298728944,0.9394416809082032,459.8864493626042,1.1133183000056306,0.7673785000079079,0.319544500001939,119.92529296875,3926.0,0
1,196,0.7256480003231854,0.0017137750983238,0.328125,0.99390310049057,2.5381264686584477,382.2311489121303,1.339503600000171,0.8917109000030905,0.4076134000060847,337.66064453125,3926.0,0
1,197,0.7127475806309362,0.0546765476465225,0.171875,0.976451575756073,0.4389746189117431,285.0673482743477,1.7960668000014266,1.0044476999901235,0.7435281000070972,848.06591796875,3926.0,0
1,198,0.6994712693101655,0.0032823458313941,0.046875,0.9915199279785156,2.2908031940460205,351.69832856013835,1.455793100001756,0.8964036000106717,0.5287645000062184,552.0712890625,3926.0,0
1,199,0.7468984032156238,0.0108501389622688,0.046875,0.91657292842865,0.4698826372623443,275.7903278164109,1.856482800008962,0.9600623000005726,0.8492043000005651,1036.77880859375,3926.0,0
1,200,0.6885470364393754,0.0466978400945663,0.171875,0.9209485054016112,1.304944396018982,464.2802540687356,1.1027822000032756,0.75291599999764,0.3119683999975677,181.08251953125,3926.0,0
1,201,0.6722963728775785,0.0068695917725563,0.125,0.9779442548751832,1.2421766519546509,425.23617218286535,1.2040368000016315,0.8400398999947356,0.3419445000035921,223.78466796875,3926.0,0
1,202,0.7337669226073557,0.0144533514976501,0.203125,0.9292415380477904,0.7580470442771912,251.3698429051309,2.036839399996097,1.0851831999898425,0.9007374999928288,1097.71728515625,3926.0,0
1,203,0.7071726999343544,0.0138822197914123,0.25,0.9846927523612976,1.7090524435043335,396.86962879248006,1.2900961999985157,0.8464437000075122,0.3761369999992894,337.80615234375,3926.0,0
1,204,0.6704471623057792,0.0199335142970085,0.234375,0.8783464431762695,0.9290517568588256,460.9015089519779,1.1108663999912096,0.7948459000035655,0.2797034999966854,82.8203125,3926.0,0
1,205,0.7213556123057617,0.0051587745547294,0.109375,0.9954223036766052,1.6020087003707886,348.7894044309116,1.4679345000040485,0.9337779000052252,0.5118175000097835,521.6064453125,3926.0,0
1,206,0.7390769451292865,0.0186398848891258,0.1875,0.9604392051696776,0.4308669865131378,285.39722723261593,1.7939907999971183,0.9932667999964906,0.7249910999962594,865.267578125,3926.0,0
1,207,0.7075058340422391,0.02095178514719,0.140625,0.9829622507095336,1.4105719327926636,426.595816216249,1.200199299986707,0.7725303999905009,0.3518461000057868,337.07763671875,3926.0,0
1,208,0.7649511884889884,0.005663052201271,0.03125,0.9183964133262634,0.9558805823326112,279.6093158822163,1.8311264000076333,0.9189834999997402,0.8518083000089973,1045.62744140625,3926.0,0
1,209,0.6786198683865379,0.0128490701317787,0.1875,0.9542465806007384,1.1928188800811768,438.6249723942798,1.1672841999970842,0.7867494999954943,0.3192955999984406,220.6259765625,3926.0,0
1,210,0.7104524069664555,0.0391552969813346,0.125,0.9773029685020448,0.7858173847198486,297.1007205679024,1.7233212999999523,0.9508667000045534,0.7166578000033041,858.70458984375,3926.0,0
1,211,0.659043832099075,0.0267920494079589,0.3125,0.8692527413368225,1.2273194789886477,471.8870088720136,1.085005499990075,0.806383300005109,0.2451950000104261,82.8203125,3926.0,0
1,212,0.6645268136608204,0.0180522426962852,0.34375,0.9061883687973022,0.9148483276367188,450.7776354418131,1.1358150000014575,0.8287348999874666,0.2822166999976616,83.1318359375,3926.0,0
1,213,0.7023186965461202,0.008892573416233,0.15625,0.9461565017700196,0.7380741834640503,263.9508597736067,1.9397549999994224,1.1294877999898745,0.7689360999938799,867.8056640625,3926.0,0
1,214,0.7249565742992741,0.0083567053079605,0.171875,0.979507863521576,1.8927704095840452,292.29697006829593,1.7516431999974884,1.012463499995647,0.6874594999972032,809.4306640625,3926.0,0
1,215,0.6797489959094621,0.0420848056674003,0.203125,0.8877052664756775,0.8119730353355408,483.1955533927681,1.0596124000003329,0.7666426999930991,0.2682668000052217,124.23095703125,3926.0,0
1,216,0.6986652790881853,0.0022446736693382,0.203125,0.9533587098121644,1.7850408554077148,470.06002262547065,1.08922259999963,0.7561455999966711,0.3142946000007214,184.6064453125,3926.0,0
1,217,0.6970372433938435,0.0064766928553581,0.234375,0.9424877762794496,0.7580341696739197,495.0245680125435,1.0342920999974012,0.7371564000059152,0.2895554999995511,118.2216796875,3926.0,0
1,218,0.7295778552268721,0.0028911158442497,0.078125,0.9636660218238832,2.6026453971862797,301.0800718344693,1.7005442999943623,0.9042125999985728,0.751348700010567,881.65771484375,3926.0,0
1,219,0.6697028249295272,0.043065033853054,0.140625,0.8806318640708923,0.8391662240028381,470.8672934117163,1.0873551999975462,0.8158770000009099,0.247544799989555,79.84814453125,3926.0,0
1,220,0.7162439705070198,0.0088148564100265,0.265625,0.9662421941757202,1.279263973236084,417.4398884482627,1.2265239000116708,0.8213710999989416,0.3264001000061398,229.4091796875,3926.0,0
1,221,0.7128576178266239,0.0756299570202827,0.125,0.945938527584076,0.6563488841056824,293.2440970176896,1.7459856999921612,0.9706350000051316,0.7154082000051858,852.75,3926.0,0
1,222,0.7058482760972561,0.0413616895675659,0.25,0.9581045508384703,0.9088802933692932,288.82909474566264,1.772674600011669,0.9751296000031288,0.7173812999972142,842.06640625,3926.0,0
1,223,0.686652721579073,0.0183055698871612,0.15625,0.9659374356269836,1.0501365661621094,368.6476944170467,1.3888598999910755,0.8351507999905152,0.4971988000033889,522.8232421875,3926.0,0
1,224,0.674861638762352,0.0106355547904968,0.1875,0.9613837599754332,1.0836602449417114,434.0691370372708,1.1795356000075117,0.7960948999971151,0.3252596000093035,178.26123046875,3926.0,0
1,225,0.7333265080811907,0.0381494089961051,0.171875,0.9277382493019104,0.792657196521759,258.49475876660773,1.9806977999978697,1.017821700006607,0.899851199996192,1096.76220703125,3926.0,0
1,226,0.674546895598981,0.0242912918329238,0.15625,0.9633346796035768,0.906883418560028,503.1877731674081,1.0175127999973483,0.7290440999931889,0.2778356000053463,178.56103515625,3926.0,0
1,227,0.681833596980648,0.0485353395342826,0.375,0.9415327906608582,0.7811975479125977,510.004505369059,1.0039127000054575,0.7209327000018675,0.244120200004545,104.3759765625,3926.0,0
1,228,0.7003726790720471,0.0111412331461906,0.234375,0.9824341535568236,0.9731507301330566,472.7178989500116,1.083098399991286,0.779827699996531,0.2781856999936281,178.34912109375,3926.0,0
1,229,0.7627570079953244,0.0038784816861152,0.234375,0.9258884191513062,0.639875054359436,269.9173573142525,1.8968769000057364,0.9744876000040676,0.8517191999999341,1050.47802734375,3926.0,0
1,230,0.7116219078201828,0.0373728349804878,0.28125,0.9758239984512328,0.8622221350669861,450.1693718290821,1.1373497000022326,0.7953966999921249,0.2775417999946512,120.69873046875,3926.0,0
1,231,0.7235900537865515,0.0335408598184585,0.25,0.9751021265983582,0.7420307993888855,292.10242891334525,1.7528097999893362,0.9797404999990248,0.7313003000017488,845.96337890625,3926.0,0
1,232,0.6987208480051678,0.0012204870581626,0.0625,0.949618935585022,1.3907439708709717,462.4100377653649,1.1072424000012688,0.8129192000051262,0.2842373000021325,127.2880859375,3926.0,0
1,233,0.7005869880721066,0.0032867342233657,0.171875,0.8943167924880981,1.1725363731384275,496.01329315620046,1.0322304000001168,0.7509664999961387,0.2532465999975102,78.45751953125,3926.0,0
1,234,0.7250710519460166,0.0046285614371299,0.28125,0.9946854710578918,1.0170927047729492,405.7848112066405,1.261752499995055,0.85535689999233,0.3808460000000195,319.64990234375,3926.0,0
1,235,0.7110153338478711,0.000270202755928,0.09375,0.9826927781105042,0.9710301756858826,347.08652385788105,1.4751364999974612,0.8926792999991449,0.4880698999913875,529.0419921875,3926.0,0
1,236,0.6684138757425085,0.030899740755558,0.25,0.917701244354248,1.2272799015045166,530.0647662532967,0.965919700000086,0.7255105999938678,0.2178645999956643,84.0283203125,3926.0,0
1,237,0.7110775210826121,0.0191131830215454,0.234375,0.9772968292236328,1.6573759317398071,427.3282420083268,1.1981421999953454,0.7890475999884075,0.3747551999986171,328.9091796875,3926.0,0
1,238,0.7603960240163689,0.017683133482933,0.296875,0.963705837726593,2.3292112350463867,306.16770659009416,1.6722861000016565,0.8746652999980142,0.6912060000031488,846.36572265625,3926.0,0
1,239,0.7415599968734606,0.0171055346727371,0.15625,0.9806496500968932,2.003426551818848,379.0157065723852,1.3508675000048245,0.8151848999987124,0.5003205000102753,528.681640625,3926.0,0
1,240,0.768627201764887,0.002793826162815,0.125,0.9485948085784912,1.6279914379119873,275.1518776569853,1.8607904999953464,0.9446443999913754,0.8587262999935774,1056.11865234375,3926.0,0
1,241,0.7469634424579141,0.0033808052539825,0.265625,0.947461187839508,1.3143644332885742,441.3252480041848,1.1601420999941183,0.8089279999985592,0.3146128000080352,213.9990234375,3926.0,0
1,242,0.7056250154724024,0.0430674478411674,0.265625,0.933446764945984,1.13622784614563,509.1049239425232,1.0056865999940785,0.7220729999971809,0.2628857999952743,98.99169921875,3926.0,0
1,243,0.7097635675517355,0.0212619006633758,0.296875,0.951484739780426,1.04898202419281,471.3093646186397,1.0863352999876952,0.774520200007828,0.2808707999938633,104.4912109375,3926.0,0
1,244,0.7322250496485359,0.0167222917079925,0.53125,0.9426700472831726,0.8254364132881165,450.4165297202508,1.1367256000085035,0.8291923999931896,0.2776803000015206,100.54248046875,3926.0,0
1,245,0.7493931079621755,0.0258297473192214,0.015625,0.9557546377182008,1.164040446281433,289.703381646412,1.7673249000072246,0.99666000000434,0.7308535999909509,846.529296875,3926.0,0
1,246,0.6900891227764103,0.0041345804929733,0.1875,0.974782168865204,1.1127115488052368,485.96551523715,1.0535727000096813,0.7779356999963056,0.2662391000048956,174.3095703125,3926.0,0
1,247,0.6824892363920593,0.0170161128044128,0.234375,0.9756686091423036,0.8203359842300415,505.9695013075152,1.0119186999945669,0.7285047000041232,0.2626498000026913,120.29248046875,3926.0,0
1,248,0.7486698615488356,0.0155963897705078,0.234375,0.9362521171569824,1.1725378036499023,262.11677005143406,1.9533279000024777,0.9580361000116682,0.8774481000000378,1072.37646484375,3926.0,0
1,249,0.6830178862500046,0.0391935482621192,0.1875,0.8285627365112305,1.4316792488098145,479.8504516062706,1.066999100003159,0.796895699997549,0.256573099992238,90.8623046875,3926.0,0
1,250,0.7293244549932706,0.0061605870723724,0.296875,0.9426907896995544,1.2925736904144287,440.1116748962851,1.1633411000075284,0.7943734000000404,0.2986549999914132,171.3310546875,3926.0,0
1,251,0.7223431300455647,0.0063048601150512,0.125,0.9883378744125366,2.860412836074829,425.7802277138882,1.2024983000010252,0.7747878000081982,0.3951708000095095,343.7041015625,3926.0,0
1,252,0.7147190394655901,0.0229719281196594,0.21875,0.9916511178016664,1.593955159187317,479.2314475460375,1.0683772999909706,0.7410545000020647,0.2963614999898709,230.2060546875,3926.0,0
1,253,0.7101686617066729,0.082115963101387,0.203125,0.9783207178115844,1.3524503707885742,502.8619424961866,1.018172099997173,0.7322131000109948,0.2576117000135127,124.10595703125,3926.0,0
1,254,0.7166604522298797,0.035699039697647,0.140625,0.994716227054596,1.6751229763031006,475.419996887798,1.0769425000034971,0.7487381999962963,0.2890723000018624,218.5009765625,3926.0,0
1,255,0.7445411173768227,0.0273598209023475,0.078125,0.9153206944465636,0.8454843759536743,260.6305845012048,1.9644662999926368,1.013784199996735,0.8925818999996409,1080.234375,3926.0,0
1,256,0.7269566637497492,0.0020851716399192,0.125,0.9624784588813782,0.8537649512290955,312.53120734220613,1.6382363999873633,0.8959199000091758,0.6912454999983311,842.1728515625,3926.0,0
1,257,0.6810181878747872,0.0351134985685348,0.140625,0.9774020910263062,1.3172591924667358,507.72334471864815,1.00842320000811,0.7084180999954697,0.2730091999983415,125.806640625,3926.0,0
1,258,0.6848159631354316,0.0335373356938362,0.125,0.9611694812774658,0.99108225107193,530.8519323278543,0.9644874000077834,0.6880690999969374,0.2525542000075802,120.97998046875,3926.0,0
1,259,0.7175770178244616,0.0748433470726013,0.65625,0.953680157661438,2.1219491958618164,295.5696533578593,1.7322481999872252,0.9032336000091165,0.7342695000115782,869.4609375,3926.0,0
1,260,0.657896528923197,0.0351616963744163,0.234375,0.8700835108757019,1.5153858661651611,537.0070770618295,0.9534324999985984,0.7011151000042446,0.2238722999900346,79.84814453125,3926.0,0
1,261,0.6570650322351075,0.0033645406365394,0.078125,0.9463415145874025,1.3002467155456543,516.5292382809909,0.9912313999957404,0.7000101000012364,0.2618770000117365,121.41357421875,3926.0,0
1,262,0.6536353992348987,0.0129563063383102,0.28125,0.9509110450744628,1.306565284729004,513.1351575923749,0.9977878000063356,0.7076593999954639,0.2518023000011453,98.98779296875,3926.0,0
1,263,0.6491523247430211,0.0084595829248428,0.203125,0.9806563258171082,1.5193877220153809,479.0040009942848,1.0688845999975456,0.734060100003262,0.3167570999939926,174.3701171875,3926.0,0
1,264,0.6719861742134066,0.0085900276899337,0.3125,0.9923751354217528,1.3911798000335691,474.9037925627354,1.078113099996699,0.7452001000056043,0.2969932999985758,228.5419921875,3926.0,0
1,265,0.6653494738464062,0.0078956708312034,0.234375,0.97188538312912,1.7246124744415283,488.7930820536144,1.0474779999931343,0.751811699999962,0.2788385000021662,179.00341796875,3926.0,0
1,266,0.6316402051278738,0.0120506361126899,0.203125,0.9826961755752563,0.923472225666046,440.7018831696454,1.1617830999894068,0.8149820000107866,0.2628079999994952,126.5009765625,3926.0,0
1,267,0.6836413595070198,0.0029053390026092,0.234375,0.9891415238380432,1.4316744804382324,482.0254407757962,1.0621845999994548,0.7324969000037527,0.3080726999905891,235.13623046875,3926.0,0
1,268,0.7679757133752652,0.0427293181419372,0.328125,0.8365527391433716,1.6927461624145508,284.6306086749583,1.7988227000023471,0.941838099999586,0.796460899990052,1001.77587890625,3926.0,0
1,269,0.6609965736942386,0.0247657895088195,0.09375,0.9760498404502868,1.757693886756897,507.0359155724461,1.0097903999994742,0.7169314999919152,0.2545542000007117,125.85986328125,3926.0,0
1,270,0.6370769188981392,0.0158981829881668,0.1875,0.9591824412345886,1.1625607013702393,523.3062406543311,0.9783945999952266,0.7075442000059411,0.2477146000019274,102.84033203125,3926.0,0
1,271,0.7291920695691128,0.0115121379494667,0.09375,0.9606083035469056,0.7510775923728943,357.89504588094786,1.4305869999952847,0.8154389999981504,0.5128889000043273,540.5478515625,3926.0,0
1,272,0.6770290850761245,0.0062993317842483,0.28125,0.9913950562477112,1.6298766136169434,491.1197020826284,1.0425156999990577,0.7232091000041692,0.2614630000025499,183.23681640625,3926.0,0
1,273,0.6579613216753106,0.0449847355484962,0.34375,0.9930057525634766,0.9181838035583496,482.5497476270039,1.0610305000009248,0.7299663000012515,0.2670225000038044,177.47412109375,3926.0,0
1,274,0.6249376315762729,0.0240032076835632,0.15625,0.9567211270332336,1.2297096252441406,490.7616985807543,1.0432761999982176,0.7765927000000374,0.2601958000013837,82.8203125,3926.0,0
1,275,0.6801814852692218,0.0521869659423828,0.1875,0.9916291832923888,1.4421427249908447,442.5922802702555,1.1568209000106435,0.8143965000053868,0.301355199990212,174.8154296875,3926.0,0
1,276,0.6476777016379657,0.0078119337558746,0.28125,0.9933230876922609,0.7401431202888489,494.1977134522162,1.0360225999902468,0.7306852000037907,0.2806366000004345,172.3525390625,3926.0,0
1,277,0.6116356378155722,0.0049121528863906,0.125,0.9666183590888976,1.1337605714797974,519.4843671210735,0.9855927000025986,0.723901700010174,0.2375491999991936,82.8203125,3926.0,0
1,278,0.6496846333288834,0.0047981664538383,0.171875,0.9865416288375854,0.900949001312256,516.8248702586619,0.9906644000002416,0.7076215999986744,0.2591089999914402,120.06591796875,3926.0,0
1,279,0.6724579415216517,9.284168481826782e-05,0.171875,0.984525501728058,1.2641483545303345,469.839558047222,1.089733700006036,0.7290171999920858,0.2992569000052754,226.37353515625,3926.0,0
1,280,0.704844771730084,0.0435561761260032,0.359375,0.9830546379089355,1.1707160472869873,485.0881808850255,1.055478199996287,0.7350664999976289,0.2879794000036781,223.36865234375,3926.0,0
1,281,0.6216651935308456,0.0331769660115242,0.125,0.9394909739494324,0.9238725304603576,522.716365018662,0.9794986999913816,0.7140908000001218,0.2283125999965705,82.8203125,3926.0,0
1,282,0.6207772411037431,0.0038841888308525,0.203125,0.9815294742584229,0.9922993779182434,516.4431671430676,0.99139660000219,0.7103313999978127,0.2567056999978376,83.1318359375,3926.0,0
1,283,0.7389404849021239,0.0147660970687866,0.265625,0.96332585811615,0.743234395980835,371.4323272063248,1.3784476000000725,0.8273931000003358,0.5122189999965485,541.0732421875,3926.0,0
1,284,0.7496159097802669,0.0178162157535552,0.125,0.9840975999832152,0.9845450520515442,366.2863727001781,1.397813400006271,0.8398887000075774,0.5031621999951312,556.51904296875,3926.0,0
1,285,0.6715351561923403,0.0261781066656112,0.21875,0.9432706236839294,1.223447322845459,552.5747934852791,0.926571399992099,0.6750610000017332,0.2328879999986384,79.84814453125,3926.0,0
1,286,0.7689575337256374,0.0235276371240615,0.203125,0.9380077123641968,0.7670749425888062,306.6775073957816,1.669506200007163,0.899324300000444,0.7196375999919837,848.34912109375,3926.0,0
1,287,0.6834374479690942,0.0025634542107582,0.234375,0.952389359474182,0.9771522283554076,526.7495131161148,0.9719990000012332,0.7234730999916792,0.223053699999582,83.1318359375,3926.0,0
1,288,0.6780189708855587,0.0161393657326698,0.25,0.9742589592933656,0.9317137598991394,530.1487408919904,0.9657666999992216,0.7172692000021925,0.2302249000058509,82.8203125,3926.0,0
1,289,0.6419159194107253,0.0024814307689666,0.171875,0.974234938621521,1.4604367017745972,490.1106300300424,1.0446621000010057,0.7272151999932248,0.2662128999945707,102.89501953125,3926.0,0
1,290,0.7271304868398059,0.0363550186157226,0.15625,0.9480769038200378,0.5642104148864746,307.6715805384784,1.664112099999329,0.8912878999981331,0.7138608999957796,843.640625,3926.0,0
1,291,0.6746552693100284,0.0497924014925956,0.234375,0.9806203246116638,1.5744704008102417,496.08961238796127,1.0320715999987442,0.7233007000031648,0.2645764999906532,129.5771484375,3926.0,0
1,292,0.7222175105034448,0.0153004527091979,0.1875,0.9875515103340148,0.9184518456459044,366.371031960656,1.3974903999915114,0.8289149000047473,0.4999402999965241,536.45849609375,3926.0,0
1,293,0.6766594217424047,0.1019373759627342,0.3125,0.9423571228981018,0.725606381893158,512.1066205979879,0.9997918000008212,0.7236976999993203,0.2521501000010175,98.87646484375,3926.0,0
1,294,0.6498150082537812,0.0207778140902519,0.140625,0.9667137861251832,1.1854320764541626,499.4562560236115,1.0251147999952082,0.729706800004351,0.2703227000019979,125.59033203125,3926.0,0
1,295,0.6911124915240776,0.0131474360823631,0.359375,0.9560304284095764,0.693716824054718,297.6925743896698,1.7198951000027591,0.9219721999979812,0.751399799992214,889.0283203125,3926.0,0
1,296,0.680341492342019,0.0279381796717643,0.34375,0.977766215801239,0.7019122242927551,406.3264714178916,1.2600704999931622,0.8372789999993984,0.3837752999970689,332.1826171875,3926.0,0
1,297,0.7337571055274776,0.0082318410277366,0.203125,0.9860607385635376,1.259613275527954,288.53170442192203,1.774501699997927,0.9948890999949072,0.7415657999954419,847.3935546875,3926.0,0
1,298,0.64199636179433,0.0032793134450912,0.140625,0.9604946970939636,1.1938525438308716,463.96425010923775,1.103533299989067,0.7727364000020316,0.2995442999963416,123.90869140625,3926.0,0
1,299,0.6885346001279731,0.0146393924951553,0.140625,0.9870588779449464,1.714022517204285,410.2673572938425,1.2479667000006884,0.8133093999931589,0.3822059000085573,322.2958984375,3926.0,0
1,300,0.6806065046486901,0.0115038380026817,0.125,0.987973153591156,1.2255733013153076,466.8651573106644,1.0966763999895193,0.7421432999981334,0.3171291000035126,175.4482421875,3926.0,0
1,301,0.7090497088928481,0.0136373490095138,0.1875,0.982926607131958,0.8305050730705261,516.1841369924844,0.9918941000069026,0.6950233999959892,0.2688947999995434,172.2119140625,3926.0,0
1,302,0.6744833232610533,0.0090733245015144,0.140625,0.9918904304504396,0.9666074514389038,486.037666211568,1.0534162999974797,0.7234392000100343,0.2966684999992139,234.53271484375,3926.0,0
1,303,0.7333556104484934,0.0099905431270599,0.28125,0.9902355074882508,1.011191487312317,437.0712572119688,1.1714337000012165,0.7741151999944123,0.3580297000007704,339.9462890625,3926.0,0
1,304,0.7282959974629208,0.0414085537195205,0.21875,0.9966919422149658,0.8280594348907471,436.4573134981086,1.1730814999900758,0.7734242000005906,0.3615949999948498,324.30419921875,3926.0,0
1,305,0.6783064221115047,0.034974955022335,0.171875,0.9734340906143188,0.7060806155204773,508.24730520048666,1.0073835999937728,0.7176752000086708,0.2515033000090625,104.1533203125,3926.0,0
1,306,0.7134667492868008,0.0059945508837699,0.28125,0.9646395444869996,1.0729448795318604,547.8958925046367,0.9344840999983716,0.6692226000013761,0.250448899998446,102.89501953125,3926.0,0
1,307,0.6729113588814895,0.0455054864287376,0.171875,0.9538190364837646,1.1001118421554563,540.0131839182751,0.9481249999953434,0.6966841000103159,0.2341657000069972,82.8203125,3926.0,0
1,308,0.7320835143271394,0.0340582206845283,0.234375,0.987121284008026,1.107693076133728,494.4448350188618,1.035504800005583,0.730189000008977,0.2715787000051932,174.8154296875,3926.0,0
1,309,0.7653918545304392,0.0290658324956893,0.1875,0.9100823402404784,1.2303526401519775,275.3163610834999,1.8596787999995288,0.9366679000086152,0.8512580000096932,1072.3046875,3926.0,0
1,310,0.669885977164605,0.025234930217266,0.296875,0.9419718980789183,1.336372971534729,542.135754399104,0.944412899989402,0.6780237999919336,0.2359221999940928,90.62060546875,3926.0,0
1,311,0.6834400651030711,0.013883464038372,0.265625,0.9692525267601012,1.3477164506912231,532.4474738471281,0.9615972000028704,0.7220146000036038,0.2259363000048324,84.0283203125,3926.0,0
1,312,0.7270441524767527,0.0162624269723892,0.296875,0.9783315062522888,1.569186091423035,490.4075046896463,1.0440297000022838,0.7401267999957781,0.2749208999885013,128.1416015625,3926.0,0
1,313,0.7026295885482191,0.002051219344139,0.15625,0.9944159984588624,0.9304990172386168,504.606107624129,1.0146528000041144,0.7421169000008376,0.2632853999966755,178.22021484375,3926.0,0
1,314,0.7068857917463868,0.0425880849361419,0.21875,0.9719784259796144,0.9535374641418456,489.9339153770494,1.0450389000034193,0.7377551000099629,0.2769823999988148,122.83544921875,3926.0,0
1,315,0.7208960842970237,0.0069784447550773,0.046875,0.9917070865631104,0.7014920115470886,469.69805387089616,1.0900620000029448,0.753353000007337,0.295462399997632,220.1923828125,3926.0,0
1,316,0.7453625297889259,0.0018641799688339,0.125,0.9595471024513244,1.263899326324463,308.2751032565342,1.6608542000030866,0.8902903999987757,0.7081281999999192,853.748046875,3926.0,0
1,317,0.67375110762743,0.0373816639184951,0.390625,0.9263285398483276,1.429995059967041,524.6061816226152,0.9759702000010292,0.721568799999659,0.2401439999957801,103.50634765625,3926.0,0
1,318,0.7016204897668757,0.0502933859825134,0.15625,0.9609251022338868,1.617880940437317,521.5057459833525,0.9817725000029895,0.7183608000050299,0.2554471000039484,125.91064453125,3926.0,0
1,319,0.7262739534416778,0.005624271929264,0.140625,0.9658960103988647,1.1685211658477783,311.59319609282124,1.6431681000103708,0.894380400000955,0.6994152000115719,835.91796875,3926.0,0
1,320,0.7457392718630804,0.0063084289431571,0.09375,0.9672182202339172,0.7840069532394409,305.1458072474759,1.677886400007992,0.9002270000055432,0.7146871000004467,869.67919921875,3926.0,0
1,321,0.7196333054111467,0.0192889645695686,0.109375,0.9684212803840636,0.565064013004303,312.76374169094754,1.6370183999970322,0.8708014000003459,0.6818962000106694,832.025390625,3926.0,0
1,322,0.6945439488450218,0.0340155139565467,0.171875,0.9744283556938172,2.515281438827514,485.0688788352537,1.0555201999959536,0.7128587999904994,0.2952473000041209,171.78515625,3926.0,0
1,323,0.6726812508959134,0.008661463856697,0.34375,0.9374130368232728,1.3605835437774658,494.3002451138959,1.0358076999982586,0.7312759000051301,0.2753998999978648,82.8203125,3926.0,0
1,324,0.7194320820837303,0.0214545354247093,0.125,0.964526116847992,1.9370810985565183,282.7381042786636,1.8108630999922752,1.0158113000070443,0.7349954000092112,849.654296875,3926.0,0
1,325,0.715804815370236,0.039939746260643,0.21875,0.9901846647262572,0.5828816294670105,363.3781277300143,1.4090006000042197,0.8662120999942999,0.5135760999983177,541.1767578125,3926.0,0
1,326,0.6851735331137336,0.0162374749779701,0.1875,0.984769880771637,0.9874529838562012,470.4756757156389,1.0882603000063682,0.7770441999891773,0.281596000000718,127.9501953125,3926.0,0
1,327,0.7023680303753743,0.0062803924083709,0.21875,0.9806374907493592,1.3639788627624512,483.6421731818113,1.0586339000001317,0.7311325999908149,0.3014630999969085,222.82177734375,3926.0,0
1,328,0.6440808955065788,0.0085434913635253,0.140625,0.9373517632484436,1.3491510152816772,521.2614078109114,0.9822327000001678,0.7148126999964006,0.2497669000003952,82.8203125,3926.0,0
1,329,0.6488011542966877,0.0127805396914482,0.15625,0.950455904006958,1.3174678087234497,523.2541502666933,0.9784919999947306,0.7062270000024,0.2497447000059764,79.84814453125,3926.0,0
1,330,0.6568319949256635,0.041432000696659,0.203125,0.9668209552764891,1.0840469598770142,467.265923043982,1.095735800001421,0.7946221999882255,0.270014000008814,102.89501953125,3926.0,0
1,331,0.650339220841583,0.0032338723540306,0.40625,0.968106746673584,1.4748539924621582,475.2745824596428,1.0772720000095433,0.795514200013713,0.2679217000113567,84.0283203125,3926.0,0
1,332,0.6299406232652186,0.0024345070123672,0.328125,0.9659263491630554,1.373348832130432,463.21791879139823,1.105311299994355,0.7873030000046128,0.2869195000093896,104.2255859375,3926.0,0
1,333,0.6422736104003973,0.0237272903323173,0.15625,0.9895259737968444,1.02180814743042,465.44477111750825,1.1000230999925409,0.7959625999937998,0.293264599997201,177.84130859375,3926.0,0
1,334,0.676521731926854,0.0089169964194297,0.09375,0.9763758182525636,1.6965010166168213,349.77513284766985,1.4637975999939954,0.9091297999984818,0.5100918999960413,545.455078125,3926.0,0
1,335,0.6785697244661606,0.0158540531992912,0.109375,0.976439893245697,1.0160058736801147,295.3098792703249,1.7337719999923138,0.9852963000012096,0.7152727999928175,854.5966796875,3926.0,0
1,336,0.6424933304654588,0.0397459343075752,0.265625,0.9534253478050232,1.2175428867340088,542.3835681467723,0.9439814000070328,0.7109469999995781,0.2207500000076834,84.0283203125,3926.0,0
1,337,0.6537301065092908,0.0079637914896011,0.171875,0.9313701391220092,1.4796361923217771,550.0220921989653,0.9308716999948956,0.6788623000029474,0.224880599998869,79.84814453125,3926.0,0
1,338,0.6491891723062457,0.0098186954855918,0.203125,0.9507152438163756,1.811241865158081,565.0549284160346,0.9061065999994752,0.6693231999961426,0.2247157999954652,79.84814453125,3926.0,0
1,339,0.6979183835704477,0.0113489031791687,0.140625,0.937427282333374,1.071042776107788,281.0550609354035,1.8217071000108265,0.9363538000034168,0.828372699994361,1027.1494140625,3926.0,0
1,340,0.7275730005394371,0.0176724642515182,0.09375,0.9303907752037048,0.6937606930732727,280.39691497861304,1.8259829999879005,0.9039253999944776,0.8350493999896571,1045.2607421875,3926.0,0
1,341,0.7177257862804999,0.0095771551132202,0.15625,0.9523048400878906,1.9086785316467283,389.0476993746233,1.3160340000031283,0.7614893999998458,0.4837140999879921,524.6884765625,3926.0,0
1,342,0.6673659648310324,0.0049511864781379,0.21875,0.8812129497528076,1.4841185808181765,517.659624439185,0.9890669000014896,0.7417812000057893,0.2292611000011675,82.8203125,3926.0,0
1,343,0.7073506320002818,0.0295310914516448,0.28125,0.9486920833587646,0.7287817001342773,272.6466454202272,1.87788850000652,0.9473430999933043,0.856408299994655,1057.513671875,3926.0,0
1,344,0.7198696742604597,0.0002911388874053,0.15625,0.902966856956482,1.1019859313964844,441.775461064638,1.1589597999991383,0.7806506000051741,0.3405417000030866,314.69287109375,3926.0,0
1,345,0.6586611905511597,0.0057234913110733,0.125,0.9442338943481444,1.3299847841262815,516.3273915049083,0.991618899992318,0.7201846999960253,0.2471232000098098,120.33935546875,3926.0,0
1,346,0.6632072851050365,0.0188696607947349,0.1875,0.9459552764892578,1.3257293701171875,529.1537900732295,0.9675826000020606,0.721768700008397,0.2333833000011509,84.0283203125,3926.0,0
1,347,0.6690199945963307,0.0008308812975883,0.21875,0.930038571357727,1.79266357421875,534.5396668563652,0.9578335000114748,0.7115783999906853,0.2288764999975683,83.1318359375,3926.0,0
1,348,0.7190028387720334,0.0175445899367332,0.34375,0.9908465147018432,1.0472412109375,436.5349391216652,1.1728729000024032,0.7652849999867612,0.3680013999983202,328.9091796875,3926.0,0
1,349,0.7179091627060642,0.0495343059301376,0.15625,0.9880447387695312,2.1097543239593506,448.3710382426978,1.141911400001845,0.7329561999940779,0.3477600000042002,310.8623046875,3926.0,0
1,350,0.7269163618465778,0.0379224494099617,0.21875,0.9819265604019164,1.1580328941345217,368.5204902781601,1.3893393000034848,0.8080570000020089,0.4827305000071646,536.64453125,3926.0,0
1,351,0.725931538660531,0.0460570082068443,0.15625,0.9876977801322936,1.1830532550811768,367.2341103115494,1.3942059999972116,0.8219658000016352,0.5311327999952482,559.158203125,3926.0,0
1,352,0.6920640728357282,0.0016843229532241,0.140625,0.9620122313499452,1.5035300254821775,501.0306356738436,1.0218936000019312,0.7456900999968639,0.2439369999920018,104.3388671875,3926.0,0
1,353,0.7603958448897965,0.0140508487820625,0.15625,0.930450677871704,1.1548606157302856,301.655304022886,1.6973014999966836,0.9507420000009006,0.7030985000019427,833.611328125,3926.0,0
1,354,0.7108938213487321,0.026858739554882,0.078125,0.9922993779182434,1.5115431547164917,455.9960271369182,1.1228167999943253,0.7606452999898465,0.300576199995703,235.76904296875,3926.0,0
1,355,0.744456081593848,0.007874459028244,0.125,0.9623619318008424,1.9104580879211424,293.8280893349755,1.7425154999946244,0.9504047999944304,0.7321174999960931,868.99365234375,3926.0,0
1,356,0.7156529309640396,0.0114048272371292,0.1875,0.9850552678108216,1.2211958169937134,469.5569794123376,1.090389499993762,0.7533308999991277,0.2930306000052951,230.7861328125,3926.0,0
1,357,0.7502382724984973,0.0406997129321098,0.203125,0.973825991153717,1.2639455795288086,304.9168133932214,1.679146499998751,0.8856852000026265,0.7337235000013607,867.775390625,3926.0,0
1,358,0.7427220337252538,0.0102017745375633,0.25,0.9892904758453368,0.8811017274856567,281.9131928708689,1.816161900002044,1.064815899997484,0.7168111999926623,845.4189453125,3926.0,0
1,359,0.681247796171708,0.0194385275244712,0.203125,0.9587939977645874,1.1282517910003662,439.26383841705086,1.1655865000066117,0.8324034999968717,0.3033933999977307,178.47802734375,3926.0,0
1,360,0.7634612893021524,0.0237744748592376,0.078125,0.9531264901161194,0.4998363852500915,253.1396360252072,2.0225991000042995,1.0236444000038318,0.87002110001049,1044.3369140625,3926.0,0
1,361,0.7275947553055906,0.0363173559308052,0.265625,0.971773087978363,1.2382910251617432,440.4708392380751,1.16239250000217,0.8131124000065029,0.3113266000000294,224.58740234375,3926.0,0
1,362,0.6946350185760373,0.0229629725217819,0.375,0.9902920126914978,1.0260279178619385,448.0521196603333,1.1427242000063416,0.8121362000092631,0.295950299987453,217.5009765625,3926.0,0
1,363,0.6554772072281195,0.0185141414403915,0.140625,0.9551105499267578,1.1238411664962769,503.8844868459644,1.0161058999947272,0.734727599992766,0.2492567000008421,104.2255859375,3926.0,0
1,364,0.6913232465338002,0.0349567383527755,0.265625,0.9916552901268004,1.2969430685043335,495.046776605694,1.0342456999933347,0.7460359999968205,0.2693731000035768,181.75634765625,3926.0,0
1,365,0.6086770434688794,0.035163827240467,0.25,0.961229145526886,1.4616281986236572,523.668967979968,0.9777169000008143,0.7246510000113631,0.2247791999980108,84.0283203125,3926.0,0
1,366,0.6697693787081364,0.0070638954639434,0.203125,0.9822221994400024,1.5188215970993042,518.2182563215844,0.9880007000028854,0.697507000004407,0.2587663000012981,121.41357421875,3926.0,0
1,367,0.7085913991501905,0.0264432355761528,0.09375,0.9348856806755066,0.761475682258606,302.9685832231432,1.6899441999994451,0.8988091999926837,0.7429572999972152,849.615234375,3926.0,0
1,368,0.7056278713318659,0.0045176669955253,0.1875,0.981295645236969,1.7047568559646606,375.3689080921116,1.3639914999948817,0.8326553999941098,0.4848791999975219,533.30126953125,3926.0,0
1,369,0.6827737091874477,0.0419741123914718,0.140625,0.9784597158432008,1.3369617462158203,382.9497029977419,1.336990199997672,0.8112848000018857,0.4912801000027684,542.421875,3926.0,0
1,370,0.6922356989892209,0.0213328450918197,0.390625,0.943777322769165,1.2166409492492676,525.8426500068589,0.9736753000033788,0.7263226999930339,0.2331400000111898,84.0283203125,3926.0,0
1,371,0.6920399879182354,0.0182679519057273,0.109375,0.9428775906562804,0.9524266719818116,378.9597407097718,1.3510669999959646,0.8073067999939667,0.5018142000044463,530.3564453125,3926.0,0
1,372,0.7215691175754255,0.001345619559288,0.203125,0.9643423557281494,0.9445714354515076,268.7710600768202,1.90496699999494,0.9688268000027164,0.8769082000071649,1075.4462890625,3926.0,0
1,373,0.7227733655543361,0.0023674890398979,0.203125,0.949775457382202,0.910192608833313,440.8555663291342,1.161378100005095,0.7753161000000546,0.3527480000047944,339.05712890625,3926.0,0
1,374,0.6993271079553078,0.0093309357762336,0.09375,0.9761922955513,0.6493788361549377,429.456379520496,1.1922048999986146,0.7931096999964211,0.3567133000033209,342.52294921875,3926.0,0
1,375,0.6822955935092525,0.003001220524311,0.28125,0.9183491468429564,0.9851759076118468,507.66867241783024,1.008531800005585,0.7288394999923185,0.2496389000007184,98.91162109375,3926.0,0
1,376,0.736009386089598,0.0343554615974426,0.0625,0.93993479013443,0.6535136699676514,285.1252284498165,1.7957021999900462,0.9293270000052872,0.8240499999956228,1021.1025390625,3926.0,0
1,377,0.6822202431069495,0.0100635737180709,0.34375,0.9214784502983092,1.5076671838760376,513.3029167952027,0.9974616999970748,0.7225716000102693,0.2503583000070648,124.44775390625,3926.0,0
1,378,0.6859143642271854,0.029374286532402,0.34375,0.939398467540741,0.869146466255188,513.9768577872651,0.996153800006141,0.7212010999937775,0.2555740999960108,101.78857421875,3926.0,0
1,379,0.6931000271028023,0.0342990010976791,0.375,0.9655681848526,1.2796237468719482,497.8696623894245,1.028381600001012,0.7212028000067221,0.2772503000014694,133.09912109375,3926.0,0
1,380,0.682182873812133,0.0322370529174804,0.390625,0.9443058371543884,1.6593148708343506,528.4838881061063,0.9688090999989072,0.728817600000184,0.2268386999930953,83.1318359375,3926.0,0
1,381,0.7312119537982564,0.0274123102426528,0.109375,0.971966028213501,1.2636154890060425,304.4438696484755,1.6817549999977928,0.9197569999960252,0.7307205999968573,866.3671875,3926.0,0
1,382,0.6911188484104646,0.0468162074685096,0.171875,0.9893398284912108,1.0130836963653564,487.60609122998136,1.050027899997076,0.7531048000091687,0.2692489000037312,165.37451171875,3926.0,0
1,383,0.738364815508472,0.0093211233615875,0.203125,0.95725417137146,1.4699833393096924,276.01982857247435,1.8549392000131772,0.9517185000004248,0.8546077999926638,1033.8056640625,3926.0,0
1,384,0.6329731129733255,0.0402221530675888,0.203125,0.9700369834899902,1.1843301057815552,491.7769987265607,1.0411222999973688,0.7576547000062419,0.2724852999963332,175.1474609375,3926.0,0
1,385,0.6432100098929628,0.0274519398808479,0.265625,0.9754643440246582,1.0858147144317627,480.8503236895064,1.0647804000036558,0.761776600003941,0.2675457000004826,179.00146484375,3926.0,0
1,386,0.731592921674561,0.0129172801971435,0.28125,0.9757989645004272,1.207512378692627,297.60460264315367,1.7204034999886062,0.8934473999979673,0.7170511000003899,863.44873046875,3926.0,0
1,387,0.631916835520136,0.0220767557621002,0.234375,0.9502602219581604,1.322175145149231,501.7879134569408,1.020351400002255,0.7333038999931887,0.2541993999911938,119.26806640625,3926.0,0
1,388,0.6904524538649988,0.0084813758730888,0.234375,0.975376844406128,0.9033265709877014,358.0304409803149,1.4300459999940358,0.8486966000054963,0.5180350000009639,541.72021484375,3926.0,0
1,389,0.6175523656271535,0.00647584348917,0.234375,0.9747772812843324,1.9501354694366453,504.9364938815648,1.0139888999983668,0.7293315999995684,0.2478620000038063,101.1787109375,3926.0,0
1,390,0.6516519369192748,0.0142103657126426,0.390625,0.9773221015930176,0.8873375654220581,481.0290413817109,1.0643847999890568,0.7449600999971153,0.267095999995945,125.29541015625,3926.0,0
1,391,0.7196607278771279,0.0292589962482452,0.078125,0.9526270031929016,2.288177728652954,277.45645694788215,1.8453346000023885,0.9528601000056368,0.8347734999988461,1023.556640625,3926.0,0
1,392,0.640097893011372,0.0140244886279106,0.203125,0.9679551720619202,1.2993816137313845,507.4298834992835,1.0090063999959966,0.742331200002809,0.2488386999903014,104.03759765625,3926.0,0
1,393,0.6482700682102285,0.0124276131391525,0.25,0.9926047325134276,1.8682249784469604,428.41864903039215,1.1950926999998046,0.7519045999943046,0.3142893000040203,233.52490234375,3926.0,0
1,394,0.7106149512637544,0.0651450604200363,0.359375,0.9889434576034546,1.0675114393234253,401.5354338516689,1.2751054000109434,0.7945104999962496,0.3887650999968173,334.84130859375,3926.0,0
1,395,0.7248086559276777,0.0026769116520881,0.140625,0.9894071817398072,0.968149185180664,371.8338474972245,1.3769591000018409,0.8289930000028107,0.4955474000016693,541.3427734375,3926.0,0
1,396,0.6701578798013293,0.0402771681547164,0.21875,0.931547224521637,1.2637016773223877,482.7227220877296,1.0606503000017256,0.742198100007954,0.2490503000008175,103.65869140625,3926.0,0
1,397,0.7202668253658253,0.0220372229814529,0.09375,0.8759363293647766,0.6503227353096008,273.2922092604861,1.8734526000043843,0.9507909000094514,0.88515840000764,1080.369140625,3926.0,0
1,398,0.7004957017930203,0.0031406581401824,0.140625,0.9678965210914612,2.333965301513672,452.70537439506654,1.1309783999895444,0.7620765000028769,0.344141400011722,325.3447265625,3926.0,0
1,399,0.7332883088432867,0.0164855122566223,0.203125,0.9888343214988708,1.3459527492523191,345.7028794476332,1.4810406000033254,0.9187738000036916,0.5412016000045696,541.00927734375,3926.0,0
1,400,0.7590980392337714,0.0088703706860542,0.015625,0.952326476573944,2.592116594314575,285.9530533243959,1.7905036999873118,1.0102348000073107,0.6956612999929348,805.51806640625,3926.0,0
1,401,0.7530008883939912,0.0008395016193389,0.09375,0.9706825613975524,0.9332288503646852,272.03467592014493,1.8821129999996629,0.9616572000086308,0.8767017000063788,1078.73486328125,3926.0,0
1,402,0.7635324233274569,0.0126425549387931,0.140625,0.9439950585365297,1.1124416589736938,323.93799270170217,1.5805493999941973,0.8792408000008436,0.663299800013192,806.2548828125,3926.0,0
1,403,0.6560168451582984,0.0188052728772163,0.1875,0.925135374069214,1.5755894184112549,526.7874505200508,0.9719290000066394,0.7058901999989757,0.2415741000004345,98.91162109375,3926.0,0
1,404,0.694252164267989,0.0200953558087348,0.1875,0.98218035697937,1.4861137866973877,303.1681964700428,1.688831500010565,0.9155016000004252,0.7349213999987114,821.1357421875,3926.0,0
1,405,0.6984131035267521,0.0078004971146583,0.078125,0.9835746884346008,0.9229360222816468,371.2334397823832,1.3791860999917844,0.8441395999980159,0.4907623000035528,550.52734375,3926.0,0
1,406,0.6203535859391925,0.0079526528716087,0.328125,0.8827061057090759,0.9696595072746276,554.0921654421822,0.924033999996027,0.6848216999933356,0.227337800009991,82.8203125,3926.0,0
1,407,0.6448891441771146,0.0373686552047729,0.328125,0.8964433073997498,0.9074028730392456,530.9091798957845,0.9643834000016795,0.7193853999924613,0.2227974999987054,82.8203125,3926.0,0
1,408,0.698755975721703,0.0399049669504165,0.25,0.979849636554718,1.4039517641067505,448.5101185906749,1.1415572999976575,0.761455300002126,0.3540187999897171,317.00439453125,3926.0,0
1,409,0.6605904283076496,0.029479295015335,0.234375,0.9847999215126038,1.684080958366394,482.3887589828736,1.0613846000051126,0.7388287000067066,0.2918037000054028,233.68310546875,3926.0,0
1,410,0.6552681210645698,0.012431226670742,0.203125,0.9795851111412048,1.3095073699951172,502.4579220916648,1.018990800002939,0.7249793999944814,0.2566785999952117,171.3310546875,3926.0,0
1,411,0.6812116052983326,0.0136467292904853,0.1875,0.968076229095459,1.2611660957336426,520.0748379592852,0.9844736999948508,0.6913748999941163,0.2561779999959981,173.2841796875,3926.0,0
1,412,0.6611738759909643,0.0291702970862388,0.265625,0.956174373626709,1.6823549270629885,515.3940242668829,0.9934147000021768,0.7213666000025114,0.245287499987171,101.56884765625,3926.0,0
1,413,0.6897875430942991,0.0199081152677536,0.1875,0.9862634539604188,1.463154435157776,425.237620207662,1.204032699999516,0.7877770000050077,0.3748514999897452,343.93603515625,3926.0,0
1,414,0.6537804941156743,0.0035937279462814,0.203125,0.9178245663642884,1.2617416381835938,522.6056546341279,0.9797061999997824,0.7163863000023412,0.2419784999947296,101.56884765625,3926.0,0
1,415,0.7107719416157477,0.0284195691347122,0.203125,0.9420635104179382,1.134807586669922,380.9310669556481,1.3440751999878555,0.8119017999997595,0.4938111999945249,531.9609375,3926.0,0
1,416,0.7031366188257031,0.0281234979629516,0.234375,0.9735514521598816,0.9115769267082214,439.93541198557,1.1638071999914246,0.7734056000044802,0.3467528999899514,324.58154296875,3926.0,0
1,417,0.7274947069025317,0.0063090249896049,0.109375,0.9207760095596312,1.3816759586334229,280.7345529238552,1.8237869000004137,0.9454503000015392,0.8394643999927212,1056.56103515625,3926.0,0
1,418,0.7158324371380397,0.0167565792798995,0.109375,0.9821247458457948,1.1065000295639038,421.1862612324604,1.2156142000021646,0.781174399991869,0.3530313999945065,329.21630859375,3926.0,0
1,419,0.6866555788161259,0.0343607664108276,0.40625,0.960334539413452,1.06036376953125,485.60770674019307,1.054349000012735,0.7335481000045547,0.2863950999890221,228.93798828125,3926.0,0
1,420,0.7287509925656203,0.0092615038156509,0.078125,0.975468099117279,0.9791436791419984,379.8840982499575,1.3477795000071635,0.8532728999998653,0.4735320999898249,518.5078125,3926.0,0
1,421,0.7103277970683138,0.0371615812182426,0.46875,0.9321918487548828,0.920442521572113,274.2549438603762,1.866876100000809,0.9162177999969572,0.837455000000773,1052.626953125,3926.0,0
1,422,0.7275533533460917,0.0285181105136871,0.28125,0.9678444266319276,1.5752625465393066,312.4885372546791,1.6384601000027033,0.8905246999929659,0.6962790999969002,834.50390625,3926.0,0
1,423,0.6491749202065649,0.0262574180960655,0.28125,0.9068869948387146,1.1233981847763062,496.9681545314901,1.03024710000318,0.7374742999963928,0.2685310999950161,83.1318359375,3926.0,0
1,424,0.6702753413728566,0.0501201748847961,0.25,0.9657565951347352,1.632554054260254,478.9746051770256,1.0689502000022912,0.7509240000072168,0.2890386000071885,125.44970703125,3926.0,0
1,425,0.7108627306036244,0.0364897325634956,0.3125,0.9710479378700256,1.0863380432128906,448.650975739666,1.1411989000043832,0.8011889000044903,0.3206758000014815,179.44384765625,3926.0,0
1,426,0.7809942533700397,0.0088908001780509,0.171875,0.9405354261398317,1.4754213094711304,295.4595882556701,1.7328934999968624,0.9273202999902423,0.6982330000028014,805.50341796875,3926.0,0
1,427,0.6722709197736392,0.0222939550876617,0.15625,0.9177183508872986,1.1905041933059692,536.7868859645512,0.953823599993484,0.6880493999924511,0.2410651000100188,103.10595703125,3926.0,0
1,428,0.7440313082720015,0.0293998196721076,0.078125,0.94161194562912,1.6250996589660645,307.82422443133487,1.6632869000022763,0.8897832000075141,0.7157559000042966,849.65087890625,3926.0,0
1,429,0.6742835276532572,0.0122687891125679,0.3125,0.7913864254951477,1.344017744064331,519.0986217392715,0.98632510000607,0.7192209999921033,0.2490799999941373,124.90234375,3926.0,0
1,430,0.735460314844721,0.005606010556221,0.21875,0.9116600751876832,2.20241117477417,483.5959438770452,1.058735099999467,0.7536738000053447,0.2946994999947492,222.82177734375,3926.0,0
1,431,0.6525736862966043,0.0221635401248931,0.1875,0.8732485771179199,0.7930697202682495,547.8325198994397,0.9345921999920392,0.6962162000127137,0.2264157000026898,83.1318359375,3926.0,0
1,432,0.667414286570556,0.0390527322888374,0.296875,0.9726237654685974,1.606040358543396,507.47238214993706,1.008921900007408,0.7324158999981591,0.2529826999962097,101.56884765625,3926.0,0
1,433,0.7407008822790095,0.0117188021540641,0.0625,0.8780179023742676,1.4104739427566528,278.94837117892945,1.8354650999972364,0.9318562999978894,0.8557486999925459,1057.5654296875,3926.0,0
1,434,0.7066626582246104,0.0064833834767341,0.140625,0.9715518951416016,1.1637049913406372,482.89782457444846,1.0602656999981264,0.7281571000057738,0.2728015999891795,180.412109375,3926.0,0
1,435,0.6550339078037339,0.0090312510728836,0.1875,0.9679011106491088,2.069160461425781,496.3539794988678,1.0315218999894569,0.7519979000062449,0.2647786000015912,127.8291015625,3926.0,0
1,436,0.6509164043307881,0.0113326460123062,0.125,0.9433372616767884,1.1061266660690308,487.4817634695662,1.0502956999989692,0.7366408999951091,0.2819702999986475,103.75439453125,3926.0,0
1,437,0.7367360656188605,0.014896236360073,0.34375,0.8212387561798096,0.3174981474876404,312.416728282582,1.6388366999890422,0.9054122999950778,0.7031205999956001,833.10107421875,3926.0,0
1,438,0.7575159337153369,0.0172982811927795,0.265625,0.8419864773750305,0.7087380886077881,310.74277841733687,1.6476649999967776,0.9051891999988584,0.705478599993512,863.494140625,3926.0,0
1,439,0.7729160534084951,0.0066092386841773,0.296875,0.9340294003486632,1.6385468244552612,322.0002048985781,1.5900610999960918,0.8761396000045352,0.6584494999988237,801.458984375,3926.0,0
1,440,0.6719105972596229,0.0117296949028968,0.28125,0.9017943143844604,0.9684898257255554,522.0702123196546,0.9807110000110696,0.711958500003675,0.2534106999955838,122.365234375,3926.0,0
1,441,0.7030850413244801,0.0139552801847457,0.171875,0.9736910462379456,1.4093786478042605,497.3260951719518,1.0295055999886245,0.7273011000070255,0.2701775999885285,177.44091796875,3926.0,0
1,442,0.654393221283569,0.0012912154197692,0.203125,0.932412326335907,1.410065531730652,528.7150623361467,0.968385500003933,0.7038805000047432,0.2442224000114947,106.6533203125,3926.0,0
1,443,0.7578576116696617,0.0179177820682525,0.28125,0.889976441860199,1.2420930862426758,279.8138822333725,1.829787700000452,0.91801399999531,0.8467853999900399,1047.181640625,3926.0,0
1,444,0.6843128145529226,0.0189011394977569,0.3125,0.9671420454978944,1.7826485633850098,460.9186450697245,1.1108250999968732,0.7617260999977589,0.2880239999940386,232.28662109375,3926.0,0
1,445,0.6630022042391218,0.0114952251315116,0.140625,0.9135483503341676,1.181248426437378,491.2048901027832,1.042334899990237,0.7465491000039037,0.2569378000043798,119.47216796875,3926.0,0
1,446,0.7246561747519359,0.0222425982356071,0.109375,0.9880668520927428,1.3372225761413574,358.69332505456333,1.4274031999957515,0.8350890000001527,0.5580981999955839,553.26416015625,3926.0,0
1,447,0.6901500788792855,0.0073005855083465,0.203125,0.9860453009605408,1.398209810256958,420.583832794066,1.2173553999891735,0.78210240000044,0.3578955000120913,342.13427734375,3926.0,0
1,448,0.736110836478554,0.0366842746734619,0.1875,0.9409912824630736,1.4584802389144895,309.64639228826246,1.6534989999927348,0.8756366000015987,0.719642299998668,849.51806640625,3926.0,0
1,449,0.6243449652692573,0.0230787545442581,0.15625,0.8269941210746765,1.436042070388794,535.0467089521334,0.956925799997407,0.7162413999903947,0.2185389999940525,83.1318359375,3926.0,0
1,450,0.6739257857173367,0.0013404041528701,0.1875,0.9046170115470886,1.2602611780166626,527.1151318258297,0.9713248000043676,0.6860059999889927,0.2657055000017863,118.8623046875,3926.0,0
1,451,0.7679064904185204,0.0431682914495468,0.296875,0.9853001832962036,1.0699061155319214,363.4772390827392,1.408616400003666,0.8239862000045832,0.486383499999647,508.0732421875,3926.0,0
1,452,0.7447622691422834,0.0099705085158348,0.140625,0.8982623815536499,1.0027350187301636,277.5358524013764,1.844806699999026,0.9357017000002088,0.8539080000045942,1051.1162109375,3926.0,0
1,453,0.7498908542480542,0.0311163291335105,0.140625,0.9439706206321716,1.2067358493804932,382.045160871016,1.340155700003379,0.8347988000023179,0.478737799989176,527.904296875,3926.0,0
1,454,0.7536630926468638,0.0011024847626686,0.203125,0.8613680601119995,1.2594331502914429,381.9796048274152,1.3403856999939308,0.8114044999965699,0.494600400008494,533.24365234375,3926.0,0
1,455,0.7758815017513891,0.0221403986215591,0.171875,0.9503332376480104,1.037506341934204,275.2892862954872,1.8598616999952355,0.9595916999969633,0.8479028999863658,1030.9208984375,3926.0,0
1,456,0.6661825379419023,0.0495475456118583,0.25,0.8650473952293396,1.0795748233795166,533.9387976839558,0.9589113999973052,0.6884041000012076,0.2556666000018595,100.54052734375,3926.0,0
1,457,0.7048391700912817,0.0060751363635063,0.171875,0.9751887321472168,0.861088752746582,487.69916961915214,1.0498275000136346,0.6909796000109054,0.2802227000065613,174.8154296875,3926.0,0
1,458,0.7130366640823516,0.0305705592036247,0.234375,0.979449450969696,0.999665915966034,437.0831596788652,1.1714018000056967,0.7597014999919338,0.360377699995297,323.63037109375,3926.0,0
1,459,0.6974548907515112,0.0041035488247871,0.140625,0.9706599116325378,0.955817461013794,501.95699503547513,1.0200076999899466,0.7181572999979835,0.2654207000014139,177.10302734375,3926.0,0
1,460,0.6829770345873802,0.0007337927818298,0.203125,0.9583864212036132,0.8915914297103882,501.3505129444966,1.0212415999994846,0.7257506000023568,0.272729900010745,123.65283203125,3926.0,0
1,461,0.6812713698110006,0.0124722942709922,0.3125,0.979580581188202,0.8093423843383789,474.5805569906913,1.078847400000086,0.725236500002211,0.3252707000065129,221.86669921875,3926.0,0
1,462,0.7162951145382669,0.0089175924658775,0.34375,0.9743852019309998,1.3300554752349854,378.5210310938314,1.3526329000014812,0.8309660000086296,0.5005107999895699,533.8837890625,3926.0,0
1,463,0.7125332954901876,0.0256859138607978,0.328125,0.9355841875076294,1.1488981246948242,308.3668601973308,1.66036000000895,0.8964149999956135,0.7113761999935377,850.87548828125,3926.0,0
1,464,0.6427280712520662,0.038147896528244,0.390625,0.9353063702583312,0.9798763990402222,494.91910440804565,1.034512500002165,0.7149203000008129,0.2892445000034058,99.91162109375,3926.0,0
1,465,0.7182902862827893,0.0057649612426757,0.15625,0.898566722869873,0.9201229810714722,264.8777211654074,1.9329674000036905,0.9795375999965472,0.8931426000053762,1097.24658203125,3926.0,0
1,466,0.6642998143360211,0.0510501042008399,0.375,0.8939602971076965,1.4737112522125244,558.4873718627601,0.9167619999934686,0.6649985999974888,0.2323791000089841,92.37451171875,3926.0,0
1,467,0.6364519473575868,0.0261363387107849,0.328125,0.9378559589385986,1.5549628734588623,528.0436560047812,0.9696168000082253,0.6822429999883752,0.2564348000014433,104.2255859375,3926.0,0
1,468,0.6479138186995544,0.0054026469588279,0.078125,0.9527680277824402,0.9063729643821716,506.50041845202185,1.0108580000087386,0.74295750001329,0.2609480999963125,118.2451171875,3926.0,0
1,469,0.6812187857592288,0.0332321375608444,0.234375,0.9755009412765504,1.7660679817199707,471.3396060799264,1.086265599995386,0.7245215000002645,0.3319075000035809,223.14990234375,3926.0,0
1,470,0.6248366785344356,0.0322319008409976,0.1875,0.92628413438797,1.5382685661315918,521.0241910920176,0.9826799000002212,0.7158586000005016,0.2497150000126566,82.8203125,3926.0,0
1,471,0.7281176568087896,0.0300990492105484,0.171875,0.7521299123764038,1.1472561359405518,273.91941066312216,1.8691628999949896,0.9426015000062762,0.8565955000085523,1044.1591796875,3926.0,0
1,472,0.7025416174093247,0.0042890012264251,0.109375,0.9698527455329896,1.021467208862305,433.0332660893555,1.1823571999993874,0.7631590999953914,0.2888235999998869,224.51025390625,3926.0,0
1,473,0.6409086748574787,0.0083661638200283,0.21875,0.9528770446777344,1.5234589576721191,493.45968342738365,1.037572100001853,0.7234516000025906,0.2860908000002382,83.1318359375,3926.0,0
1,474,0.7405700541681226,0.0284080207347869,0.296875,0.8846392631530762,1.4057310819625854,310.34860452589123,1.6497576999972807,0.8944695999962278,0.7097138999961317,855.447265625,3926.0,0
1,475,0.7066242630803758,0.0102878957986831,0.140625,0.9578679800033568,1.7818740606307983,481.2070778781899,1.0639910000027155,0.7276282999955583,0.3081960999988951,238.01513671875,3926.0,0
1,476,0.7277341926353712,0.0446612164378166,0.15625,0.979899764060974,0.8297484517097473,429.382042924773,1.1924112999986392,0.7879395000054501,0.3894463000033283,344.7080078125,3926.0,0
1,477,0.7045289899476772,0.0044982805848121,0.1875,0.9622520804405212,1.5280375480651855,462.3335418653335,1.1074255999992602,0.7451173000008566,0.3018084000068484,222.82177734375,3926.0,0
1,478,0.6454450034732302,0.0103287957608699,0.28125,0.969352126121521,1.171133279800415,520.8187107385843,0.9830675999983214,0.7195477000059327,0.2559478000039235,120.53662109375,3926.0,0
1,479,0.6074784319555887,0.0078283175826072,0.15625,0.9467767477035522,0.8585910797119141,542.9155668783267,0.9430563999922016,0.6728531999979168,0.2499755000026198,98.91162109375,3926.0,0
1,480,0.7024357030423057,0.050167828798294,0.203125,0.939836323261261,0.6848004460334778,431.924483402238,1.1853924000024565,0.7594668000092497,0.3705371000105515,323.4326171875,3926.0,0
1,481,0.6355440226384189,0.0306120663881301,0.21875,0.9664844870567322,1.0223782062530518,508.47676450102,1.00692899999558,0.7318824999965727,0.2533190999965882,84.0283203125,3926.0,0
1,482,0.6771465384803083,0.0209672264754772,0.15625,0.962121844291687,1.5421702861785889,495.72058554326895,1.0328398999990895,0.7251883999997517,0.2933137999934843,177.00146484375,3926.0,0
1,483,0.6936911420413545,0.0430645383894443,0.203125,0.987249493598938,1.458163142204285,506.31679648303503,1.011224600006244,0.7135460999998031,0.2794572999991942,174.7724609375,3926.0,0
1,484,0.6213352460644217,0.0132283866405487,0.078125,0.8943909406661987,0.7958587408065796,529.1588214366761,0.9675734000047668,0.7181074999971315,0.223837800003821,83.1318359375,3926.0,0
1,485,0.6684398506994585,0.0326718986034393,0.109375,0.9712866544723512,0.500027060508728,442.93354889239663,1.155929600005038,0.8208015999989584,0.3119102000055136,229.4091796875,3926.0,0
1,486,0.6153931509905055,0.0077043958008289,0.28125,0.9640114307403564,0.7471298575401306,477.9708643165128,1.0711949999968056,0.8043087999976706,0.2541627999889897,85.63818359375,3926.0,0
1,487,0.6704629744792531,0.0112657845020294,0.203125,0.9519892334938048,0.547541618347168,398.6110274193501,1.284460199996829,0.8705648000031943,0.3969149999902583,327.58837890625,3926.0,0
1,488,0.702081804756939,0.0070804208517074,0.234375,0.7781968712806702,0.8529393076896667,268.15326928558926,1.9093558000022317,1.0057787999976426,0.8403005000000121,1041.92333984375,3926.0,0
1,489,0.6480630369377882,0.0072517395019531,0.140625,0.9395047426223756,1.506650447845459,467.5476286711658,1.0950756000092952,0.7915387999964878,0.2722879000066314,130.1513671875,3926.0,0
1,490,0.6609711579652223,0.013274997472763,0.0625,0.9674013257026672,0.8539568781852722,459.6093589774982,1.1139894999942044,0.7799019000085536,0.3014999000006355,223.32177734375,3926.0,0
1,491,0.7353788088773906,0.0305466502904891,0.09375,0.8567429780960083,1.733137845993042,316.00159235211544,1.6202449999982491,0.8960229000076652,0.6792335000063758,816.21484375,3926.0,0
1,492,0.6993796363849876,0.0145449712872505,0.5625,0.9722245931625366,2.1542539596557617,374.6675283054073,1.36654489999637,0.824020300002303,0.5120044000068447,548.6279296875,3926.0,0
1,493,0.6084234129147391,0.0224677622318267,0.28125,0.9334957599639891,2.2236039638519287,522.6386227519723,0.979644399994868,0.7165408000000753,0.2236706000112462,82.8203125,3926.0,0
1,494,0.6866876682920899,0.001012809574604,0.25,0.963130533695221,0.7183464765548706,476.2367622239904,1.075095499996678,0.7455596000072546,0.2949602000007871,216.5771484375,3926.0,0
1,495,0.6934989460041352,0.0080348551273345,0.21875,0.9723150730133056,0.710858166217804,376.6964399121727,1.35918459999084,0.8273752999957651,0.491940899999463,535.58935546875,3926.0,0
1,496,0.7437554639087891,0.0388739705085754,0.171875,0.8719272017478943,0.5935330986976624,280.3844157966008,1.82606439999654,0.9420261000050232,0.8408333999977913,1044.38818359375,3926.0,0
1,497,0.6897636963150177,0.0015583410859107,0.140625,0.9714394211769104,1.5192279815673828,420.5410655063175,1.2174792000005257,0.7723805999994511,0.3642722000076901,340.4052734375,3926.0,0
1,498,0.6999919867019259,0.0663745105266571,0.15625,0.9036344885826112,1.614607572555542,317.0104134828504,1.6150888999982271,0.9011679999966872,0.6822041999985231,813.1279296875,3926.0,0
1,499,0.6099274581777708,0.0403166264295578,0.21875,0.9472347497940063,0.9237395524978638,525.4977782789681,0.9743143000087002,0.705447100001038,0.2453985000029206,101.80712890625,3926.0,0
1,500,0.6616119818733144,0.0021059662103652,0.15625,0.9561726450920104,0.8135437369346619,503.36339159918685,1.0171578000008594,0.7301646999985678,0.2608900000050198,128.7548828125,3926.0,0
1,501,0.5691031362282083,0.0038961842656135,0.15625,0.9433607459068298,2.8483948707580566,531.3561350179626,0.9635721999948146,0.6679322999989381,0.2817414000019198,79.84814453125,3926.0,0
1,502,0.6834142962535639,0.0226817578077316,0.109375,0.9479040503501892,0.893414318561554,418.3277218606513,1.2239207999955397,0.7934402000100818,0.4055107000021962,337.7568359375,3926.0,0
1,503,0.622771609102721,0.0261358693242073,0.265625,0.9720414876937866,1.6029725074768066,486.6844281113943,1.0520164000045042,0.7383262000075774,0.3055403000034857,106.5439453125,3926.0,0
1,504,0.6635342155635732,0.0169808939099311,0.0625,0.9448190927505492,0.8304272890090942,452.4285116534826,1.131670500006294,0.7810186999995494,0.3327299000084167,127.1748046875,3926.0,0
1,505,0.6509071390195992,0.0138066634535789,0.171875,0.9722806811332704,0.6469601392745972,444.0394896814116,1.153050599998096,0.8161376999923959,0.3055023000051733,100.23779296875,3926.0,0
1,506,0.6661589135663207,0.0020601898431777,0.078125,0.9385417699813844,0.9913095235824584,360.53997057328,1.420092200001818,0.8554953999991994,0.5280650999920908,514.47021484375,3926.0,0
1,507,0.6836106311453938,0.0084008052945137,0.15625,0.9041536450386048,0.5592676401138306,309.6231915985797,1.653622900004848,0.9062838999961969,0.6921289000019897,843.275390625,3926.0,0
1,508,0.6681308389472356,0.0227488279342651,0.21875,0.9612227082252502,0.6778580546379089,472.2329776191934,1.0842105999909109,0.7364087000023574,0.2831337999959942,231.03076171875,3926.0,0
1,509,0.6851334686571524,0.0265377834439277,0.078125,0.9365780353546144,2.2600691318511963,316.5889519113991,1.6172389999992447,0.8719519000005675,0.7134848999994574,877.9248046875,3926.0,0
1,510,0.6830643658081311,0.0003193840384483,0.046875,0.9459792375564576,1.1136983633041382,279.7886830389976,1.829952500003856,0.916803300002357,0.8358393999951659,1053.3056640625,3926.0,0
1,511,0.6459465741962302,0.0209013521671295,0.25,0.8958620429039001,0.9878655076026917,538.7037609131503,0.950429599994095,0.7118536999914795,0.2187794999917969,89.44091796875,3926.0,0
1,512,0.6645132472172841,0.0050571635365486,0.171875,0.9562610983848572,0.7815674543380737,281.8271780695513,1.816716200002702,0.9317729999893344,0.8358643999963533,1031.08740234375,3926.0,0
1,513,0.6562850331783161,0.0349332317709922,0.21875,0.9166820049285888,1.280749797821045,508.88420379816336,1.0061227999976836,0.7307850000070175,0.2658170999930007,178.43603515625,3926.0,0
1,514,0.6155737311335585,0.0008600279688835,0.203125,0.9619929790496826,1.847434878349304,521.9384917893676,0.9809585000039078,0.7116958999977214,0.2473107999976491,102.98291015625,3926.0,0
1,515,0.6570322260729996,0.0117932930588722,0.15625,0.9583197832107544,1.621541976928711,487.2712751467014,1.050749400004861,0.728457300006994,0.2932128999964334,225.43994140625,3926.0,0
1,516,0.6912722100950135,0.0262635648250579,0.15625,0.8643232583999634,0.5324592590332031,316.5569094185428,1.6174027000088245,0.8714073000010103,0.7034755000058794,857.322265625,3926.0,0
1,517,0.6501226621859002,0.0319789797067642,0.21875,0.962243914604187,1.205485463142395,508.0155829810336,1.0078431000001729,0.7226357999898028,0.2607445000030566,122.65087890625,3926.0,0
1,518,0.7086821527291017,0.0044392049312591,0.109375,0.9677988290786744,1.1825395822525024,384.5558177514648,1.3314061999990372,0.8160672000085469,0.4805921000079252,515.03369140625,3926.0,0
1,519,0.6146599438181611,0.0432326048612594,0.171875,0.9426636099815368,1.2252445220947266,519.8894788130378,0.9848246999899856,0.7207136999932118,0.2435898999974597,103.41455078125,3926.0,0
1,520,0.7108507538478163,0.0382031574845314,0.046875,0.8719974160194397,1.1410822868347168,313.2363463049516,1.6345485000056217,0.8816332999995211,0.7029662999993889,835.0673828125,3926.0,0
1,521,0.6466043522069932,0.017642967402935,0.15625,0.9487612843513488,1.272152066230774,447.2124644397154,1.1448697000014365,0.7744288999965647,0.3466667000029702,329.2890625,3926.0,0
1,522,0.6802462874223248,0.0147265791893005,0.21875,0.8327791690826416,0.8722029328346252,281.7830194819654,1.817000899987761,0.9402102999883936,0.8288535000028787,1042.8544921875,3926.0,0
1,523,0.6972652861259937,0.0233663767576217,0.3125,0.8615854978561401,1.823676824569702,284.1033625742148,1.8021609999996144,0.9127338000107555,0.8334503000078257,1036.9013671875,3926.0,0
1,524,0.6592982864621353,0.0137656033039093,0.0625,0.9713954925537108,1.140150547027588,434.7471304355824,1.1776960999995936,0.7680212999985088,0.3594301999983145,343.39501953125,3926.0,0
1,525,0.6855246611281965,0.0297854244709014,0.125,0.9787331223487854,1.3624975681304932,496.588572292251,1.0310346000042043,0.7343789000005927,0.2791427000047406,220.18701171875,3926.0,0
1,526,0.6754998274511743,0.0380995869636535,0.25,0.7510378956794739,0.900993287563324,206.48599948344864,2.4795869999943534,1.2215724999987287,1.2214584999892395,1037.4599609375,1382.0,0
1,527,0.7215714841816377,0.0207176804542541,0.09375,0.879854679107666,0.8692814707756042,243.2233555233209,2.1050609999947483,1.1512278000009246,0.9144934999931138,1060.49609375,2186.0,0
1,528,0.6744040859291709,0.0596464052796363,0.265625,0.9461218118667604,1.245408296585083,446.6606099938728,1.14628420000372,0.8021884000045247,0.3319610000035027,225.62255859375,2194.0,0
1,529,0.5868826255531144,0.015001468360424,0.109375,0.9213313460350036,1.7689743041992188,537.0167648880333,0.9534152999985964,0.6675257999886526,0.2789008999970974,79.75341796875,2194.0,0
1,530,0.691727212609369,0.0105165764689445,0.171875,0.7630304098129272,1.9266186952590945,312.15467508255466,1.6402124999876833,0.879206300000078,0.7318843000102788,800.779296875,2194.0,0
1,531,0.7045241533636022,0.0085635557770729,0.1875,0.7278647422790527,1.7695841789245603,269.36872964713194,1.9007402999995973,0.9515221000037856,0.9108215000014752,1051.64599609375,2194.0,0
1,532,0.6648993568132008,0.0125852972269058,0.296875,0.8419148921966553,2.1463661193847656,399.4610396726683,1.2817270000086864,0.8601538000075379,0.4070262999885017,318.9912109375,2196.0,0
1,533,0.6488550687578929,0.0310302227735519,0.375,0.8980078101158142,1.4501885175704956,353.66614330656046,1.447692999994615,0.87369540000509,0.5519587000017054,537.68896484375,2200.0,0
1,534,0.6430311746872834,0.0149959325790405,0.171875,0.9724934101104736,2.180643320083618,428.22601601696806,1.195630300004268,0.782229099990218,0.3995004000025801,323.27001953125,2200.0,0
1,535,0.6514414648974904,0.0104816928505897,0.234375,0.9667510390281676,1.1533745527267456,415.885426166079,1.2311082999949576,0.8229241000080947,0.3933492999931332,334.0546875,2200.0,0
1,536,0.7018732173244241,0.0078876763582229,0.03125,0.9473424553871156,0.8871752023696899,285.1787162655943,1.7953654000011738,1.011412299994845,0.7532975000067381,850.02783203125,2200.0,0
1,537,0.6452287327798516,0.028250053524971,0.359375,0.8272145390510559,0.9605059027671814,459.46124938219873,1.1143485999928089,0.8286563000001479,0.2788572999997996,98.56689453125,2200.0,0
1,538,0.7244039711537933,0.0191904306411743,0.171875,0.9208709001541138,0.8559269905090332,243.25398961330976,2.104795900013414,1.0768960999994306,0.9905647999985376,1092.3857421875,3032.0,0
1,539,0.7067997611181379,0.0408992618322372,0.21875,0.9833202362060548,0.7694503664970398,353.9588569832568,1.4464958000025945,0.8800063999951817,0.5452443999965908,556.41943359375,3032.0,0
1,540,0.6998343433318442,0.0252169519662857,0.203125,0.8877725601196289,1.0696942806243896,454.66893042356526,1.1260940999927698,0.7841787999932421,0.3315910000092117,216.556640625,3032.0,0
1,541,0.633926648051339,0.0066892281174659,0.21875,0.9215238094329834,1.44164776802063,486.7669273503228,1.0518380999856165,0.7543712000042433,0.2909411000000546,81.2421875,3032.0,0
1,542,0.6844829539301801,0.0109856724739074,0.1875,0.9682143926620485,1.0649207830429075,452.2457623616655,1.132127799995942,0.8225500999978976,0.3020886000012979,126.08154296875,3032.0,0
1,543,0.7280493378403476,0.0178023278713226,0.09375,0.8233017921447754,1.7844631671905518,260.45358704351503,1.9658013000007488,0.9891962999972748,0.938991699993494,1081.40478515625,3032.0,0
1,544,0.7247595585025127,0.0096781179308891,0.140625,0.9508928060531616,1.1102116107940674,279.31354767781744,1.8330654000019424,1.0216949000023303,0.7794257000059588,881.54931640625,3032.0,0
1,545,0.6579783291343401,0.0402894988656044,0.203125,0.778297483921051,1.1924132108688354,440.0222211261878,1.1635775999893667,0.7976756999996724,0.3575011000066297,121.27392578125,3032.0,0
1,546,0.6565612470433839,0.0268199667334556,0.1875,0.8668771982192993,1.329616665840149,474.8207296749379,1.0783016999921529,0.7580626999988453,0.3141187000001082,82.7109375,3032.0,0
1,547,0.6708033688717223,0.0303923785686492,0.265625,0.919495165348053,1.0627024173736572,450.81240445976727,1.135727399989264,0.8219750000134809,0.3072536000108812,106.64453125,3032.0,0
1,548,0.708240650243292,0.0104233473539352,0.09375,0.9122881889343262,1.2155486345291138,355.600894669307,1.4398164000012912,0.8671211999899242,0.5515322999999626,551.31396484375,3032.0,0
1,549,0.6733286307236201,0.0144205316901206,0.125,0.8626280426979065,1.2365443706512451,303.1775494170246,1.6887794000067515,0.9150377000041772,0.7430469000100857,850.58642578125,3032.0,0
1,550,0.6948138806311527,0.0106142833828926,0.09375,0.9133002161979676,1.5658687353134155,466.6731988741497,1.0971275000047171,0.7463128000090364,0.3415257999877212,179.83544921875,3032.0,0
1,551,0.6968541214780102,0.0076407417654991,0.078125,0.8984860181808472,1.248016357421875,301.3618435747616,1.6989543000090634,0.9116916000057244,0.7552178000041749,864.51904296875,3032.0,0
1,552,0.6901879286695333,0.0024584680795669,0.078125,0.6593780517578125,1.3263123035430908,303.00065932142,1.6897653000050925,0.9111450999916996,0.7096850000089034,831.94384765625,3032.0,0
1,553,0.6563570072812898,0.0024667307734489,0.21875,0.8444918990135193,1.448870062828064,498.5238048039449,1.0270321999996668,0.7339133000059519,0.2839942999999039,173.33984375,3032.0,0
1,554,0.6410231056972985,0.0090949833393096,0.21875,0.8509596586227417,1.8720808029174805,500.0226084433386,1.0239537000015844,0.7201307000068482,0.2761669000028632,124.85498046875,3032.0,0
1,555,0.6275672294258279,0.0699577331542968,0.375,0.8616037368774414,0.9476839900016784,505.482860031034,1.0128929000056814,0.7474142999999458,0.258766499988269,100.14306640625,3032.0,0
1,556,0.6233529516269496,0.0232546180486679,0.140625,0.9253101348876952,1.2888314723968506,528.8507721512135,0.9681370000034804,0.7068335000076331,0.2481969000073149,82.7109375,3032.0,0
1,557,0.632821114538349,0.006426028907299,0.109375,0.9386461973190308,1.7592254877090454,510.6071657779497,1.00272779999068,0.6898643000022275,0.2821036999957869,103.62109375,3032.0,0
1,558,0.6483061455714174,0.0231490433216094,0.234375,0.9490782618522644,0.8686730265617371,454.4205131121915,1.1267096999945352,0.754512599989539,0.3327258000063011,227.65625,3032.0,0
1,559,0.715208978327301,0.0136509984731674,0.265625,0.97845721244812,1.0110986232757568,470.2659647986261,1.0887455999909434,0.7526308999949833,0.3162283999990904,229.07421875,3032.0,0
1,560,0.7062601711740035,0.0136629119515419,0.15625,0.7022541761398315,1.030924916267395,279.4215929361174,1.8323566000035496,0.9318766000069444,0.8615756999934092,1047.4169921875,3032.0,0
1,561,0.6806796565996545,0.0135988220572471,0.0625,0.9076825976371764,1.4700133800506592,461.3068101157368,1.1098903999954928,0.7373652999958722,0.3531241000018781,180.27392578125,3032.0,0
1,562,0.6107243351056377,0.0176207274198532,0.1875,0.8651174902915955,0.7993969321250916,492.9926677007883,1.0385549999919022,0.7713052000035532,0.2613767000002553,81.2421875,3032.0,0
1,563,0.662635585612539,0.0332253873348236,0.125,0.9192301630973816,1.1740076541900637,476.0461392841685,1.0755260000005364,0.739426200001617,0.3199921000050381,128.890625,3032.0,0
1,564,0.6431897852403331,0.0256053730845451,0.1875,0.9156452417373656,1.3174479007720947,491.65926937630206,1.0413715999893611,0.7208824999979697,0.2813397999998415,107.109375,3032.0,0
1,565,0.680300798056131,0.0273625031113624,0.25,0.9578872919082642,0.5326855778694153,464.0960940017267,1.1032197999884374,0.759074799992959,0.33271319999767,230.853515625,3032.0,0
1,566,0.6736718273115224,0.0548928007483482,0.265625,0.9654659628868104,1.444559931755066,488.7415239834333,1.0475885000050766,0.7462328999972669,0.2934290999983204,124.64013671875,3032.0,0
1,567,0.6927921820959293,0.0059508979320526,0.140625,0.7935599684715271,1.419805884361267,303.88259875594923,1.6848612000030698,0.8912764999986393,0.7633041999943089,845.7626953125,3032.0,0
1,568,0.6951400019280247,0.0136779397726058,0.140625,0.9548892378807068,1.0875029563903809,462.0034218932652,1.108216900000116,0.7538248000055319,0.3012695999932475,179.08837890625,3032.0,0
1,569,0.735288781821891,0.0136401206254959,0.09375,0.958939254283905,0.939052402973175,369.6687111314213,1.3850239000021247,0.8359034000022803,0.5179350999969756,527.65380859375,3032.0,0
1,570,0.7223582386016466,0.0369380116462707,0.125,0.8972194790840149,0.98163640499115,266.33283510332944,1.922406600002432,1.021315100006177,0.86471709999023,1045.13330078125,3032.0,0
1,571,0.7096622800415638,0.0453109145164489,0.171875,0.9352937936782836,1.7294552326202393,378.9732327226964,1.351018899993505,0.8052864999917801,0.5156624000082957,527.65380859375,3032.0,0
1,572,0.6991691972942785,0.0108180195093154,0.3125,0.9591046571731568,1.1657510995864868,429.6204865220719,1.19174949999433,0.7688671000069007,0.3776775000005727,330.45068359375,3032.0,0
1,573,0.7026277146316715,0.0149082168936729,0.078125,0.9260034561157228,1.1956276893615725,354.7867277888247,1.4431205000000773,0.8420677000103751,0.5445879000035347,533.7265625,3034.0,0
1,574,0.7443735214189626,0.0111230164766311,0.125,0.9463345408439636,1.2735258340835571,265.60360208283726,1.9276847000001,0.9355046999990008,0.8769907999958377,1041.4072265625,3034.0,0
1,575,0.7341727557924586,0.0300650149583816,0.28125,0.9483969211578368,0.6399886012077332,275.9877207029597,1.8551549999974668,0.943335499992827,0.8752830000012182,1038.205078125,3034.0,0
1,576,0.6271084842521479,0.006415456533432,0.171875,0.8168889284133911,1.690438747406006,474.0734595353461,1.0800013999978546,0.818580799998017,0.2485315999947488,89.54736328125,3034.0,0
1,577,0.6450763548687253,0.0112693719565868,0.21875,0.9486043453216552,1.1678385734558103,464.96945550323295,1.1011475999985123,0.7202474999940023,0.3360156999988248,120.46337890625,3034.0,0
1,578,0.6770678853793575,0.0067339166998863,0.453125,0.9810953140258788,0.9710114002227784,405.56408577940647,1.2624391999997897,0.8541354999906616,0.3797477000043727,221.32080078125,3034.0,0
1,579,0.6564762877528368,0.0127163305878639,0.21875,0.9409801363945008,2.169673204421997,399.495543246375,1.2816162999952212,0.9499498000077438,0.3242387999925995,121.03759765625,3034.0,0
1,580,0.6682327702594332,0.0255308598279953,0.25,0.9636237025260924,2.412259101867676,378.442915839776,1.352912100002868,0.9355297000001884,0.3881262000068091,230.353515625,3034.0,0
1,581,0.7130082093955014,0.0137052908539772,0.21875,0.9458444714546204,0.9668903946876526,356.2950409635218,1.4370113000040874,0.9931419000058668,0.4150181000004522,321.31640625,3034.0,0
1,582,0.6731526999428961,0.0047906935214996,0.25,0.9569240808486938,1.2297322750091553,429.6588106239173,1.1916431999998167,0.7850011999980779,0.3459582999930717,179.61865234375,3034.0,0
1,583,0.6916295388576164,0.0169601440429687,0.171875,0.9635376334190368,2.628618001937866,372.18314783817874,1.3756667999987258,0.9954881000012392,0.3689278999954695,217.140625,3034.0,0
1,584,0.6951172772153084,0.0517930313944816,0.171875,0.8784416317939758,1.1813178062438965,255.67983770822195,2.0025043999921763,1.1657378999952923,0.7854955999937374,823.68994140625,3034.0,0
1,585,0.6857146110078403,0.0274717286229133,0.1875,0.9659955501556396,1.860773205757141,248.0854177474689,2.06380530000024,1.1878217000048608,0.8208658000075957,882.74267578125,3034.0,0
1,586,0.5907751985858645,0.0046472437679767,0.203125,0.880940854549408,1.412908911705017,494.8441970544389,1.034669099986786,0.7179207000008319,0.2933171999902697,81.2421875,3034.0,0
1,587,0.7080853886256568,0.0187708362936973,0.234375,0.8900038003921509,0.7601198554039001,237.01875586911444,2.1601665999914985,1.1438982999970904,0.961387100003776,1102.47265625,3874.0,0
1,588,0.6838618908563309,0.0170200690627098,0.15625,0.9609588980674744,1.7020344734191897,479.550451420453,1.0676666000072146,0.736390099991695,0.3127024999994319,231.56494140625,3874.0,0
1,589,0.6634268863745395,0.0405337437987327,0.296875,0.9461000561714172,0.8693848252296448,474.6170711630225,1.0787643999938157,0.7697895000019344,0.2987409000052139,175.59033203125,3874.0,0
1,590,0.669232008562574,0.0287534072995185,0.171875,0.908470332622528,0.5346150398254395,268.90719581997183,1.90400260000024,0.9663235000043642,0.9005698999972083,1080.13037109375,3874.0,0
1,591,0.6474294453486232,0.0439400002360343,0.296875,0.9734496474266052,1.3239611387252808,467.6657968883691,1.0947988999978406,0.7315538999973796,0.3165088000096148,223.70361328125,3874.0,0
1,592,0.5893023062475788,0.0244371965527534,0.3125,0.9288176894187928,1.5634520053863523,487.90310016180473,1.0493886999902315,0.7284782000060659,0.2969121999922208,124.67919921875,3874.0,0
1,593,0.649485247071799,0.016352005302906,0.140625,0.9833188652992249,1.0855728387832642,466.40180752948856,1.097765899990918,0.7559718000120483,0.313228800005163,177.46337890625,3874.0,0
1,594,0.6887874082430853,0.0481836050748825,0.21875,0.9807397723197936,0.9258286356925964,471.392462029749,1.0861437999992631,0.7445063999912236,0.3217603999946732,223.61767578125,3874.0,0
1,595,0.6520356598738791,0.0150697454810142,0.203125,0.9592126607894896,1.3327596187591553,477.794812695405,1.0715897000045516,0.7542288999975426,0.2939095000037923,128.18359375,3874.0,0
1,596,0.6960353838686265,0.0049658045172691,0.21875,0.9738531112670898,1.2510490417480469,421.9979625428441,1.2132759999949485,0.7940139999991516,0.3953400999889709,333.14453125,3874.0,0
1,597,0.7302906135655356,0.0041429176926612,0.15625,0.8699405193328857,1.1624969244003296,262.6578377387588,1.9493040999950608,0.9793945999990684,0.9118879000016022,1097.4990234375,3874.0,0
1,598,0.6723417199732992,0.0061121210455894,0.203125,0.956571102142334,1.962963342666626,460.1084202336553,1.1127812000049744,0.7641912000108277,0.296901900001103,179.96240234375,3874.0,0
1,599,0.6910722723547215,0.045612134039402,0.21875,0.979707419872284,1.1952773332595823,434.8020669737016,1.1775473000016063,0.7722059999941848,0.3903808000031858,337.0166015625,3874.0,0
1,600,0.6475374239861914,0.0180365145206451,0.1875,0.9447234272956848,0.8363077640533447,496.3564335576888,1.0315167999942787,0.7410078999964753,0.2596849999972619,104.76318359375,3874.0,0
1,601,0.7110549525657021,0.0236996859312057,0.484375,0.918799877166748,2.1375601291656494,300.4167167104687,1.7042993000068236,0.9151252000010572,0.7472262000082992,856.93603515625,3874.0,0
1,602,0.739870964071972,0.0354034379124641,0.203125,0.9139559864997864,0.7830278277397156,299.20745671552305,1.7111873000103517,0.927562199998647,0.737168899999233,866.951171875,3874.0,0
1,603,0.7570353424792782,0.0230098664760589,0.109375,0.988073229789734,1.0571134090423584,298.7164178845423,1.7140002000087406,0.9301153999986128,0.7263804000103846,835.65478515625,3874.0,0
1,604,0.6806506125603718,0.0184942409396171,0.265625,0.9271740913391112,1.4047950506210327,464.21951054926126,1.1029264999961017,0.7825926000077743,0.3111466000118525,182.322265625,3874.0,0
1,605,0.7180386880085475,0.0219377353787422,0.109375,0.9521893858909608,1.6212018728256226,292.5808580333233,1.7499436000071,0.9357604999968316,0.7416095000080531,848.76611328125,3874.0,0
1,606,0.7080476371402273,0.0328389778733253,0.21875,0.9740447402000428,1.6107860803604126,413.7696728456298,1.237403400009498,0.8016752999974415,0.4004704999970272,341.1396484375,3874.0,0
1,607,0.7393000124053111,0.0127619206905364,0.28125,0.7673683166503906,1.3525807857513428,304.67278797234144,1.680491399994935,0.9452249000023584,0.689518399987719,796.9658203125,3874.0,0
1,608,0.7194765482600919,0.0153915733098983,0.265625,0.8582563996315002,1.2076469659805298,359.08209079820824,1.425857799986261,0.8690936000057263,0.5192325999960303,535.20654296875,3874.0,0
1,609,0.6262633651722512,0.0119185671210289,0.15625,0.8487018346786499,1.9486684799194336,504.5777620352156,1.014709800001583,0.7105682999972487,0.2665778000082355,105.03466796875,3874.0,0
1,610,0.6978222690450424,0.0285723134875297,0.3125,0.9740683436393738,0.905259132385254,355.1831066060428,1.4415099999896483,0.8591761999996379,0.5608739000017522,550.2958984375,3874.0,0
1,611,0.6852364451972348,0.0532641932368278,0.21875,0.9781320095062256,0.8398232460021973,433.58190053484014,1.1808610999869416,0.7870606999931624,0.3705154999915976,335.69580078125,3874.0,0
1,612,0.7161521933040444,0.0096365734934806,0.234375,0.844438374042511,1.0321165323257446,317.0059972343748,1.6151113999949305,0.8835710999992443,0.6974245000019437,831.4345703125,3874.0,0
1,613,0.6150044963624179,0.0423278883099556,0.171875,0.8244497776031494,1.417513728141785,490.68127261695736,1.0434471999906236,0.7604366000014124,0.2680309999996098,104.48046875,3874.0,0
1,614,0.7096230829941806,0.010938137769699,0.140625,0.8207206726074219,0.990461766719818,303.00275732449734,1.6897536000033142,0.9122808999964036,0.7121514999889769,823.88232421875,3874.0,0
1,615,0.6847032149911035,0.0213719457387924,0.125,0.985426902770996,1.278586983680725,359.8914730389265,1.4226511000015307,0.8224622999987332,0.5179485000116983,545.2314453125,3874.0,0
1,616,0.7206240124071026,0.0151095688343048,0.171875,0.9756863117218018,0.9288377165794371,290.2449247669616,1.7640274000004863,0.9239509000035468,0.7423595000000205,881.41259765625,3874.0,0
1,617,0.6747272092324298,0.0072565749287605,0.09375,0.9510128498077391,1.896709442138672,481.7359052258937,1.0628230000002077,0.7318267000082415,0.3075016000075266,227.46875,3874.0,0
1,618,0.6918384685416468,0.0342532619833946,0.078125,0.9656981229782104,1.5171171426773071,369.5952470043448,1.385299200002919,0.8070187999983318,0.5339647000073455,548.43798828125,3874.0,0
1,619,0.5869563244943109,0.0169344395399093,0.09375,0.8589380979537964,1.0537458658218384,515.628944949255,0.9929621000046608,0.7231468000099994,0.2630588000029092,104.59912109375,3874.0,0
1,620,0.6700638303189151,0.0036799758672714,0.125,0.935181736946106,1.5014828443527222,367.7606636575619,1.3922098000039114,0.8478888000099687,0.5224777000112226,531.9619140625,3874.0,0
1,621,0.6419787384213784,0.0141259655356407,0.15625,0.7997820377349854,0.802004873752594,552.6205384633123,0.926494700004696,0.6491639000014402,0.2639868000114802,100.56689453125,3874.0,0
1,622,0.6627318473947538,0.0066267922520637,0.359375,0.953816056251526,1.1494747400283811,482.7747478612943,1.060536000004504,0.7351812999986578,0.3057009000040125,174.177734375,3874.0,0
1,623,0.5904186652304647,0.0399952381849288,0.34375,0.9441325664520264,1.068166971206665,501.4839320867418,1.0209699000115506,0.7341794999956619,0.2795664000004763,119.419921875,3874.0,0
1,624,0.5768930550023299,0.0071929395198822,0.265625,0.9023574590682985,1.056837558746338,481.3413026660582,1.0636942999990424,0.7703384000051301,0.2670137000095565,79.75341796875,3874.0,0
1,625,0.6627961771354614,0.0152593627572059,0.21875,0.9643072485923768,1.530871033668518,410.1507175726752,1.248321599996416,0.8162979999906383,0.4176184999960242,324.86474609375,3874.0,0
1,626,0.5953032527920552,0.0265230163931846,0.140625,0.9347496628761292,0.9847217202186584,492.2928288511944,1.0400313999998616,0.7379241000016918,0.2855750000016996,102.41552734375,3874.0,0
1,627,0.6913251230954249,0.0024367794394493,0.171875,0.6619606614112854,1.1891874074935913,283.6843437661498,1.8048228999978164,0.9182833000086248,0.8505188999988604,994.9189453125,3874.0,0
1,628,0.6194757890909447,0.0279150307178497,0.234375,0.940358340740204,1.3767704963684082,474.322742164503,1.079433799997787,0.7283846000063932,0.318204399998649,122.46533203125,3874.0,0
1,629,0.5643789545319035,0.0129741132259368,0.125,0.9584215879440308,0.8071180582046509,487.81440567275854,1.0495795000024373,0.7270153999998001,0.3061122000071918,79.75341796875,3874.0,0
1,630,0.5874989514852892,0.0610128343105316,0.1875,0.9719938039779664,2.138653516769409,454.7062810620759,1.126001599986921,0.8246819999912987,0.2943311999988509,101.53857421875,3874.0,0
1,631,0.6275612461752265,0.0312188640236854,0.203125,0.9555297493934632,1.5206677913665771,388.1861018732407,1.318955000009737,0.931546799998614,0.3582909999968251,179.53662109375,3874.0,0
1,632,0.7214718652307376,0.0212513729929924,0.265625,0.8773982524871826,1.987878680229187,271.7020557717637,1.8844170999946075,1.050025699994876,0.7744650000095135,845.5478515625,3874.0,0
1,633,0.6745121139459191,0.0237963944673538,0.203125,0.9773067235946656,1.7889273166656494,373.5337341809394,1.370692800002871,1.0097231999970973,0.350050299995928,218.55859375,3874.0,0
1,634,0.7078157982665282,0.0384783521294593,0.1875,0.9797838926315308,1.1512070894241333,288.78330124123033,1.7729556999984195,1.0583881000056865,0.6189120000053663,545.70166015625,3874.0,0
1,635,0.7094126393703971,0.0070624351501464,0.203125,0.9054768681526184,0.6825768947601318,255.2060921272075,2.0062217000086093,1.1258814000029815,0.8094997000007425,883.29931640625,3874.0,0
1,636,0.6403905906363353,0.014795146882534,0.21875,0.908783495426178,1.5115735530853271,461.33449291776606,1.1098237999976843,0.7832633000070928,0.313509100000374,106.669921875,3874.0,0
1,637,0.7194514251393117,0.0131482109427452,0.09375,0.8698476552963257,1.4121705293655396,298.30604697134163,1.7163581000058912,0.936704000007012,0.7490224000066519,824.58203125,3874.0,0
1,638,0.5902570876764069,0.0076388493180274,0.203125,0.8958802223205566,0.7696617245674133,488.1758470386517,1.048802400007844,0.7830242000054568,0.2439077000017278,81.2421875,3874.0,0
1,639,0.6841489865622717,0.0513741597533226,0.1875,0.9630758166313172,1.399075984954834,391.6201547629295,1.30738929999643,0.8179461000108859,0.4202292000118177,336.01806640625,3874.0,0
1,640,0.6034552309231361,0.0326694324612617,0.078125,0.8729932904243469,1.5382353067398071,497.0767132120092,1.0300220999924932,0.7473780000000261,0.2758485999947879,81.2421875,3874.0,0
1,641,0.6359860207093453,0.0062387213110923,0.046875,0.9341608285903932,1.1314314603805542,452.76618472837725,1.130826500011608,0.7794092999974964,0.3203266000055009,119.060546875,3874.0,0
1,642,0.7320426827116876,0.0356379523873329,0.234375,0.818056583404541,0.4678697884082794,350.182874799872,1.4620931999961613,0.8847196999995504,0.5562924000114435,532.89697265625,3874.0,0
1,643,0.6116737939359517,0.0515164509415626,0.1875,0.9267517924308776,0.6927446126937866,486.10328498254967,1.0532741000060923,0.7208317999902647,0.3120877000037581,79.75341796875,3874.0,0
1,644,0.7455677485780109,0.0085454732179641,0.15625,0.8160077929496765,0.9942081570625304,293.10727892445595,1.7468006999988577,0.9546321999951032,0.7322663999948418,811.30224609375,3874.0,0
1,645,0.7012918338143996,0.011941373348236,0.171875,0.8601081371307373,1.4069747924804688,424.3810212183293,1.206462999994983,0.8288346999906935,0.3495264999946812,222.76025390625,3874.0,0
1,646,0.6585080520960347,0.0099238976836204,0.109375,0.8349186778068542,1.3981726169586182,459.20596292892776,1.114968100009719,0.7888617999997223,0.2960651999892434,104.47607421875,3874.0,0
1,647,0.6335758531934652,0.0219575464725494,0.21875,0.9318528175354004,0.9514971375465392,458.77351023461154,1.116019100008998,0.7793051000044215,0.3071213000075659,101.53857421875,3874.0,0
1,648,0.6169479195616945,0.0345889143645763,0.15625,0.9422239065170288,1.1822868585586548,452.1734707031668,1.1323087999917334,0.8170615999988513,0.2914566999970702,104.765625,3874.0,0
1,649,0.6631907975144982,0.0286990031599998,0.21875,0.9703186750411988,1.6264711618423462,468.6320839946735,1.092541500009247,0.7453292999998666,0.3311947000038344,172.185546875,3874.0,0
1,650,0.6984490151776269,0.0143006071448326,0.09375,0.9488174319267272,1.146732211112976,364.5966667169925,1.4042915000027278,0.8539315999951214,0.5216407999978401,532.625,3874.0,0
1,651,0.7032595462400235,0.0453595742583274,0.1875,0.9063775539398192,1.190333604812622,294.3556781287376,1.73939230000542,0.9117282000079284,0.7530031000060262,871.94189453125,3874.0,0
1,652,0.6785155003991689,0.006682313978672,0.125,0.9539474844932556,0.7902247309684753,442.3175573997333,1.157539399995585,0.7591150000080233,0.3768902000010712,335.83642578125,3874.0,0
1,653,0.6757426109773109,0.038375973701477,0.34375,0.9784403443336488,0.8650836944580078,358.495693253704,1.4281901000067592,0.8098364000034053,0.5202182999928482,549.89501953125,3874.0,0
1,654,0.6578222425492506,0.0374738276004791,0.203125,0.8892900347709656,0.9507683515548706,476.0092721424027,1.0756092999945397,0.7542245999939041,0.3106798000080744,224.91357421875,3874.0,0
1,655,0.7203216786275465,0.0241793245077133,0.109375,0.9591285586357116,0.7485362887382507,303.4495936436142,1.6872654000035254,0.913392100002966,0.7266909999889322,855.10791015625,3874.0,0
1,656,0.6737174666302219,0.0401410087943077,0.390625,0.9873331785202026,1.2169870138168335,417.2559796130359,1.227064500009874,0.8002839999971911,0.3869328000000678,335.47314453125,3874.0,0
1,657,0.7152242048793223,0.0070856362581253,0.265625,0.9935146570205688,0.6346352100372314,352.0290556001048,1.454425399992033,0.8329137999971863,0.5560656000016024,553.7216796875,3874.0,0
1,658,0.6110249071390134,0.0105055645108222,0.1875,0.8800390362739563,1.1620562076568604,514.8200814371183,0.9945222000096692,0.7298212000023341,0.2492129000020213,81.2421875,3874.0,0
1,659,0.6993055018610128,0.0038567930459976,0.125,0.9714863300323486,1.2466427087783811,476.1956137150907,1.0751884000055725,0.7370678000006592,0.3269822000002023,228.572265625,3874.0,0
1,660,0.6161447981645186,0.0158252269029617,0.390625,0.9331112504005432,0.6155410408973694,502.5979503969843,1.0187069000094198,0.7539212999981828,0.24319110000215,88.3779296875,3874.0,0
1,661,0.6824602132006395,0.0246021971106529,0.203125,0.9778181910514832,1.58038330078125,490.3985330943538,1.0440488000022017,0.7224197000032291,0.2961630000063451,174.177734375,3874.0,0
1,662,0.7462336047361494,0.0133805871009826,0.25,0.9062593579292296,1.2136051654815674,302.2993883410167,1.6936851999926148,0.8951230000093346,0.7377379000099609,871.73095703125,3874.0,0
1,663,0.7640090389731343,0.0074561387300491,0.203125,0.9416237473487854,0.6009120941162109,280.1137458761864,1.8278289000008956,0.8972597999963909,0.8683001000026707,1029.6220703125,3874.0,0
1,664,0.7223466138822526,0.0029455199837684,0.078125,0.964208960533142,0.9583256244659424,373.1212488830675,1.372208100001444,0.8352978999901097,0.5163530999998329,534.55126953125,3874.0,0
1,665,0.6895331335753759,0.0048335120081901,0.203125,0.8976244330406189,1.1398078203201294,472.2010536124159,1.0842839000106324,0.7624619999987772,0.3064867999928538,176.75048828125,3874.0,0
1,666,0.7155323821383034,0.0130392611026763,0.265625,0.9710585474967957,1.2945631742477417,386.5319582652575,1.3245994000026258,0.8738052999979118,0.4097466999955941,338.392578125,3874.0,0
1,667,0.7654784083297026,0.0072753801941871,0.296875,0.9597455859184264,1.2710915803909302,270.63868403646285,1.891821199998958,0.953698400000576,0.86703920000582,1028.55517578125,3874.0,0
1,668,0.7652993885505882,0.0149622485041618,0.078125,0.9653210639953612,0.8730528354644775,270.88162710952673,1.890124500001548,0.9311555999884148,0.9133136000018568,1085.5009765625,3874.0,0
1,669,0.7450440904101775,0.0007210448384284,0.203125,0.8405454754829407,1.95901620388031,364.0312392819197,1.4064727000077255,0.844760399995721,0.4997871999948984,526.64990234375,3874.0,0
1,670,0.691484672562051,0.0275785997509956,0.390625,0.958057463169098,0.919819474220276,413.6387355195516,1.2377951000089524,0.8165025000052992,0.392190099999425,344.68359375,3874.0,0
1,671,0.6706070239551344,0.0255727842450141,0.140625,0.9178922772407532,0.9368685483932496,473.5531655934677,1.081187999996473,0.7504814000130864,0.2991165999992518,99.90087890625,3874.0,0
1,672,0.6825834740653305,0.0159608200192451,0.171875,0.9191401600837708,0.9677470326423644,495.785340438442,1.0327050000050804,0.7352444999996806,0.2762615000101505,107.109375,3874.0,0
1,673,0.6625357207540844,0.0143312662839889,0.171875,0.9749205708503724,1.273585557937622,452.86590259992994,1.130577500007348,0.7893234999937704,0.3071821000048658,172.7109375,3874.0,0
1,674,0.7622989492933958,0.0124592781066894,0.0625,0.8891510963439941,0.7199509143829346,260.60467614432184,1.964661599995452,0.9909869999974036,0.9352156999957516,1045.8916015625,3874.0,0
1,675,0.7752981764967948,0.0313300788402557,0.359375,0.9095169305801392,1.4428393840789795,265.8387589281283,1.925979499996174,0.9824667999928351,0.9058829999994488,1014.802734375,3874.0,0
1,676,0.7518758486662935,0.0126391500234603,0.125,0.9341405630111694,0.6202461123466492,374.2585824177841,1.3680381000012858,0.8121332000009716,0.5173699000006309,503.5634765625,3874.0,0
1,677,0.6753326574728189,0.0084131434559822,0.09375,0.9634385704994202,0.988822877407074,451.7488946693605,1.1333730000042124,0.8098915000009583,0.2993675000034272,172.7978515625,3874.0,0
1,678,0.6381571820357971,0.024645522236824,0.25,0.9125235676765442,1.4610466957092283,492.61420254193536,1.0393529000139097,0.7616887999902247,0.2598744999995688,82.7109375,3874.0,0
1,679,0.6922964746274491,0.0290351212024688,0.1875,0.9766138195991516,0.7332234978675842,469.38268109644525,1.0907944000064165,0.7560339000046952,0.3068127999868011,171.388671875,3874.0,0
1,680,0.681533421571635,0.0567210987210273,0.15625,0.9647948145866394,0.7989017367362976,469.6401061669717,1.0901964999939082,0.7516811000095913,0.3063496000104351,125.21435546875,3874.0,0
1,681,0.7657918170996344,0.0100000649690628,0.1875,0.8732417225837708,1.401667237281799,261.2850386047936,1.959545799996704,0.9965899999951944,0.9090544999926352,1075.40966796875,3874.0,0
1,682,0.6488130013198952,0.0039815530180931,0.1875,0.9270386099815368,0.8045974373817444,486.70617225368966,1.051969399995869,0.75601800000004,0.2695502999995369,91.13916015625,3874.0,0
1,683,0.7431102345794102,0.0282704830169677,0.125,0.918267011642456,1.189477801322937,299.80790042894176,1.7077602000063052,0.9023683999985224,0.7456216999999015,845.79736328125,3874.0,0
1,684,0.7246879660784176,0.0189264714717865,0.21875,0.922120213508606,1.0775938034057615,408.94647082261207,1.2519976000039603,0.8191182000009576,0.3766864000062924,308.29150390625,3874.0,0
1,685,0.7430630104229046,0.0225914344191551,0.109375,0.944369614124298,1.197682499885559,263.9634472500738,1.9396624999935737,1.0114517999900272,0.8742740000016056,1036.44970703125,3874.0,0
1,686,0.6640559885399143,0.0089682638645172,0.234375,0.8278027772903442,1.1745541095733645,505.47442625753786,1.0129097999888472,0.7284216999978526,0.2617749999917578,89.62744140625,3874.0,0
1,687,0.7293031324737488,0.0263333842158317,0.453125,0.9404632449150084,0.7597460150718689,297.7144196521604,1.7197689000022365,0.9056816999946022,0.7615835999895353,841.34375,3874.0,0
1,688,0.6627407247280297,0.039637342095375,0.203125,0.8615185022354126,0.9851714372634888,472.1821974006869,1.084327200005646,0.770312600012403,0.2826753000117605,122.42822265625,3874.0,0
1,689,0.728422869519215,0.0036778450012207,0.328125,0.9861592054367064,1.3751338720321655,347.8797341715573,1.4717729999974836,0.871949799999129,0.5230229000007967,530.52734375,3874.0,0
1,690,0.662361015084754,0.025616280734539,0.03125,0.9190590381622314,1.1222152709960938,496.4439776031325,1.0313349000061862,0.725987099998747,0.2796251999970991,123.33447265625,3874.0,0
1,691,0.6228214855713168,0.01039719581604,0.21875,0.9469512701034546,1.2251001596450806,514.6266027152553,0.9948961000045528,0.7324175000103423,0.2416928000020561,81.2421875,3874.0,0
1,692,0.7387173226572269,0.0007411688566207,0.03125,0.907281458377838,1.4020445346832275,267.80611193322073,1.9118308999895817,0.9521874000056414,0.9057808000070507,1052.95068359375,3874.0,0
1,693,0.6442576731180006,0.0259022191166877,0.1875,0.9165971875190736,1.9479706287384035,503.4526329265802,1.0169774999958463,0.7311789999948815,0.272566600004211,90.1796875,3874.0,0
1,694,0.6962333290814461,0.0014300346374511,0.125,0.9592766761779784,0.9625591039657592,456.2125501413464,1.122283899996546,0.7623695000074804,0.3481005999929039,224.40185546875,3874.0,0
1,695,0.6921261859359056,0.002962127327919,0.03125,0.9808620810508728,1.5492355823516846,419.9962856609841,1.2190583999908997,0.8052926999953343,0.3781043000053614,318.30859375,3874.0,0
1,696,0.5918988641038813,0.0271443128585815,0.265625,0.946248471736908,0.7505243420600891,500.96234671098114,1.0220329000003403,0.7504733000096167,0.2583623000100488,82.7109375,3874.0,0
1,697,0.6967491458221964,0.0217975676059722,0.46875,0.9146773219108582,1.8355393409729004,300.8927817950487,1.7016027999925427,0.919984399995883,0.7491338999971049,854.94775390625,3874.0,0
1,698,0.6859384105807863,0.0165799483656883,0.1875,0.9770025610923768,0.8276585936546326,361.9666126827516,1.414495099990745,0.8497894000029191,0.5127075000054901,538.09326171875,3874.0,0
1,699,0.6296375053924371,0.0028998032212257,0.34375,0.916634440422058,1.3318403959274292,499.701447901137,1.0246118000068236,0.7311126999993576,0.2868446000065887,101.759765625,3874.0,0
1,700,0.5891845920414159,0.0165114030241966,0.265625,0.9386953115463256,1.161068558692932,510.41383795645936,1.0031076000013854,0.7240533000003779,0.264047099990421,79.75341796875,3874.0,0
1,701,0.6725285168252145,0.0104182511568069,0.0625,0.8365982174873352,1.1303555965423584,313.78028638658634,1.6317149999958929,0.8701412999944296,0.7303837999934331,831.712890625,3874.0,0
1,702,0.6736953285983475,0.0629132986068725,0.1875,0.9442899227142334,0.5803858637809753,293.0058474115701,1.7474054000049364,0.901882400008617,0.7616635000013048,872.513671875,3874.0,0
1,703,0.6653054156082002,0.0037988200783729,0.078125,0.9451606869697572,1.130817413330078,478.1974645501237,1.0706873999879465,0.7522580000077141,0.3005906999896979,126.603515625,3874.0,0
1,704,0.7025108477283454,0.0217103064060211,0.125,0.9827463626861572,0.6482238173484802,333.99098680998145,1.5329754999984289,0.9145266999985324,0.5697407999978168,529.349609375,3874.0,0
1,705,0.6304207710095471,0.0187908038496971,0.03125,0.863736093044281,1.3153856992721558,459.40035871037975,1.114496299996972,0.8129027999966638,0.2796377000049688,79.75341796875,3874.0,0
1,706,0.7007332762269357,0.0202169343829154,0.1875,0.9849291443824768,1.318528413772583,425.9016054174373,1.2021555999963311,0.7722413999872515,0.415194800007157,323.51025390625,3874.0,0
1,707,0.64762871689627,0.0554473027586936,0.140625,0.955660879611969,1.6234532594680786,491.92436969846847,1.0408104000089224,0.7563635000115028,0.2691278999991482,126.609375,3874.0,0
1,708,0.6764401130816298,0.0049900114536285,0.109375,0.9885099530220032,1.4678791761398315,487.1555075547155,1.050999099999899,0.7156751000002259,0.3073739000101341,174.380859375,3874.0,0
1,709,0.6845860896608551,0.0077373534440994,0.078125,0.9698463678359984,1.6163066625595093,464.2115136261959,1.1029454999952577,0.7546247999998741,0.3142971999914152,229.357421875,3874.0,0
1,710,0.7495357287676524,0.0087435916066169,0.140625,0.936650574207306,0.7995030879974365,304.8582799012892,1.67946889999439,0.923091000004206,0.7254901999986032,846.03271484375,3874.0,0
1,711,0.7099904866596729,0.0293062329292297,0.203125,0.9533125758171082,0.8641584515571594,478.8162166810973,1.0693038000026718,0.7757859999983339,0.2846189999982016,179.92236328125,3874.0,0
1,712,0.6334823463424886,0.0430751144886016,0.125,0.905421793460846,0.9324927926063538,498.54618285588737,1.0269860999978846,0.732106900002691,0.2595952999981818,77.61181640625,3874.0,0
1,713,0.7270986355199752,0.025676280260086,0.09375,0.8335263729095459,1.3316487073898315,279.3204199636133,1.8330203000077745,0.9391969999996944,0.7688250999926822,882.37939453125,3874.0,0
1,714,0.6582369632446003,0.0103232860565185,0.328125,0.9599870443344116,0.8483500480651855,484.8651520894943,1.055963699996937,0.759305100000347,0.2899114999891026,104.5859375,3874.0,0
1,715,0.6828525670371791,0.0002750754356384,0.140625,0.9806514978408812,1.308753490447998,492.2615901197292,1.0400973999931011,0.7224580999900354,0.281073699996341,123.27197265625,3874.0,0
1,716,0.6733148724106005,0.0212668031454086,0.140625,0.978540539741516,1.175930142402649,503.3889778066947,1.0171061000000918,0.7126553999987664,0.2621014000033028,99.62353515625,3874.0,0
1,717,0.6528378129431074,0.0047619938850402,0.109375,0.9581125378608704,0.8896015882492065,509.39764027366033,1.0051087000028929,0.6705222999880789,0.3218884000089019,99.48876953125,3874.0,0
1,718,0.6910184822628538,0.0234031677246093,0.375,0.9834553599357604,1.0312970876693726,503.8426365627167,1.0161902999971062,0.7114644999965094,0.2879237000015564,169.50732421875,3874.0,0
1,719,0.7000625682178033,0.014337845146656,0.140625,0.9892875552177428,0.6042956113815308,442.3464092476456,1.157463900002767,0.7426718999922741,0.3752309999981662,317.62451171875,3874.0,0
1,720,0.707319748803306,0.0054754614830017,0.09375,0.9289363026618958,1.148163676261902,426.9006082015059,1.1993423999956576,0.7608640999969793,0.382800599996699,328.58935546875,3874.0,0
1,721,0.7276975828879884,0.0282845124602317,0.140625,0.9637780785560608,1.0513546466827393,370.58866489402567,1.381585700000869,0.841048000002047,0.5199468999926466,546.087890625,3874.0,0
1,722,0.6711999778256211,0.0176310092210769,0.1875,0.9234097003936768,0.7140953540802002,522.205408070103,0.9804570999986026,0.710642399993958,0.262931799996295,107.8828125,3874.0,0
1,723,0.7191152734652961,0.0063108801841735,0.09375,0.971966028213501,0.9088922142982484,426.8832743538397,1.1993911000026856,0.7751778999954695,0.3986691000027349,321.32958984375,3874.0,0
1,724,0.6582204044331703,0.0267336666584014,0.25,0.9701956510543824,1.2005996704101562,476.7619520119664,1.073911200001021,0.7551720000046771,0.2912469000002602,101.53857421875,3874.0,0
1,725,0.6949514176449874,0.0291172340512275,0.234375,0.96925288438797,1.1856486797332764,431.7791840778692,1.1857912999985274,0.7803298000071663,0.395122200003243,221.60009765625,3874.0,0
1,726,0.6739277925534066,0.0146171227097511,0.328125,0.9748116135597228,1.6063309907913208,478.3440923420128,1.070359199991799,0.7656301000097301,0.2786398999887751,122.98291015625,3874.0,0
1,727,0.7367678718438944,0.0086225420236587,0.140625,0.9506388306617736,1.3812304735183716,368.2580810161655,1.3903293000039412,0.832863500007079,0.5367980000009993,537.5087890625,3874.0,0
1,728,0.6988290081050539,0.0206432715058326,0.09375,0.9494436979293824,1.338425636291504,488.9814897562092,1.0470744000049308,0.7579960000002757,0.2823156999947969,100.48681640625,3874.0,0
1,729,0.7507753169012068,0.0063248798251152,0.203125,0.8833060264587402,0.638700544834137,321.6807618758553,1.5916400999994949,0.8321119000029285,0.7286307000031229,826.98193359375,3874.0,0
1,730,0.7816448333965809,0.0201534554362297,0.171875,0.9356478452682496,0.5445098876953125,270.825803415123,1.890514099999564,0.9423435000062454,0.9098479000094812,1099.5927734375,3874.0,0
1,731,0.6845101487390424,0.007370226085186,0.203125,0.8919851779937744,0.7829991579055786,504.9378882060044,1.0139860999915982,0.7054194999946048,0.2845343999942997,94.18603515625,3874.0,0
1,732,0.7533075116305488,0.0163519233465194,0.15625,0.9721660614013672,1.0691382884979248,429.5277149806215,1.192006900004344,0.7831800999992993,0.3941822000051616,323.51025390625,3874.0,0
1,733,0.7502917141888883,0.005075417459011,0.296875,0.9907044768333436,1.0627117156982422,432.17243544962986,1.1847123000043212,0.7667566000018269,0.3833521000051405,325.15380859375,3874.0,0
1,734,0.7333616520196808,0.0413926839828491,0.265625,0.9622503519058228,1.1966897249221802,488.81184161626913,1.0474378000071738,0.7131058000086341,0.2915843000082532,167.9619140625,3874.0,0
1,735,0.7015565677845,0.012625053524971,0.296875,0.9533188939094543,1.395716667175293,504.14516623949817,1.015580499995849,0.7028310999885434,0.2893853999994462,123.33447265625,3874.0,0
1,736,0.7037833660693814,0.0173257812857627,0.265625,0.9838683009147644,1.0249230861663818,462.9847742220727,1.1058678999979747,0.7580089999974007,0.3371268999908352,228.431640625,3874.0,0
1,737,0.6692839945842229,0.0115460529923439,0.1875,0.9567055702209472,0.6843973994255066,511.4048270624534,1.001163799999631,0.7001630000013392,0.2785390000062762,81.2421875,3874.0,0
1,738,0.7157740913279586,0.0117136090993881,0.5,0.7920219898223877,0.9472223520278932,276.16098049273694,1.8539910999970743,0.9214234999963082,0.8726031000114745,1029.3232421875,3874.0,0
1,739,0.7003386020596121,0.0259873420000076,0.203125,0.8347026109695435,1.3306567668914795,273.4789416408923,1.872173399999156,0.9332885000039824,0.8630159000022104,1048.4365234375,3874.0,0
1,740,0.7307910627695797,0.0109300389885902,0.15625,0.900866448879242,0.5926704406738281,270.105133146828,1.8955582000053253,0.9461601999937556,0.880524799998966,1051.33837890625,3874.0,0
1,741,0.6562492289744309,0.0217218920588493,0.25,0.8498033285140991,0.6455056071281433,512.8037172669057,0.998432699998375,0.7184874999948079,0.2732591999956639,90.14794921875,3874.0,0
1,742,0.7019149373605753,0.0138421580195426,0.125,0.97939795255661,0.9226423501968384,340.31843569533754,1.5044732999958796,0.8508006000047317,0.5837015000142856,555.6123046875,3874.0,0
1,743,0.732112933427202,0.0027030631899833,0.3125,0.9843077063560486,0.9531158208847046,339.00935639136327,1.5102828000090085,0.9257118999958038,0.5625297999940813,560.759765625,3874.0,0
1,744,0.690757511621913,0.0014673396944999,0.09375,0.8913679718971252,1.158743143081665,440.5849281250792,1.1620914999948582,0.826423699996667,0.3269635000033304,177.53662109375,3874.0,0
1,745,0.7423421367631974,0.0280545949935913,0.296875,0.8876509070396423,1.7245347499847412,261.20909711721964,1.96011549999821,1.01732610000181,0.9038319999963278,1017.95361328125,3874.0,0
1,746,0.6734670966738929,0.0580616146326065,0.234375,0.8819640874862671,0.8613490462303162,484.5123085580533,1.0567326999880606,0.762283700008993,0.2881372999981977,89.18212890625,3874.0,0
1,747,0.7447486925413864,0.0360002070665359,0.046875,0.9540534019470216,1.1735283136367798,340.3851564402118,1.5041784000059124,0.8854901000013342,0.5325591999862809,521.63818359375,3874.0,0
1,748,0.7161745655969983,0.0066253170371055,0.140625,0.9360707998275756,0.6400511860847473,473.5001743252853,1.081309000001056,0.7609325000084937,0.2955248999933246,121.11962890625,3874.0,0
1,749,0.7295963276056927,0.0109461769461631,0.203125,0.9471617341041564,1.2217289209365845,473.4319600626628,1.0814647999941371,0.7715199999947799,0.286711099994136,101.53857421875,3874.0,0
1,750,0.766869601237494,0.0159894675016403,0.203125,0.918346643447876,0.941239058971405,356.47953069423033,1.4362676000018837,0.8807898000086425,0.5352786000003107,534.75390625,3874.0,0
1,751,0.7800806967521149,0.005112811923027,0.15625,0.9315438866615297,0.5365196466445923,264.7354491421447,1.934006199997384,0.9622440000093776,0.9109492999996291,1082.97900390625,3874.0,0
1,752,0.7221834486943867,0.0379186496138572,0.234375,0.9561375379562378,1.387588381767273,480.5407735551046,1.0654663000022992,0.7403420999908121,0.3011692000000039,183.294921875,3874.0,0
1,753,0.8054098349283224,0.0171350017189979,0.140625,0.9636031985282898,0.5721394419670105,271.4295052253568,1.8863092999963555,0.9217305000056512,0.8776930000021821,1074.7724609375,3874.0,0
1,754,0.7728278321784531,0.0098913088440895,0.265625,0.9386443495750428,1.085612177848816,369.1750113785919,1.3868761000048837,0.8243692000105511,0.5225945000129286,561.92724609375,3874.0,0
1,755,0.7682111275003018,0.0345963984727859,0.046875,0.986987829208374,0.8188732266426086,363.26051284436966,1.4094568000000436,0.8373706999991555,0.5305067999870516,548.73876953125,3874.0,0
1,756,0.6937419776360726,0.0545312017202377,0.25,0.8618814945220947,0.8781542181968689,492.9484304680653,1.038648200003081,0.727356499992311,0.2887766000058036,102.12255859375,3874.0,0
1,757,0.7587838317244364,0.0129566192626953,0.15625,0.993447244167328,1.0268484354019165,441.100314395094,1.1607337000023108,0.760326100004022,0.3840918999921996,333.44189453125,3874.0,0
1,758,0.6840081171934373,0.0269796550273895,0.296875,0.956263303756714,1.0563256740570068,520.402100068772,0.9838545999955386,0.7072043000080157,0.2537326000019675,105.0517578125,3874.0,0
1,759,0.7704427124798785,0.0192935988306999,0.171875,0.9314237833023072,0.5447548627853394,304.7647528602788,1.6799843000044348,0.8909936999989441,0.7335796000115806,832.1416015625,3874.0,0
1,760,0.7447939817866734,0.0082938447594642,0.21875,0.9836305975914,1.0887157917022705,483.0843121786253,1.059856399995624,0.7360763999895426,0.3126750999945216,224.10693359375,3874.0,0
1,761,0.7183903457623463,0.0176990553736686,0.203125,0.9826968908309937,1.7084336280822754,483.0795263119068,1.0598668999882648,0.736175899990485,0.2874643999966793,177.68603515625,3874.0,0
1,762,0.669739645282057,0.0363489538431167,0.234375,0.8568658828735352,0.8029152154922485,503.26003396543086,1.0173667000053683,0.7313633000012487,0.2610060000006342,82.7109375,3874.0,0
1,763,0.7367471978117232,0.0003507286310195,0.265625,0.9747604131698608,1.0393787622451782,467.30285569639966,1.095649199996842,0.7399523000058252,0.3245104999950854,220.36767578125,3874.0,0
1,764,0.706491243534953,0.0341740027070045,0.265625,0.9744632244110109,0.9686380624771118,501.4606510542451,1.0210173000086795,0.7223729999968782,0.2793136999971466,167.38916015625,3874.0,0
1,765,0.6768071655044762,0.0294010117650032,0.140625,0.9424809217453004,0.8351014852523804,515.7481480896918,0.9927326000033644,0.7227201999921817,0.2640436999936355,84.19921875,3874.0,0
1,766,0.7581736636159385,0.0188216865062713,0.0625,0.9268220067024232,0.6002752184867859,345.1203388099695,1.4835405000048922,0.9124107000097864,0.5501823000086006,555.6123046875,3874.0,0
1,767,0.6809150113621878,0.021395593881607,0.140625,0.9184151887893676,1.0843243598937988,509.2526836230969,1.005394799998612,0.7403752999962308,0.2374069000070449,78.62158203125,3874.0,0
1,768,0.7772564204504196,0.0292776823043823,0.265625,0.9598004817962646,0.9771709442138672,350.85964038247937,1.459273000000394,0.8889579999959096,0.5495862999960082,560.9287109375,3874.0,0
1,769,0.6712268645961268,0.0134123787283897,0.078125,0.9594991207122804,1.061539888381958,500.1788725636667,1.0236337999958778,0.7282422999996925,0.2628716000035638,104.44140625,3874.0,0
1,770,0.6891799979678169,0.0025532394647598,0.125,0.9768401384353638,0.8604485988616943,505.3814736772968,1.0130961000104437,0.7124267000035616,0.2861571999965235,100.14306640625,3874.0,0
1,771,0.7140042133873166,0.0060890540480613,0.1875,0.9851503372192384,1.6647322177886963,394.098346473095,1.2991680999984965,0.8217226999986451,0.4060169000003952,336.46728515625,3874.0,0
1,772,0.7272194037598266,0.0131299272179603,0.28125,0.982791304588318,1.2584388256072998,439.81421628893406,1.1641279000032227,0.7979572999902302,0.3260758999967947,232.6728515625,3874.0,0
1,773,0.6508464661172111,0.0019044652581214,0.359375,0.9554435014724731,0.996176540851593,485.1958869471249,1.0552438999875449,0.7599310999939917,0.269595500009018,82.7109375,3874.0,0
1,774,0.723310199585339,0.0238896608352661,0.28125,0.9778755307197572,1.0336743593215942,473.7142705383711,1.0808203000051435,0.7526046999992104,0.2987635000026785,100.14306640625,3874.0,0
1,775,0.7512901746814435,0.0199875831604003,0.09375,0.9711627960205078,1.0010216236114502,363.9386291434248,1.4068305999971926,0.8416940000024624,0.5221784999885131,536.37548828125,3874.0,0
1,776,0.6937474908043831,0.0001979917287826,0.21875,0.9876104593276978,0.9247732162475586,472.1324729939356,1.084441400002106,0.7581195999955526,0.3166662000003271,176.18408203125,3874.0,0
1,777,0.6820691352189601,0.0179862678050994,0.140625,0.9620461463928224,0.7364171743392944,524.7024696217575,0.9757910999906017,0.7003684999945108,0.2693257999926572,81.2421875,3874.0,0
1,778,0.680928660425308,0.0111970901489257,0.15625,0.9659046530723572,1.037263035774231,519.2400759163813,0.9860564000118756,0.6812031000008574,0.2756792000000132,98.75244140625,3874.0,0
1,779,0.7162375072728986,0.0044176951050758,0.125,0.9849912524223328,0.925005316734314,494.9586240696681,1.0344298999989403,0.7351115999917965,0.2914613000029931,123.24462890625,3874.0,0
1,780,0.7401902325488684,0.0199922025203704,0.046875,0.9730257391929626,0.7842047214508057,366.2624497928276,1.3979047000029825,0.8563711999886436,0.520054100008565,513.63330078125,3874.0,0
1,781,0.768764708343885,0.0100286453962326,0.046875,0.7852500677108765,0.6355863213539124,270.7328198087389,1.8911633999960031,0.9744610000052488,0.8442164000007324,1041.30126953125,3874.0,0
1,782,0.7460455854913257,0.0157619565725326,0.140625,0.909866452217102,0.8669372200965881,347.08875913442296,1.475127000012435,0.9073552999907406,0.5225360000040382,526.24755859375,3874.0,0
1,783,0.7405262424041859,0.0241322964429855,0.21875,0.931953191757202,1.464747428894043,416.0930488069944,1.230494000003091,0.8006202000105986,0.404692399999476,328.63525390625,3874.0,0
1,784,0.7116463774090884,0.0141007900238037,0.296875,0.9289856553077698,1.0444586277008057,513.0100141173034,0.998031199997058,0.7148317999963183,0.2594416999927489,104.65380859375,3874.0,0
1,785,0.7087000664320049,0.0026407390832901,0.0625,0.9775282740592957,1.248193621635437,418.2657981090648,1.224102000007406,0.782857399986824,0.3878890000050887,321.2734375,3874.0,0
1,786,0.7289941489183066,0.0217327326536178,0.265625,0.9694393873214722,0.8462722301483154,477.1779843116938,1.0729749000020092,0.7601463999890257,0.3035111000062898,174.9296875,3874.0,0
1,787,0.7658792150612973,0.0183967798948287,0.21875,0.9018036127090454,0.7023844718933105,267.2713402333302,1.9156561999989208,0.9396086000051582,0.9339278999977978,1093.1484375,3874.0,0
1,788,0.6932627029037195,0.029140405356884,0.234375,0.950301229953766,0.7137205004692078,482.02426088144745,1.0621872000047006,0.7647850999928778,0.2795304000028409,101.53857421875,3874.0,0
1,789,0.7070203905308506,0.0008299648761749,0.203125,0.9752162098884584,0.9844487309455872,488.52230209037606,1.0480586000048788,0.7072648000030313,0.3206000999925891,99.06494140625,3874.0,0
1,790,0.7296637155058986,0.0059865787625312,0.125,0.981753706932068,1.0958770513534546,433.13151547480913,1.1820890000090003,0.8257810999930371,0.345467400009511,222.71142578125,3874.0,0
1,791,0.6720475783565016,0.0017757341265678,0.125,0.952805519104004,0.9293047189712524,453.2148200180656,1.1297071000008143,0.8197401999932481,0.2968670999980531,81.2421875,3874.0,0
1,792,0.6876658145919738,0.0036740377545356,0.03125,0.9853299856185912,1.3455966711044312,458.3745340721821,1.116990499998792,0.7886124999931781,0.2996467999910237,174.177734375,3874.0,0
1,793,0.7342644382430998,0.0434627756476402,0.09375,0.9841631054878236,0.8902369737625122,433.1664373520492,1.181993699996383,0.7746693999943091,0.3920983999996679,340.17626953125,3874.0,0
1,794,0.6912142609435037,0.0150134712457656,0.09375,0.9726676940917968,0.6760281920433044,458.7920507107444,1.1159740000002785,0.7722540999966441,0.3099949000024935,171.1796875,3874.0,0
1,795,0.6716203163531194,0.0539208278059959,0.234375,0.9742735624313354,0.7259169220924377,520.8798026144233,0.9829522999934852,0.7230391999910353,0.2537355000094976,81.2421875,3874.0,0
1,796,0.7465042878918647,0.0309610366821289,0.046875,0.8464642763137817,0.5785236358642578,295.8337991829327,1.7307015000114916,0.9039857999887316,0.7729230999975698,856.294921875,3874.0,0
1,797,0.7237474689720622,0.0528700873255729,0.453125,0.9527164697647096,0.9047027826309204,464.5930210521106,1.1020397999964189,0.761376399997971,0.3220025999908102,223.55810546875,3874.0,0
1,798,0.6953230283233949,0.0328220054507255,0.234375,0.9705774784088136,0.95923513174057,496.89431348869306,1.0304002000048058,0.7198618999973405,0.287547200001427,102.01708984375,3874.0,0
1,799,0.7261364846042592,0.0373373702168464,0.171875,0.9846993684768676,0.9599275588989258,477.8669215244752,1.0714280000102008,0.7282825000002049,0.3236976999905891,212.81884765625,3874.0,0
1,800,0.7353686978653745,0.0177343189716339,0.078125,0.9804354906082152,1.0266711711883545,461.72693991674254,1.108880500003579,0.7664763000066159,0.3146241999929771,220.45361328125,3874.0,0
1,801,0.6999187964125343,0.0554902851581573,0.1875,0.9511737823486328,1.14070725440979,503.02631239737855,1.0178394000104165,0.7555722000106471,0.2557816000044113,105.39599609375,3874.0,0
1,802,0.7214437432216165,0.0161625519394874,0.15625,0.9651393294334412,1.569272756576538,345.2840737073052,1.482836999988649,0.8618083000037586,0.5495197999989614,559.9814453125,3874.0,0
1,803,0.716860414883099,0.0169902220368385,0.171875,0.9541720747947692,0.964801549911499,405.015003351062,1.264150700008031,0.7745550999970874,0.4017138999915914,325.26513671875,3874.0,0
1,804,0.7501928961303274,0.0127200409770011,0.34375,0.9831711649894714,1.2981371879577637,357.1621403117025,1.4335225999966497,0.8427028000005521,0.5533277000067756,556.00927734375,3874.0,0
1,805,0.7532157085802235,0.0109223574399948,0.375,0.9938827157020568,1.072047233581543,355.1134146960453,1.441792899990105,0.8685026000021026,0.5211017000110587,540.4384765625,3874.0,0
1,806,0.719379255422736,0.002517431974411,0.203125,0.931293487548828,1.9300905466079712,445.4878605413595,1.149301800003741,0.7720733000023756,0.3131035000114934,227.607421875,3874.0,0
1,807,0.7277344432020878,0.0240012779831886,0.15625,0.978834331035614,1.17289936542511,419.363864336452,1.2208967999904417,0.7940270000108285,0.3791614000074332,330.095703125,3874.0,0
1,808,0.6953038126407042,0.0223661735653877,0.25,0.9598718881607056,1.080188870429993,481.23195379905286,1.063936000005924,0.7518017999973381,0.2942850999970687,121.03759765625,3874.0,0
1,809,0.7324821989008518,0.0329978540539741,0.0625,0.9485423564910888,1.572933554649353,474.66067556074825,1.0786652999959188,0.7450582000019494,0.3245562999945832,168.544921875,3874.0,0
1,810,0.7195809231704677,0.0090726837515831,0.140625,0.9795685410499572,0.7535990476608276,458.37765287221407,1.1169828999991296,0.7589327000023331,0.3343282999994699,230.78515625,3874.0,0
1,811,0.7324587609329736,0.0160009413957595,0.09375,0.8983056545257568,0.8627594709396362,264.76878471098746,1.9337627000059,0.9561411000031512,0.8860893999953987,1067.3583984375,3874.0,0
1,812,0.7161006731162567,0.0262958034873008,0.109375,0.954335391521454,0.545026957988739,299.94004714048805,1.7070077999960631,0.8897171999997227,0.7153856999939308,850.63037109375,3874.0,0
1,813,0.739743796786302,0.0098744854331016,0.171875,0.96957665681839,1.2113538980484009,365.8969728463426,1.3993009999976491,0.8031908999982988,0.5276286000007531,543.6708984375,3874.0,0
1,814,0.7062176361727703,0.0367079377174377,0.265625,0.9378206133842468,0.9713125824928284,489.880428990236,1.045152999999118,0.7549293000047328,0.2771741999895312,99.9130859375,3874.0,0
1,815,0.6823403396702772,0.0567807108163833,0.171875,0.9628698825836182,0.7342442274093628,480.8513172032447,1.0647782000014558,0.7761637000076007,0.2655219999869587,101.53857421875,3874.0,0
1,816,0.7005640076109347,0.0355142056941986,0.328125,0.9571519494056702,0.8686109185218811,507.75380723695946,1.0083626999985429,0.7210764000046765,0.2661437999922782,101.53857421875,3874.0,0
1,817,0.7764487522030417,0.0365823730826377,0.125,0.9149174094200134,0.8361849784851074,270.3420941576234,1.893896700014011,0.941107299993746,0.9155309999914608,1085.724609375,3874.0,0
1,818,0.7719490419659836,0.0017764493823051,0.234375,0.9401822090148926,0.7234795689582825,274.1625859097867,1.867505000001984,0.9323452999960864,0.8803142000106163,1076.2431640625,3874.0,0
1,819,0.6947659431858019,0.0003545358777046,0.1875,0.8718317747116089,0.956972360610962,517.2305456198467,0.9898873999918578,0.6880248999950709,0.2720353999902727,91.75244140625,3874.0,0
1,820,0.7562411747110231,0.0081051141023635,0.21875,0.9767003655433656,0.6857761740684509,368.83226193193065,1.3881648999958998,0.8271921999985352,0.5390331999951741,541.08984375,3874.0,0
1,821,0.7609836000093108,0.0459616556763649,0.140625,0.9649429321289062,0.968346357345581,366.591145548037,1.396651300005033,0.8435803000029409,0.5165091999951983,537.91162109375,3874.0,0
1,822,0.7026017579407615,0.0006479024887084,0.078125,0.9053357839584352,0.977655827999115,487.3262805593952,1.0506307999894489,0.7215125000075204,0.3175368000083836,234.14404296875,3874.0,0
1,823,0.7486455136205558,0.0119383856654167,0.1875,0.981043815612793,1.3017817735671997,359.27610916271584,1.4250878000020748,0.8580415000033099,0.5276217000064207,553.427734375,3874.0,0
1,824,0.7555895968355443,0.0043706148862838,0.234375,0.8638372421264648,0.8398745059967041,277.0641332027887,1.8479476000065915,0.927678800013382,0.8816384000092512,1015.47705078125,3874.0,0
1,825,0.73790555651331,0.0097228810191154,0.09375,0.928766131401062,1.131181716918945,359.9489575497499,1.4224239000031955,0.9544397999998182,0.4562441000016406,219.5625,3874.0,0
1,826,0.7626854333813193,0.0156100839376449,0.0625,0.9511808753013612,1.0305460691452026,298.8392488232877,1.7132956999994349,1.0890236999985063,0.6028310999972746,550.39794921875,3874.0,0
1,827,0.7332734046259404,0.0093223303556442,0.125,0.9198246002197266,1.0309704542160034,359.84617138498555,1.4228301999974065,1.0680606000096304,0.338666200012085,121.60302734375,3874.0,0
1,828,0.7414212039696316,0.0070862248539924,0.25,0.8924456834793091,0.6850390434265137,258.6071610235098,1.9798369000054663,1.1508252000057837,0.7976563999982318,825.15576171875,3874.0,0
1,829,0.74473207021668,0.0556011795997619,0.078125,0.9680492281913756,1.022547483444214,340.11705207785974,1.5053641000122298,1.0816342000034638,0.3852284000022337,224.10693359375,3874.0,0
1,830,0.7211682554038873,0.0259842053055763,0.234375,0.8933914303779602,0.9508878588676452,341.86550397057187,1.4976649999880465,1.1451854000042658,0.329907599996659,81.2421875,3874.0,0
1,831,0.7580412469220005,0.0241520181298255,0.296875,0.9182502031326294,0.8327712416648865,268.0650447266043,1.9099841999995988,1.221461499997531,0.6214442000054987,523.001953125,3874.0,0
1,832,0.7320732233885832,0.0164000540971755,0.125,0.9534628391265868,0.705600917339325,429.153324080407,1.193046799991862,0.8781671000033384,0.3072193999978481,118.484375,3874.0,0
1,833,0.7645647432600949,0.032519981265068,0.140625,0.9165148735046388,1.7763625383377075,292.9371480444304,1.747815200011246,1.0975348000065424,0.6283376000064891,552.953125,3874.0,0
1,834,0.7338482675295409,0.0194228366017341,0.078125,0.9785869121551514,1.3971734046936035,377.5254387273229,1.3561999999947147,0.8823498999990989,0.4299672999914037,340.07568359375,3874.0,0
1,835,0.7413247298208686,0.0485569983720779,0.3125,0.952092707157135,0.6782473921775818,446.4187235030132,1.1469052999891574,0.7984616000030655,0.3200814000010723,180.08935546875,3874.0,0
1,836,0.7661001336373654,0.0005105510354042,0.125,0.9536104202270508,0.9924808144569396,297.19401829727525,1.7227802999987034,0.9145782999985386,0.764226500003133,866.1689453125,3874.0,0
1,837,0.7339565239088036,0.0308870300650596,0.296875,0.9773118495941162,0.8154643177986145,469.0262657446111,1.0916233000025386,0.7565606999996817,0.3233902000065427,224.77099609375,3874.0,0
1,838,0.7252676312302099,0.006065510213375,0.09375,0.96982079744339,0.874555766582489,454.3414768412141,1.1269057000026803,0.7859681999980239,0.3222663999913493,173.443359375,3874.0,0
1,839,0.7446615585370312,0.0182440802454948,0.1875,0.971248209476471,0.6543537974357605,322.1401988116353,1.5893701000022702,0.9780124999961116,0.5727411999978358,561.4912109375,3874.0,0
1,840,0.6857839304612225,0.0271321684122085,0.109375,0.9478206634521484,0.8094226121902466,466.3936927517567,1.0977850000053877,0.7798888999968767,0.2972039000014774,105.55712890625,3874.0,0
1,841,0.7790936370221953,0.0306508243083953,0.125,0.9568098783493042,1.1552592515945437,334.0304915036096,1.5327942000003532,0.9254791999992448,0.5438888000062434,533.80859375,3874.0,0
1,842,0.7370034871760847,0.0057402476668357,0.125,0.9357550740242004,1.0192466974258425,290.4723755942546,1.7626461000036215,0.982077799999388,0.7399461000022711,831.38671875,3874.0,0
1,843,0.7285899306159163,0.0084190294146537,0.265625,0.9684105515480042,0.9845119118690492,338.44656463935047,1.5127942000108303,0.9212884000007762,0.5696594999899389,546.70556640625,3874.0,0
1,844,0.7229575679788304,0.0046331137418746,0.3125,0.9412813186645508,1.1109285354614258,450.6501156064887,1.136136399989482,0.8048500999866519,0.3088360999972792,175.48095703125,3874.0,0
1,845,0.7734855612066577,0.0129390954971313,0.078125,0.9674363732337952,0.8830395340919495,290.5552243610784,1.7621435000037309,0.9761225000111152,0.7536785999982385,839.212890625,3874.0,0
1,846,0.7347804849015119,0.0027064085006713,0.109375,0.9579905271530152,0.6147948503494263,440.25059889874586,1.1629739999916635,0.7965713000012329,0.3410327000019606,235.24951171875,3874.0,0
1,847,0.7150360035978222,0.0037429258227348,0.140625,0.9650660753250122,1.1571989059448242,468.88731208967977,1.0919468000065535,0.7786800999892876,0.3043039000040153,173.037109375,3874.0,0
1,848,0.7518972935943503,0.0335545092821121,0.21875,0.9564093947410583,1.2242177724838257,365.31087813193886,1.4015459999936866,0.8355890999955591,0.5226425000000745,506.07177734375,3874.0,0
1,849,0.7277132592410208,0.0303527563810348,0.171875,0.969670295715332,1.105350375175476,438.8953518296371,1.166565100007574,0.8021611000003759,0.3362897000042721,118.89453125,3874.0,0
1,850,0.6852120371649818,0.0032806918025016,0.28125,0.9670411944389344,0.9067174792289734,478.3089238485515,1.070437900008983,0.7383312000019941,0.3067071999976178,101.53857421875,3874.0,0
1,851,0.7430039252182669,0.0009310990571975,0.171875,0.860622763633728,1.1643903255462646,262.24472882885647,1.9523748000065095,1.0027553999971133,0.8816617999982554,1036.6435546875,3874.0,0
1,852,0.770077712327339,0.0215511918067932,0.1875,0.914528787136078,1.1231704950332642,273.0563851836985,1.8750705999991624,0.9145895999972709,0.8969338999886531,1069.7119140625,3874.0,0
1,853,0.7599765616129195,0.00589270144701,0.078125,0.934160590171814,1.79100501537323,370.4829302869337,1.3819800000055693,0.8448621999996249,0.5165784999990137,541.5341796875,3874.0,0
1,854,0.7194090969969462,0.0134679079055786,0.09375,0.8366338014602661,1.1831583976745603,516.6099169274023,0.991076600010274,0.6922060999932,0.2741651999967871,121.11962890625,3874.0,0
1,855,0.7555489315327569,0.0351781696081161,0.09375,0.9427342414855956,1.1418787240982056,271.44680244445254,1.886189099997864,0.922628700005589,0.9239916000078664,1091.5986328125,3874.0,0
1,856,0.6921983979148193,0.0252576172351837,0.171875,0.9475836157798768,1.0371384620666504,479.8246840547537,1.0670564000029117,0.7138770000019576,0.3336619000037899,123.83837890625,3874.0,0
1,857,0.7159555617160394,0.0260221734642982,0.21875,0.984928548336029,1.1840097904205322,476.72595045279536,1.073992300007376,0.7411950999958208,0.3073064000054728,180.16064453125,3874.0,0
1,858,0.7742284887928043,0.002275139093399,0.171875,0.9042459726333618,0.9594053626060486,272.56627859151325,1.8784421999880576,0.9313147999928332,0.8832352000026731,1058.60888671875,3874.0,0
1,859,0.7431323747565074,0.0087366551160812,0.15625,0.980376958847046,1.1241133213043213,347.69529966770205,1.4725537000049371,0.8809199999959674,0.5097346000111429,528.19482421875,3874.0,0
1,860,0.7112961952843028,0.0109471827745437,0.09375,0.984242856502533,0.9704982042312622,465.6056556561954,1.0996429999941029,0.7457241999945836,0.3232897999987472,221.14501953125,3874.0,0
1,861,0.6683299054552887,0.0182620361447334,0.1875,0.948151171207428,1.3930896520614624,505.2335585213951,1.0133926999988034,0.7184908000053838,0.288105200001155,82.7109375,3874.0,0
1,862,0.7541826365254205,0.0307528525590896,0.203125,0.9278781414031982,0.8042859435081482,267.6214340104899,1.9131501999945613,0.9551716999994824,0.8577349999977741,1016.61181640625,3874.0,0
1,863,0.716469389870393,0.017320267856121,0.09375,0.9550685286521912,0.873746931552887,425.23055676659897,1.2040527000062866,0.7889307000004919,0.3804326999961631,322.080078125,3874.0,0
1,864,0.7439359778590353,0.0275534391403198,0.140625,0.9540502429008484,0.9442352652549744,378.9769915833252,1.3510054999933343,0.8176371000008658,0.5127639999991516,525.7109375,3874.0,0
1,865,0.7304141380241551,0.0124038159847259,0.109375,0.9514973759651184,0.9078560471534728,300.9967755136128,1.701014899997972,0.922471099998802,0.7426964000042062,856.2705078125,3874.0,0
1,866,0.6993345071885975,0.002723753452301,0.1875,0.8973414301872253,0.9818077683448792,534.277724861799,0.9583031000074698,0.6368875000043772,0.3004477999929804,97.64501953125,3874.0,0
1,867,0.7497734614025752,0.0141369700431823,0.15625,0.9676644206047058,1.2907568216323853,358.8687615516141,1.426705400008359,0.8469674999942072,0.538567099996726,536.59033203125,3874.0,0
1,868,0.7346607245508733,0.0153590589761734,0.296875,0.9477579593658448,0.9354901313781738,257.80678730820904,1.9859833999944383,1.004444499994861,0.9166662999923574,1081.18701171875,3874.0,0
1,869,0.7453549696843762,0.0224985629320144,0.21875,0.9402236938476562,0.8256502151489258,372.7019141738695,1.373751999999513,0.7998311999981524,0.5034327000030316,511.056640625,3874.0,0
1,870,0.7568900297134814,0.012407824397087,0.078125,0.9449055790901184,1.0307438373565674,271.0977739016953,1.8886174999934155,0.9671533000073396,0.8821786000044085,1070.22119140625,3874.0,0
1,871,0.7240500060880741,0.0577553734183311,0.171875,0.9855825304985046,0.8652592301368713,442.5094260121618,1.1570375000010245,0.7613105000054929,0.3686801999865565,329.28857421875,3874.0,0
1,872,0.6861042129152778,0.0313257947564125,0.171875,0.9572997689247132,0.6258041858673096,469.0556562912085,1.0915549000055762,0.7522658999951091,0.2962016999954358,129.7109375,3874.0,0
1,873,0.7355041257054524,0.0118675082921981,0.328125,0.9874172806739808,0.8986489772796631,427.3825324082465,1.1979900000005728,0.8203323999914574,0.3357914999942295,231.37353515625,3874.0,0
1,874,0.7369202656777532,0.0168543979525566,0.171875,0.976844072341919,1.0766950845718384,484.8095531711979,1.0560848000022816,0.7245466000022134,0.2969047999940812,177.20361328125,3874.0,0
1,875,0.7503276891305322,0.0096673220396041,0.046875,0.9862893223762512,0.7571625709533691,366.7126609368146,1.3961884999880567,0.8021823000017321,0.5276617000054102,565.361328125,3874.0,0
1,876,0.732057873559374,0.017071433365345,0.109375,0.9809197187423706,0.786800742149353,355.88719793456306,1.438658100014436,0.900485199992545,0.5161568999901647,519.13818359375,3874.0,0
1,877,0.7247233048736668,0.0261363089084625,0.265625,0.9674392342567444,0.5768507719039917,475.4726681234956,1.0768231999973068,0.7547088999999687,0.3004227000055834,123.82373046875,3874.0,0
1,878,0.7363468610937406,0.0917857885360717,0.296875,0.9863044619560242,0.6867498159408569,464.0964726055664,1.1032188999961363,0.7367344999947818,0.3515651000052457,174.177734375,3874.0,0
1,879,0.7402521612080819,0.0373367518186569,0.4375,0.9836276769638062,1.6251518726348877,462.8316364929581,1.106233800004702,0.7403028000117047,0.305195900000399,175.90478515625,3874.0,0
1,880,0.7071547442865855,0.0138046368956565,0.328125,0.9530351161956788,0.5637602806091309,515.9226112084965,0.9923968999937642,0.7159890000039013,0.2693822000001091,104.75,3874.0,0
1,881,0.7406839003722834,0.0008522570133209,0.203125,0.9867637753486632,1.725288152694702,470.9082191579039,1.0872607000055723,0.7166142000060063,0.3600268000009237,223.65673828125,3874.0,0
1,882,0.6666920187912182,0.024991437792778,0.203125,0.9593801498413086,1.0002872943878174,475.436551966724,1.076905000008992,0.7682668000052217,0.2886040000012144,123.27197265625,3874.0,0
1,883,0.7088657657728831,0.0291947647929191,0.125,0.9608412981033324,0.8210335373878479,505.2473689113866,1.0133650000061607,0.7468007999996189,0.2462893000047188,87.8876953125,3874.0,0
1,884,0.7207212331484343,0.0162397101521492,0.0625,0.9751672744750975,1.4563511610031128,421.3693169571658,1.2150860999972792,0.8163032000011299,0.3842978000029688,320.29150390625,3874.0,0
1,885,0.7223872078900693,0.0285633727908134,0.140625,0.9809184074401855,1.0245296955108645,421.667621320986,1.2142265000002226,0.7759820000064792,0.3925649000011617,335.67041015625,3874.0,0
1,886,0.7097771216127393,0.0035874024033546,0.4375,0.9876632690429688,1.0673904418945312,470.65645452021386,1.0878423000103794,0.7547467000113102,0.2867094999965047,173.470703125,3874.0,0
1,887,0.6989551575406349,0.0432434454560279,0.171875,0.97286856174469,0.6623315811157227,482.2633523317912,1.061660600011237,0.7647240000078455,0.2879943000007188,171.388671875,3874.0,0
1,888,0.7209636121809703,0.0274522453546524,0.328125,0.9744532704353333,1.0996224880218506,349.2091640124319,1.4661699999996929,0.8457526999991387,0.5557470000057947,550.1220703125,3874.0,0
1,889,0.7338824826970125,0.0250316113233566,0.15625,0.9793914556503296,1.2459287643432615,489.671283288216,1.0455993999930795,0.717475999990711,0.301427500002319,176.76025390625,3874.0,0
1,890,0.7356080875544648,0.019898697733879,0.109375,0.980573296546936,1.2570738792419434,453.697189023611,1.1285060000082012,0.7604558000020916,0.3215942000097129,228.884765625,3874.0,0
1,891,0.7418196276675185,0.0218137353658676,0.21875,0.5684182643890381,1.0117416381835938,298.3246623033369,1.7162509999907345,0.9201991000009002,0.7160691999888513,835.408203125,3874.0,0
1,892,0.7404337875368103,0.0012620016932487,0.203125,0.94301176071167,0.6428058743476868,479.8236048442847,1.0670588000066346,0.7111149999982445,0.313518800001475,123.82373046875,3874.0,0
1,893,0.7415448078897934,0.0156037062406539,0.34375,0.9621769189834596,0.7710675001144409,414.10630481233545,1.2363974999898346,0.7833180000016,0.4094159999949625,340.9794921875,3874.0,0
1,894,0.7568732520550802,0.0287636816501617,0.359375,0.9267820715904236,0.8931114673614502,299.30738400728103,1.710615999996662,0.9189705000026152,0.7595958000019891,858.22607421875,3874.0,0
1,895,0.7393016261219715,0.0143575966358184,0.390625,0.9641056656837464,1.2788949012756348,477.2898586935034,1.072723399993265,0.7531310999911511,0.3101382000022568,176.97119140625,3874.0,0
1,896,0.7397332463981683,0.0457368046045303,0.296875,0.9736334681510924,0.7990112900733948,440.7874012611633,1.161557700004778,0.759130099992035,0.3674892999988515,322.64306640625,3874.0,0
1,897,0.749819633678892,0.0118440836668014,0.21875,0.9806860685348512,0.8413735628128052,458.6687497872485,1.1162739999999758,0.7549965000071097,0.3296911000070395,231.69580078125,3874.0,0
1,898,0.7452605170672639,0.0204167142510414,0.109375,0.9518492221832277,1.1193242073059082,469.3618548901749,1.090842799996608,0.7671494999958668,0.2913448999897809,126.77490234375,3874.0,0
1,899,0.7435435774999397,0.0095410943031311,0.203125,0.9554910063743592,1.0495036840438845,351.54356462610536,1.4564339999924414,0.8308685000083642,0.5402540000068257,550.6357421875,3874.0,0
1,900,0.7149023961881767,0.0399400815367698,0.25,0.966355323791504,1.3080209493637085,452.430750478073,1.1316649000073085,0.7594726999959676,0.329081000003498,176.37158203125,3874.0,0
1,901,0.7142233594358621,0.0087941512465476,0.34375,0.9112783670425416,0.8852145671844482,447.0088863100689,1.1453910999989605,0.7590228999906685,0.3358373000082792,122.36376953125,3874.0,0
1,902,0.7484297235334499,0.0351874306797981,0.34375,0.9901345372200012,1.4841192960739136,418.6396696435773,1.223008799992385,0.8013761999900453,0.4070613999938359,333.18408203125,3874.0,0
1,903,0.7415774560755952,0.0244771540164947,0.296875,0.9820393919944764,1.1348050832748413,464.2198893544912,1.1029256000038004,0.7467854999995325,0.3080546999990474,232.69921875,3874.0,0
1,904,0.7491284849889541,0.0396105796098709,0.1875,0.974372923374176,1.1594352722167969,496.73382954659616,1.0307330999930857,0.7358190000086324,0.2756722000049194,121.92626953125,3874.0,0
1,905,0.6998577605689155,0.0074740126729011,0.203125,0.9757157564163208,0.989295780658722,517.4626461697175,0.989443400001619,0.7220037000079174,0.2457966999936616,84.19921875,3874.0,0
1,906,0.6931482244947766,0.0200857073068618,0.203125,0.979733109474182,0.96258807182312,530.5231082161026,0.965085200004978,0.705970700000762,0.2367121999996015,81.2421875,3874.0,0
1,907,0.7253752371456947,0.002631239593029,0.234375,0.9755051732063292,1.0936652421951294,511.3094254845807,1.0013506000104826,0.7104881999985082,0.2667121999984374,103.62109375,3874.0,0
1,908,0.7153089301551696,0.0375851839780807,0.25,0.9759019017219543,0.982193410396576,503.82756423101614,1.016220699995756,0.7302434000011999,0.2781275999877834,106.203125,3874.0,0
1,909,0.7379977723786799,0.0039741173386573,0.203125,0.9844260811805724,1.1899237632751465,460.0646372858819,1.112887099996442,0.7728571999905398,0.3116373000084422,176.89892578125,3874.0,0
1,910,0.7536132868667438,0.0147364363074302,0.1875,0.9795257449150084,0.4817962050437927,493.0924204506098,1.0383448999928078,0.7257971999933943,0.2935443000023952,171.52734375,3874.0,0
1,911,0.734031205221269,0.0089095309376716,0.28125,0.9805306792259216,1.2991639375686646,492.2626313411653,1.040095200005453,0.7384714999934658,0.2923856999987038,169.95654296875,3874.0,0
1,912,0.736583394246839,0.034300610423088,0.1875,0.9911078214645386,1.102555274963379,419.7159260938773,1.2198727000068177,0.7952657999994699,0.3882407999917632,337.97900390625,3874.0,0
1,913,0.7067523083228177,0.0113129168748855,0.203125,0.96288400888443,1.037211775779724,536.5117181660341,0.954312800007756,0.7019294000056107,0.2447307999973418,85.66845703125,3874.0,0
1,914,0.7445483391590277,0.0303168222308158,0.171875,0.784825325012207,0.5333660840988159,300.83622481827564,1.7019226999982493,0.9133069000090472,0.7320603000116535,848.35205078125,3874.0,0
1,915,0.7505926598649338,0.0123359709978103,0.171875,0.974959909915924,0.7570559978485107,382.6939230429522,1.3378838000062387,0.8055970999994315,0.4958780000015395,523.572265625,3874.0,0
1,916,0.741153864088049,0.0013515353202819,0.265625,0.9681004881858826,0.8018643260002136,424.8335805712929,1.205177800002275,0.7799008000001777,0.4109409999946365,341.52783203125,3874.0,0
1,917,0.7214809394791333,0.0117518901824951,0.25,0.9685561060905457,1.1071555614471436,438.1663798184893,1.168505900001037,0.7777432000002591,0.3755025999998906,328.13427734375,3874.0,0
1,918,0.7319474507329207,0.0327582135796546,0.125,0.8363925218582153,0.9850624203681946,278.9597851148677,1.8353899999929129,0.932313500001328,0.8651089000049978,1062.61279296875,3874.0,0
1,919,0.7218833254694799,0.0234450846910476,0.140625,0.9129851460456848,1.1963828802108765,501.24052134656176,1.0214656999887666,0.72352200000023,0.2735793000028934,90.23583984375,3874.0,0
1,920,0.7265700365561253,0.01502126455307,0.234375,0.9350835680961608,0.7770460247993469,553.8788939479549,0.9243897999986076,0.6756220000097528,0.2428376000025309,79.75341796875,3874.0,0
1,921,0.7532784933389896,0.0228833705186843,0.265625,0.960969865322113,0.93528151512146,497.9022948447448,1.0283141999971122,0.7400740000011865,0.2696669000142719,121.86962890625,3874.0,0
1,922,0.7689385159977458,0.0391056165099144,0.21875,0.9226770401000975,0.6294043064117432,374.64570553052897,1.3666245000058552,0.8249694999976782,0.5203966999979457,538.4345703125,3874.0,0
1,923,0.7492277152780787,0.044531300663948,0.125,0.9757267236709596,0.9841230511665344,460.31587198238384,1.1122797000134597,0.7544877000036649,0.3296830999897793,227.2333984375,3874.0,0
1,924,0.7567840458163088,0.02371746301651,0.390625,0.9703055024147034,1.2799967527389526,481.2669653595428,1.0638586000131909,0.7293741000030423,0.3171886999916751,170.08349609375,3874.0,0
1,925,0.7259856662362394,0.0271022468805313,0.234375,0.9007361531257628,0.9197802543640136,466.45220190915376,1.097647299990058,0.8076551999984076,0.2833073999936459,78.62158203125,3874.0,0
1,926,0.7414665521456625,0.0084122121334075,0.171875,0.9875314235687256,1.4203956127166748,417.8258545908421,1.2253908999991836,0.8305710999993607,0.3680464000062784,225.78271484375,3874.0,0
1,927,0.7534767074440962,0.0041174665093421,0.0625,0.9913965463638306,1.020117998123169,436.28671603908106,1.1735402000049362,0.830789100000402,0.3322145999991335,223.29541015625,3874.0,0
1,928,0.7790278023477464,0.0025849193334579,0.125,0.7063076496124268,1.2347333431243896,293.11949502881026,1.7467278999974951,0.9927575000037904,0.7234120999928564,822.90966796875,3874.0,0
1,929,0.774288982593235,0.0046022534370422,0.125,0.7524280548095703,0.9724982976913452,262.84862609170693,1.9478892000042836,1.0210583000007318,0.8872942000016337,1072.20751953125,3874.0,0
1,930,0.7481890843836632,0.0125378891825675,0.0625,0.9383633136749268,0.7818835377693176,362.6639965526708,1.4117751000012504,0.8623918999946909,0.528191200006404,540.658203125,3874.0,0
1,931,0.7661078371580331,0.0361174941062927,0.359375,0.914810597896576,0.9156007170677184,467.95901958630776,1.0941128999984358,0.7805154999950901,0.304770600007032,176.69580078125,3874.0,0
1,932,0.7821419450180793,0.0123096778988838,0.0625,0.7615192532539368,1.0039536952972412,304.567000010672,1.6810751000011803,0.9189904000086244,0.7312708000099519,833.99853515625,3874.0,0
1,933,0.7911575689568662,0.041263423860073,0.140625,0.945204257965088,1.2173258066177368,294.8818191986186,1.7362888000061505,0.9405580000020564,0.7500316000077873,850.79736328125,3874.0,0
1,934,0.7329195243578349,0.0016100034117698,0.25,0.8917026519775391,1.0806292295455933,474.28407652418286,1.0795217999984743,0.7862318999978015,0.286795300009544,82.7109375,3874.0,0
1,935,0.7554128404051001,0.0145531296730041,0.078125,0.975223183631897,1.1069031953811646,426.86515896652463,1.1994419999973616,0.8344617999973707,0.336250199994538,180.37646484375,3874.0,0
1,936,0.7744488835197625,0.0176266208291053,0.234375,0.981373369693756,0.6672483682632446,444.396995804124,1.1521230000071228,0.7985019999905489,0.3428259000065736,228.283203125,3874.0,0
1,937,0.762567419953128,0.0368665531277656,0.09375,0.956328272819519,0.9046465158462524,338.0024543472602,1.5147818999976153,0.9533335000014632,0.5412013999884948,554.36962890625,3874.0,0
1,938,0.7499852745733814,0.0046212971210479,0.203125,0.9587538242340088,1.3353348970413208,468.3204965953712,1.0932683999999426,0.7678709000028903,0.3015125999954762,119.64306640625,3874.0,0
1,939,0.7869913132528779,0.0306292995810508,0.109375,0.8529729247093201,1.3220006227493286,260.2279759714874,1.9675055999978213,1.010725400003139,0.8903424999880372,1033.1025390625,3874.0,0
1,940,0.7779918397900637,0.0096694752573966,0.171875,0.938163697719574,1.5103968381881714,299.92797627818214,1.7070765000098618,0.9271431999950436,0.73677730000054,831.61328125,3874.0,0
1,941,0.7261347466677771,0.0051909014582633,0.171875,0.9497802257537842,0.8524999022483826,445.3414285735492,1.1496796999999788,0.8043918000039412,0.3204215000005206,124.80810546875,3874.0,0
1,942,0.7846376838624873,0.021835833787918,0.359375,0.9747825264930724,0.9287146925926208,440.6242095956431,1.161987900006352,0.7750635999982478,0.3570648000022629,228.814453125,3874.0,0
1,943,0.7628264801801987,0.0116221532225608,0.09375,0.96692156791687,1.2549585103988647,435.7508369877752,1.174983400007477,0.769809899997199,0.3724477000068873,308.39111328125,3874.0,0
1,944,0.7918988420785358,0.0154813379049301,0.203125,0.9674607515335084,0.6846513748168945,438.6232438781911,1.167288800003007,0.7653339999960735,0.3798473999922862,330.6357421875,3874.0,0
1,945,0.7807584099440912,0.0008474960923194,0.265625,0.9570456147193908,0.7585039138793945,362.64506511026144,1.411848799994914,0.8403169000084745,0.5188644000008935,558.7392578125,3874.0,0
1,946,0.7589961338100002,0.0518716573715209,0.09375,0.9579004049301147,1.1062394380569458,494.3523621998787,1.035698499996215,0.737494599990896,0.2882420000096317,179.90673828125,3874.0,0
1,947,0.7607152265325496,0.0122135505080223,0.25,0.9699463844299316,0.8561040759086609,514.1919488559505,0.9957371000054992,0.715025900004548,0.2725907999993069,128.36865234375,3874.0,0
1,948,0.7681742307883447,0.0520261824131011,0.21875,0.8889785408973694,1.268795132637024,370.4574911242378,1.382074900000589,0.8248510999983409,0.5134112999949139,534.98583984375,3874.0,0
1,949,0.7267133577986848,0.0430481284856796,0.21875,0.9703488945961,1.2028487920761108,525.9697567381371,0.973440000001574,0.661072899994906,0.2863176999962888,118.251953125,3874.0,0
1,950,0.756502558848696,0.0014433562755584,0.171875,0.9820626974105836,0.7153645157814026,462.741784843764,1.1064485999959288,0.7380025000020396,0.2936329999938607,125.21435546875,3874.0,0
1,951,0.7815329221413729,0.0352453216910362,0.3125,0.9219661355018616,0.5328142642974854,336.8208545280872,1.5200958999921568,0.8975700000009965,0.5596425000112504,553.2509765625,3874.0,0
1,952,0.7303650094657128,0.0504900589585304,0.15625,0.9769020080566406,0.9731726050376892,457.1695525765072,1.1199346000066726,0.7809267999982694,0.3278155000007245,174.439453125,3874.0,0
1,953,0.7440846466325042,0.0236347615718841,0.15625,0.9695661067962646,1.5039408206939695,413.7608452642809,1.237429799992242,0.7642453000007663,0.4328604999900562,328.70751953125,3874.0,0
1,954,0.7219284559142399,0.0126831382513046,0.28125,0.9917481541633606,0.8315512537956238,426.42932321103336,1.200667900004191,0.8019654000090668,0.3753457000129856,329.0517578125,3874.0,0
1,955,0.7639645320456114,0.0107562690973281,0.0625,0.8624597191810608,0.7764226794242859,302.4037852460761,1.6931004999933066,0.9047874999960186,0.7358817999920575,835.69970703125,3874.0,0
1,956,0.6982445041296368,0.0063114389777183,0.078125,0.9318641424179076,1.8530539274215696,530.8267803318923,0.9645331000065198,0.7157837999984622,0.2361247999942861,81.2421875,3874.0,0
1,957,0.7694498234154873,0.0273898839950561,0.0,0.8768362402915955,1.0726245641708374,259.55233710504524,1.9726272000116296,0.9722527999983868,0.8936150000081398,1052.7236328125,3874.0,0
1,958,0.7514911585753422,0.0157180279493331,0.25,0.9090522527694702,1.9451991319656368,407.1792379912776,1.257431500009261,0.781856700006756,0.4015326999942772,338.56103515625,3874.0,0
1,959,0.7332841889501434,0.0109922215342521,0.234375,0.9594281315803528,0.9441469311714172,446.504411149155,1.1466852000012295,0.7375124000100186,0.3362786000070628,219.92626953125,3874.0,0
1,960,0.7717873374150924,0.0612528026103973,0.328125,0.8946398496627808,1.1304221153259275,359.9775801461949,1.4223108000005595,0.8703021999972407,0.5132825000036974,540.34814453125,3874.0,0
1,961,0.7485215044875113,0.0035126432776451,0.484375,0.9814994931221008,2.9646108150482178,441.4538627702022,1.1598040999961086,0.7584299000009196,0.3871068000007653,321.1015625,3874.0,0
1,962,0.7739972431193778,0.0266148149967193,0.265625,0.895862877368927,1.0456308126449585,263.1840697557475,1.9454065000027183,1.0283729000075257,0.8797197000094457,1056.8662109375,3874.0,0
1,963,0.7106310358265714,0.0161593630909919,0.03125,0.9578728675842284,0.9763303399086,497.1732013483559,1.029822200012859,0.7433358999987831,0.2790582000016002,130.78564453125,3874.0,0
1,964,0.7751358028600311,0.0246477723121643,0.078125,0.6866334080696106,0.5917501449584961,267.7129642243978,1.912496100005228,0.9572121999954106,0.8869005000015022,1049.52978515625,3874.0,0
1,965,0.7194587685325127,0.0116217285394668,0.171875,0.9274468421936036,0.9997037053108216,440.5700666878374,1.162130700002308,0.7622639000037452,0.3724529999890364,335.67041015625,3874.0,0
1,966,0.7286367965876043,0.0657116249203682,0.265625,0.9684476852416992,1.2301315069198608,473.4233799405818,1.081484399997862,0.7429402000125265,0.3186234000022523,233.36181640625,3874.0,0
1,967,0.7620302748154179,0.0166869014501571,0.09375,0.904666304588318,1.41194748878479,319.41971419688576,1.6029067000054056,0.8678298000013456,0.7032789999939268,832.6650390625,3874.0,0
1,968,0.7434499569230089,0.0233012437820434,0.1875,0.9370269775390624,0.7024862170219421,302.50299962454494,1.6925451999995855,0.8989408000052208,0.7262056000035955,865.75830078125,3874.0,0
1,969,0.7733209426866277,0.0038167387247085,0.1875,0.9305911660194396,1.988305926322937,374.3140712921805,1.3678352999995695,0.8001383000082569,0.5043011000088882,522.54541015625,3874.0,0
1,970,0.712719176964822,0.0124246403574943,0.21875,0.9583365321159364,1.664164900779724,477.12760236955074,1.0730882000061683,0.7530348000000231,0.3091902999876765,227.73779296875,3874.0,0
1,971,0.6718755770729633,0.024284191429615,0.21875,0.8740988373756409,1.5673037767410278,495.03500196903633,1.0342703000060285,0.7417174000001978,0.268056400003843,125.08203125,3874.0,0
1,972,0.6686766101290468,0.059332363307476,0.25,0.9210436344146729,1.1825289726257324,514.1063967280552,0.995902800001204,0.7081809999945108,0.2807554000028176,103.62109375,3874.0,0
1,973,0.7076765210207802,0.0425891727209091,0.296875,0.982979416847229,1.2158236503601074,496.5395942285728,1.031136300007347,0.7276767000003019,0.288352899995516,175.79736328125,3874.0,0
1,974,0.6823538687417796,0.0352836847305297,0.140625,0.951409637928009,1.2328112125396729,506.1427140527997,1.0115724000061164,0.7366464999940945,0.2561291000019992,82.7109375,3874.0,0
1,975,0.6881913642336286,0.030242770910263,0.140625,0.9430623650550842,1.0638530254364014,496.49149244527786,1.0312361999967834,0.7245010000042384,0.2603331999998772,100.14306640625,3874.0,0
1,976,0.6644939240722357,0.0009874999523162,0.234375,0.965962052345276,1.1360228061676023,511.9789576685191,1.0000410999928135,0.7331071000080556,0.2547956999915186,81.2421875,3874.0,0
1,977,0.6993380432405972,0.0354098826646804,0.21875,0.9775561690330504,1.5425941944122314,522.4118776859746,0.9800696000020253,0.7101062000001548,0.263272500000312,103.62109375,3874.0,0
1,978,0.7014087206414062,0.0153005793690681,0.09375,0.9668084979057312,0.9249061346054076,499.3552270677239,1.0253222000028472,0.7366995000047609,0.2807184999983292,122.00439453125,3874.0,0
1,979,0.7344572334002885,0.0268755853176116,0.0625,0.981760025024414,0.9773337841033936,441.6334018381891,1.159332600000198,0.7387709999893559,0.3947398000018438,337.09619140625,3874.0,0
1,980,0.6880759357185725,0.0406082049012184,0.265625,0.9363221526145936,1.2885860204696655,526.72230993791,0.9720492000051308,0.691613300004974,0.2635127000103239,104.73388671875,3874.0,0
1,981,0.6534994076788097,0.0498068705201149,0.34375,0.9681079387664796,0.8552461266517639,511.860671529437,1.0002721999917412,0.7267259000072954,0.266661199988448,104.111328125,3874.0,0
1,982,0.7906365973753099,0.0023217350244522,0.125,0.7626403570175171,1.0535517930984497,276.242825643898,1.8534418000053847,0.9236613000102808,0.8710604000079911,1045.8154296875,3874.0,0
1,983,0.7133994148989445,0.0510066375136375,0.390625,0.9428517818450928,1.0791078805923462,496.85371267841305,1.030484400005662,0.72537289999309,0.2785971999983303,175.380859375,3874.0,0
1,984,0.6860488834116603,0.0025475323200225,0.078125,0.9719582796096802,1.138340711593628,503.8850819211136,1.0161047000001415,0.7034453999949619,0.2630810999980895,119.86376953125,3874.0,0
1,985,0.8002196607254529,0.0330990403890609,0.171875,0.8213468790054321,1.444804549217224,291.00016073350105,1.75944919999165,0.9324333999975352,0.7447909000038635,852.7705078125,3874.0,0
1,986,0.7039505302984227,0.0173345729708671,0.28125,0.9574318528175354,0.8344131708145142,508.1398142723286,1.0075967000011588,0.7015248999960022,0.2814677999995183,124.88623046875,3874.0,0
1,987,0.8054823802555326,0.0187006145715713,0.09375,0.7289581894874573,1.901708483695984,317.79941779482726,1.6110790999955498,0.8799324999999953,0.7010949000105029,806.9775390625,3874.0,0
1,988,0.6891930544011756,0.0211251154541969,0.25,0.9686936140060424,1.2503761053085327,533.1094273704433,0.9604032000061123,0.6926443000120344,0.2609021999960532,104.77734375,3874.0,0
1,989,0.7230545670990418,0.010855033993721,0.09375,0.9580979347229004,0.9576520323753356,462.325317555881,1.1074453000037463,0.7245361999957822,0.3194702999899164,175.57080078125,3874.0,0
1,990,0.7177779567207117,0.0077206268906593,0.109375,0.9678886532783508,1.3620318174362185,492.10876680550746,1.0404203999933088,0.7339306000067154,0.2758102000079816,126.52685546875,3874.0,0
1,991,0.7194973495577642,0.0162077844142913,0.140625,0.9885764718055724,1.4234029054641724,496.8039110150764,1.0305876999918837,0.7237225999997463,0.29763109999476,174.8828125,3874.0,0
1,992,0.6420483231246082,0.0028344839811325,0.3125,0.921906590461731,0.6632961630821228,525.0039811083738,0.9752307000017026,0.7137357000028715,0.2554753000003984,79.75341796875,3874.0,0
1,993,0.7853912516209232,0.0266606956720352,0.265625,0.7497599124908447,1.064074993133545,253.5075768806319,2.0196635000029346,1.0708310000045458,0.8982504999876255,1040.43212890625,3874.0,0
1,994,0.6560693489851659,0.0034579709172248,0.109375,0.9605821371078492,1.252267837524414,498.2816096896102,1.027531400002772,0.7637638999876799,0.2575069000013172,89.76806640625,3874.0,0
1,995,0.7298834290021595,0.003104031085968,0.109375,0.9740909337997437,0.919301450252533,478.2271223869407,1.0706210000062129,0.7468865999981062,0.3142565000016475,180.37646484375,3874.0,0
1,996,0.7131053264412286,0.0188644304871559,0.15625,0.9753738641738892,1.0223897695541382,496.1159546998418,1.0320168000034755,0.7304435999976704,0.2940701000043191,120.22705078125,3874.0,0
1,997,0.6839398445836206,0.025095485150814,0.34375,0.9648423790931702,1.193379282951355,500.41763369983806,1.0231454000022495,0.7318214999977499,0.284427799997502,101.53857421875,3874.0,0
1,998,0.7004639102276994,0.0071014910936355,0.234375,0.9878986477851868,1.6316916942596436,514.9772379066048,0.994218699997873,0.6980585999990581,0.289451899996493,101.97998046875,3874.0,0
1,999,0.7173989171767415,0.0463992953300476,0.21875,0.9858323931694032,0.9563944935798644,520.1747014881954,0.9842846999963512,0.6720324000052642,0.2847393999982159,124.23974609375,3874.0,0
1,1000,0.7448108503598541,0.0169940069317817,0.265625,0.9854029417037964,0.9669781923294068,469.5886330194536,1.0903160000016214,0.7255730000033509,0.3252235000109067,235.99365234375,3874.0,0
1,1001,0.7773277493881005,0.0023196339607238,0.328125,0.947856605052948,0.655652642250061,236.4086606273947,2.16574130000663,1.352217000006931,0.7355531000066549,541.33935546875,722.0,0
1,1002,0.7409854580872473,0.0570439398288726,0.28125,0.9782915115356444,1.1741527318954468,415.3936110010874,1.2325659000052838,0.8650564999989001,0.3559859999950276,215.14892578125,722.0,0
1,1003,0.724272659451205,0.0490124300122261,0.234375,0.9867624640464784,0.9969822764396667,425.13317586968265,1.204328500010888,0.8559281999914674,0.3378246999927796,171.5380859375,722.0,0
1,1004,0.7611449747871667,0.0062358006834983,0.046875,0.9336827993392944,1.165259838104248,325.019148834787,1.5752917999925558,0.9723568000044908,0.5799253000004683,539.373046875,722.0,0
1,1005,0.8050657403046363,0.0270523279905319,0.109375,0.7692965269088745,0.7191764712333679,240.07585271617137,2.132659299997613,1.1878830999921774,0.8981217999971705,1021.36083984375,1618.0,0
1,1006,0.7084575737484502,0.0483922511339187,0.25,0.9546159505844116,0.9610185623168944,442.7365650828637,1.1564439000067068,0.8350022999948123,0.312658900002134,105.6982421875,1618.0,0
1,1007,0.7935673124413726,0.00541952252388,0.28125,0.9245047569274902,1.5094977617263794,240.04308773398935,2.1329504000023007,1.1046329000091646,0.9879297000006771,1098.232421875,2450.0,0
1,1008,0.6978075712572299,0.0011113435029983,0.25,0.979378581047058,1.2360005378723145,448.06917628181424,1.1426806999952532,0.8209024000097997,0.3125675000046612,124.59033203125,2450.0,0
1,1009,0.7311277311529886,0.0013755187392234,0.359375,0.981073796749115,0.8469634652137756,388.7017460371247,1.3172053000016604,0.9170213000033982,0.3880147000018041,228.1650390625,2450.0,0
1,1010,0.6450759833625398,0.0222592279314994,0.25,0.9433150291442872,0.9347304701805116,454.048234643522,1.127633500000229,0.8377244000002975,0.281680599990068,83.3671875,2450.0,0
1,1011,0.7681815806881074,0.0078286230564117,0.3125,0.921352744102478,1.1420633792877195,267.0992979731219,1.916890099993907,1.0584725000080653,0.8017453000065871,882.40966796875,2450.0,0
1,1012,0.754515077460862,0.0343668162822723,0.359375,0.9594904184341432,2.6038527488708496,337.4031489870983,1.5174724999960745,0.9266083000111394,0.5462925000028918,515.80859375,2452.0,0
1,1013,0.7047590373615494,0.0132940113544464,0.09375,0.9619340300559998,0.9944506883621216,457.1090637227519,1.120082800000091,0.8108434000023408,0.3005187999951886,121.56005859375,2452.0,0
1,1014,0.6848153787332525,0.0827942639589309,0.203125,0.9637473225593568,1.276666283607483,440.29898364586,1.1628462000080615,0.8397343000106048,0.3147329999919748,123.52490234375,2452.0,0
1,1015,0.7764177288313548,0.0039470940828323,0.140625,0.9543673396110536,1.0923330783843994,269.33031543139055,1.901011399997515,1.05511590000242,0.8102194999955827,864.603515625,2452.0,0
1,1016,0.7004006978844315,0.0243011564016342,0.296875,0.9495127201080322,0.7442930936813354,436.5420109005756,1.172853900003247,0.8156012999970699,0.3490578000055393,103.86962890625,2452.0,0
1,1017,0.7508520004077734,0.0257912874221801,0.234375,0.9670481085777284,1.8100345134735107,368.4182122398508,1.389724999986356,0.9344220000057248,0.4375606999965384,336.2109375,2452.0,0
1,1018,0.7796696360022864,0.0581279993057251,0.078125,0.8735549449920654,1.0485398769378662,249.75091979899923,2.0500424999918323,1.1047192999976687,0.9059885000024224,1034.85986328125,2452.0,0
1,1019,0.7397192793432614,0.0151178017258644,0.0625,0.974433183670044,0.7512366771697998,332.7995973140217,1.5384633999929065,0.9536320000042906,0.5617651999928057,549.60986328125,2452.0,0
1,1020,0.6755130064593863,0.1072395741939544,0.390625,0.9255456328392028,0.6877878904342651,454.7497770394399,1.1258939000108512,0.8102046999993036,0.3072595000121509,119.208984375,2452.0,0
1,1021,0.766358618999188,0.01923468708992,0.078125,0.867801308631897,0.8577104806900024,275.37480689382306,1.8592841000063345,1.0347030000120867,0.7921021000074688,869.77197265625,2452.0,0
1,1022,0.7420142503284792,0.0007706731557846,0.34375,0.9575308561325072,1.0993521213531494,390.21264378740585,1.312105100005283,0.8949951999966288,0.3935775000136345,235.0322265625,2452.0,0
1,1023,0.7707582167257625,0.0780874043703079,0.25,0.9474887251853944,1.3794721364974976,276.0528815964714,1.8547170999954687,1.0401856000098633,0.7790078000107314,885.38818359375,2452.0,0
1,1024,0.7161751002812604,0.0361311882734298,0.1875,0.9763126969337464,1.7224396467208862,409.8565702151212,1.2492174999933925,0.8860921000014059,0.351100600004429,220.14111328125,2452.0,0
1,1025,0.7346545288293203,0.0024191886186599,0.28125,0.9736977219581604,0.5222338438034058,399.6811605981292,1.2810211000032723,0.873157900001388,0.39183329998923,322.85595703125,2452.0,0
1,1026,0.6846833817645678,0.0687323808670044,0.328125,0.9232529997825624,1.3755217790603638,432.6349011779918,1.1834459000092463,0.8568824999965727,0.3190197000076296,103.82177734375,2452.0,0
1,1027,0.7857628865826533,0.0259251743555068,0.109375,0.867750883102417,1.7052427530288696,237.7083871502571,2.1538996000017505,1.121252099997946,0.9919675999990432,1096.8017578125,2452.0,0
1,1028,0.7459200393459667,0.0499293580651283,0.1875,0.9857834577560424,1.0062865018844604,380.5217458528393,1.3455209999956423,0.9294067000009818,0.4008519999915734,324.59814453125,2452.0,0
1,1029,0.765776662904846,0.033600315451622,0.0625,0.9090818166732788,0.7839235663414001,245.56730628200063,2.084968099996331,1.1237047999893548,0.9176099000032992,1068.56298828125,2452.0,0
1,1030,0.7694502854851218,0.0010265260934829,0.21875,0.9733917117118835,0.7562492489814758,336.2396611218756,1.5227234000049066,0.96181589999469,0.5369786000082968,521.90478515625,2452.0,0
1,1031,0.7040721657084632,0.0518152490258216,0.203125,0.8993015289306641,1.171316146850586,461.3391901789567,1.1098124999989525,0.7905769000062719,0.3031816000002436,101.44775390625,2452.0,0
1,1032,0.731524739971951,0.0305634513497352,0.1875,0.9753331542015076,1.2375893592834473,414.74066072194296,1.2345063999964625,0.8803693000081694,0.3446101000008639,173.6474609375,2452.0,0
1,1033,0.686301016386791,0.0038884133100509,0.078125,0.9561350345611572,0.9289332032203674,452.18097836781016,1.132290000008652,0.8424967999890214,0.2834289000020362,87.15673828125,2452.0,0
1,1034,0.7779378387541387,0.0027402192354202,0.15625,0.904776394367218,1.5476603507995603,239.4754850761593,2.138005900007556,1.156312400009483,0.939970000006724,1029.83251953125,2452.0,0
1,1035,0.7051873286496384,0.0098415240645408,0.15625,0.9667510986328124,0.8419240117073059,451.5681276530254,1.1338266999955522,0.82588050000777,0.3006427000073017,103.13037109375,2452.0,0
1,1036,0.7115293056447871,0.0208759754896163,0.265625,0.9837180972099304,0.9917154908180236,404.63065006100175,1.26535149999836,0.8828677999990759,0.3704978000023402,231.66357421875,2452.0,0
1,1037,0.6963452042715381,0.0314624607563018,0.234375,0.9362781047821044,1.3274459838867188,436.5469985037668,1.1728405000030762,0.852275199998985,0.3125949999957811,123.99462890625,2452.0,0
1,1038,0.6975209436810323,0.0038433894515037,0.1875,0.9623240232467652,0.8213297128677368,441.89781648090434,1.1586389000003692,0.8542835999978706,0.297017799995956,83.3671875,2452.0,0
1,1039,0.6909955692106932,0.0271539315581321,0.25,0.9617169499397278,1.1405190229415894,415.7422424055542,1.2315323000075296,0.8890285000088625,0.3160157999955117,123.33740234375,2452.0,0
1,1040,0.687039889253398,0.0119590759277343,0.203125,0.9688936471939088,1.083440899848938,438.5220368448356,1.1675582000025315,0.8480857999966247,0.3120378000021446,106.23046875,2452.0,0
1,1041,0.7076789592392312,0.0236328393220901,0.078125,0.9691890478134156,0.909524381160736,314.8711426727661,1.626062000010279,0.9891070000012404,0.6139713999873493,526.7744140625,2452.0,0
1,1042,0.7315661857545216,0.0195144712924957,0.21875,0.9526429772377014,0.9662453532218932,386.5958169439679,1.324380599995493,0.9095616999984486,0.3992558000027202,321.59765625,2452.0,0
1,1043,0.7700989932207817,0.0175315588712692,0.203125,0.8890155553817749,0.714347243309021,241.87124824937888,2.11682870000368,1.1326311999873724,0.941954199995962,1098.443359375,2452.0,0
1,1044,0.6725995100724026,0.0085277631878852,0.125,0.9445539712905884,1.022271990776062,401.84156454752514,1.2741339999920456,0.9245100999978604,0.3427907000004779,92.2744140625,2452.0,0
1,1045,0.7384872456666243,0.0136010870337486,0.171875,0.9653767347335817,1.0875177383422852,430.5509176495043,1.1891740999999456,0.8430683999904431,0.3375691999972332,127.4892578125,2452.0,0
1,1046,0.6974283504185583,0.0057040899991989,0.234375,0.9650261402130128,0.8074374794960022,442.4724461537172,1.1571341999951985,0.8322825000068406,0.31680809998943,121.80419921875,2452.0,0
1,1047,0.7730648121664678,0.0381963402032852,0.21875,0.8556838035583496,1.2349903583526611,280.273476845082,1.8267871999996717,1.0252266000024974,0.7595600999920862,809.416015625,2452.0,0
1,1048,0.7831006089677858,0.002634659409523,0.125,0.8941606283187866,1.1850050687789917,241.0505169840592,2.124036100009107,1.1039706000010483,0.910970199998701,1065.16845703125,2452.0,0
1,1049,0.7188173056991852,0.0088158175349235,0.265625,0.9622240662574768,0.9603477120399476,433.7643895186293,1.1803643000021111,0.8468377999961376,0.3233165999990888,172.9169921875,2452.0,0
1,1050,0.7321159791477131,0.0185821130871772,0.265625,0.9815471768379213,0.539736270904541,373.5907801894366,1.3704834999953164,0.9291546000022208,0.4240629999985685,335.29638671875,2452.0,0
1,1051,0.7036019000852074,0.027957759797573,0.265625,0.9245219230651855,0.9412964582443236,543.3337878748958,0.9423305000091204,0.6910430999996606,0.2355833999899914,79.75341796875,2452.0,0
1,1052,0.7372582332963236,0.0250279903411865,0.21875,0.9821762442588806,1.2069114446640017,498.10515739488153,1.0278953999950318,0.707425400003558,0.3023085999884642,183.169921875,2452.0,0
1,1053,0.7755625416837677,0.026331141591072,0.09375,0.8798776268959045,0.9591004848480223,280.135401695286,1.8276876000018087,0.9273723000078462,0.8633818999951473,1011.71484375,2452.0,0
1,1054,0.68125234903267,0.0383036881685256,0.265625,0.9226443767547609,1.1035330295562744,518.6584332384443,0.9871621999918716,0.7183548000029987,0.2627632999938214,88.03173828125,2452.0,0
1,1055,0.7120597347320781,0.0225279033184051,0.125,0.9537788033485411,1.151034235954285,378.3181997409602,1.353358100008336,0.8102884999971138,0.5224722999992082,501.65380859375,2452.0,0
1,1056,0.7237069199921623,0.0213416516780853,0.296875,0.9359968304634094,1.2449114322662354,432.1053972555287,1.1848961000068812,0.82283710000047,0.3528572999930475,168.15478515625,2452.0,0
1,1057,0.6565539355571395,0.029599018394947,0.140625,0.9717002511024476,1.1845539808273315,393.0828776089392,1.302524300001096,0.9736903000011808,0.3221176999941235,87.75927734375,2452.0,0
1,1058,0.6762180129409868,0.0525394305586814,0.296875,0.9605454206466676,1.0282939672470093,429.1034018509477,1.1931856000010157,0.8389681999979075,0.3367633000016212,100.14306640625,2452.0,0
1,1059,0.6906002197385525,0.0458367466926574,0.09375,0.9632166624069214,1.491718292236328,443.3898923859091,1.1547399000119185,0.8074709000065923,0.3406214999995427,100.78271484375,2452.0,0
1,1060,0.7311860930956382,0.0166714042425155,0.265625,0.924615204334259,0.8155739307403564,285.4397411061876,1.7937235999997938,0.9787906000128714,0.7832882000075188,871.70458984375,2452.0,0
1,1061,0.7483953202390876,0.0086081176996231,0.15625,0.8453958630561829,0.3022124469280243,282.405289980213,1.812997200002428,0.915230899991002,0.8595972000039183,1029.06640625,2452.0,0
1,1062,0.6987343813718506,0.0111610442399978,0.328125,0.9548698663711548,1.1469999551773071,489.1661637302321,1.046679099992616,0.7715335999964736,0.2675244999991264,127.8876953125,2452.0,0
1,1063,0.7097341245078439,0.0427798330783844,0.140625,0.9333999752998352,0.8131347298622131,358.990445947809,1.4262217999930726,0.8683078999893041,0.5366139999969164,533.18115234375,2452.0,0
1,1064,0.6763653473004081,0.0472548231482505,0.171875,0.9721551537513732,1.0907232761383057,468.0577550351734,1.0938821000017924,0.7588520999997854,0.3247146000067005,122.49365234375,2452.0,0
1,1065,0.7334370863888581,0.0061527639627456,0.1875,0.9375094175338744,1.318046808242798,281.9137672032985,1.816158200002974,1.0027536999987203,0.7826841000060085,864.677734375,2452.0,0
1,1066,0.7076379454492454,0.0022272616624832,0.21875,0.9757049083709716,1.165895700454712,446.8297083094664,1.1458504000038374,0.7728413000004366,0.3616424999927403,229.55078125,2452.0,0
1,1067,0.7146756481197032,0.0009773969650268,0.09375,0.9513718485832214,0.8224281668663025,296.53044895645,1.7266355000028852,0.9599248000013176,0.7351499999931548,842.2451171875,2452.0,0
1,1068,0.6601765456409208,0.0330456644296646,0.265625,0.9429360032081604,1.17104971408844,514.7361313759128,0.9946844000078272,0.6923007000004873,0.2955772999994224,104.10009765625,2452.0,0
1,1069,0.6841777905712497,0.025152713060379,0.1875,0.9550464153289796,1.189743995666504,499.5877425331714,1.0248450000071898,0.7169001000002027,0.3005224999942584,121.86962890625,2452.0,0
1,1070,0.6969142269506983,0.05021533370018,0.21875,0.9588983058929444,1.1746826171875,486.0524311966843,1.0533843000011984,0.7569494000053965,0.2876418999949237,175.1923828125,2452.0,0
1,1071,0.6722007548425346,0.0431854203343391,0.203125,0.9803913831710817,1.2824915647506714,491.2141268572736,1.0423153000010643,0.7267685999977402,0.3079928000079235,127.736328125,2452.0,0
1,1072,0.7118693965877484,0.0428101122379303,0.375,0.9856426119804382,1.043220281600952,475.7980047859437,1.0760869000077946,0.7122844999976223,0.3535033000080148,216.759765625,2452.0,0
1,1073,0.6993641064532221,0.0171629041433334,0.0625,0.9833372235298156,1.6487420797348022,497.2559628940027,1.0296508000028552,0.7387429999944288,0.2820551000040723,167.08349609375,2452.0,0
1,1074,0.7148304145194915,0.0235715955495834,0.109375,0.9790909886360168,0.932886242866516,494.2481390156398,1.035916900000302,0.7140623000013875,0.2972338999970816,222.71142578125,2452.0,0
1,1075,0.719133663111412,0.0148458182811737,0.125,0.98673278093338,0.9112775921821594,505.6138443384508,1.0126305000012508,0.7121545999980299,0.2754014000092866,170.57763671875,2452.0,0
1,1076,0.7077478765926309,0.0508162081241607,0.078125,0.9427695274353028,0.679826021194458,388.9777383977743,1.3162706999864895,0.7646208999940427,0.504233599989675,499.08642578125,2452.0,0
1,1077,0.7206380130405982,0.007010318338871,0.0625,0.9868150949478148,1.670710206031799,467.699033119798,1.0947210999875097,0.740228800001205,0.3438585000112653,231.58837890625,2452.0,0
1,1078,0.7280738417442886,0.0154701918363571,0.171875,0.9649255275726318,2.8572981357574463,305.21826056435725,1.6774881000019377,0.8714984999969602,0.7698248000087915,886.38525390625,2452.0,0
1,1079,0.6819561166469811,0.0190815106034278,0.1875,0.9842604994773864,1.1269110441207886,487.9990362061043,1.0491823999909684,0.7210313999967184,0.3114211000065552,180.76953125,2452.0,0
1,1080,0.6406836613682941,0.0138467997312545,0.109375,0.939980149269104,1.685935616493225,465.1541404525133,1.1007104000018444,0.7764969999989262,0.3182216999994125,83.3671875,2452.0,0
1,1081,0.70485363267752,0.013997659087181,0.21875,0.9767319560050964,0.8713802099227905,426.9415814642109,1.1992273000068965,0.8259902999998303,0.361404199997196,212.97119140625,2452.0,0
1,1082,0.6883756437866304,0.0058666765689849,0.140625,0.932562291622162,0.7925968170166016,295.9537743334154,1.729999899995164,0.95543099999486,0.739320199994836,818.5791015625,2452.0,0
1,1083,0.6954670905542499,0.0082285404205322,0.28125,0.9669288396835328,1.244967699050903,486.3206178847474,1.0528034000017217,0.7517441999953007,0.2889756000076886,217.2705078125,2452.0,0
1,1084,0.707045346645635,0.0060244053602218,0.078125,0.942418336868286,0.3369252383708954,282.3016961528347,1.813662500004284,0.9148607999959496,0.862365699998918,1041.8349609375,2452.0,0
1,1085,0.7176463170599144,0.0054106414318084,0.171875,0.9771241545677184,1.2792115211486816,378.3689431240535,1.3531765999941854,0.8242209000018192,0.5076952999952482,532.75439453125,2452.0,0
1,1086,0.7266918118274815,8.58008861541748e-05,0.078125,0.9587135314941406,0.4007884562015533,284.5451734340546,1.799362800011295,0.9136725999996996,0.8496073999995133,1025.6357421875,2452.0,0
1,1087,0.719053032082273,0.0117663592100143,0.03125,0.9858048558235168,1.6544090509414673,380.5196248181115,1.3455284999945434,0.811786199992639,0.5133282000024337,514.68798828125,2452.0,0
1,1088,0.7232044438755492,0.0263811349868774,0.21875,0.9779823422431946,0.5632908940315247,298.57578766121696,1.714807500000461,0.9462715999979991,0.7391421999927843,864.39306640625,2452.0,0
1,1089,0.7036295524155172,0.0255877375602722,0.140625,0.8979744911193848,1.513265609741211,485.4207388969892,1.0547551000054227,0.7292518999893218,0.3084955000085756,103.68115234375,2452.0,0
1,1090,0.6888554706766963,0.0178266763687133,0.28125,0.9308317303657532,1.020990967750549,554.0162608103225,0.9241605999995954,0.6918619999923976,0.2264729000016814,79.75341796875,2452.0,0
1,1091,0.6977888593341172,0.0135489702224731,0.3125,0.9678126573562622,1.1907203197479248,507.5089517877702,1.0088491999922553,0.7225171000027331,0.2778359999938402,84.58984375,2452.0,0
1,1092,0.7206467189547243,0.0322367250919342,0.21875,0.971470832824707,1.368037223815918,494.1582198128429,1.0361053999949943,0.7479583000094863,0.2799865000124555,124.72314453125,2452.0,0
1,1093,0.677619352065295,0.0233347937464714,0.28125,0.977544367313385,1.2074884176254272,524.4037749351432,0.9763468999881296,0.6803434999892488,0.2888169000070775,121.97607421875,2452.0,0
1,1094,0.6422927108959149,0.0155245065689086,0.1875,0.965719759464264,1.0407297611236572,516.4020694376446,0.9914755000063452,0.7365848000044934,0.2488409999932628,83.3671875,2452.0,0
1,1095,0.7138056953398081,0.0172324627637863,0.0625,0.9678326845169068,0.941421389579773,502.7036521746186,1.018492699993658,0.7168520999985049,0.2929332000057911,168.77587890625,2452.0,0
1,1096,0.7527767279905649,0.0079348236322402,0.265625,0.8214879035949707,0.6017159819602966,279.318515194979,1.8330328000010925,0.9054430999967736,0.8911934999923687,1098.2822265625,2452.0,0
1,1097,0.7426081095663076,0.0038913786411285,0.046875,0.976100742816925,1.2261399030685425,314.08060142699463,1.6301547999901231,0.8768138000014005,0.7228223999991314,863.09912109375,2452.0,0
1,1098,0.7161829372935583,0.0188741162419319,0.203125,0.9735963344573976,1.2005581855773926,517.0144716598226,0.99030109999876,0.6812582999991719,0.2985029999981634,219.94189453125,2452.0,0
1,1099,0.7256553591157493,0.0422814935445785,0.078125,0.9622822999954224,1.366446018218994,479.37247147459897,1.0680629999988014,0.7255281999969156,0.3312677000067197,236.12158203125,2452.0,0
1,1100,0.7072852562102327,0.0015837401151657,0.1875,0.9891728162765504,0.7909556031227112,370.9315976025724,1.380308400010108,0.8314958999981172,0.5076858999964315,546.21142578125,2452.0,0
1,1101,0.7170587919350443,0.0651472061872482,0.4375,0.9531903266906738,0.9136643409729004,491.9708341997156,1.0407121000025654,0.7162284000078216,0.3159904000058304,169.12646484375,2452.0,0
1,1102,0.6551825141876502,0.0147757679224014,0.140625,0.9532631635665894,0.9203387498855592,552.6513773624811,0.9264430000039284,0.6869166999968002,0.2334618000022601,82.1484375,2452.0,0
1,1103,0.6811699520643819,0.0032094419002532,0.328125,0.9649035930633544,0.7697726488113403,520.3149978876903,0.9840192999981808,0.6982017999980599,0.2791436999978032,102.79052734375,2452.0,0
1,1104,0.7176118238493855,0.034423291683197,0.21875,0.9815847277641296,1.1465089321136477,500.65960925383416,1.0226509000058286,0.7272580999997444,0.286650499998359,174.626953125,2452.0,0
1,1105,0.752781395352189,0.0167569816112518,0.046875,0.9215024709701538,0.4988447427749634,303.78957919819845,1.6853771000023698,0.9194355000072392,0.7343669000110822,856.8486328125,2452.0,0
1,1106,0.7273557825095273,0.0107603818178176,0.265625,0.9621922373771667,0.4896236062049866,305.05306701838964,1.6783965000067838,0.9023696000076598,0.7421875999862095,854.10546875,2452.0,0
1,1107,0.7553681886653949,0.0118056684732437,0.1875,0.9442170262336732,1.246317982673645,272.2234852732222,1.880807599998661,0.9790538000088418,0.8577644000033615,1042.34716796875,2452.0,0
1,1108,0.7227358328230099,0.0060647577047348,0.109375,0.9875150322914124,0.9078179597854614,374.7193264423859,1.366355999998632,0.8397889000043506,0.50604839999869,546.5224609375,2452.0,0
1,1109,0.7142637127115676,0.0200777351856231,0.15625,0.9556350111961364,1.3463822603225708,508.3375297654536,1.0072048000001814,0.7253191000054358,0.2726010999904247,172.794921875,2452.0,0
1,1110,0.7101168260357817,0.0531594902276992,0.3125,0.9651693105697632,1.5260355472564695,379.8318205609525,1.3479649999935646,0.817079400003422,0.5108446000085678,546.6142578125,2452.0,0
1,1111,0.7395018955257157,0.010181188583374,0.109375,0.9696547389030457,1.2967420816421509,312.6708964792745,1.637504499987699,0.8808532999973977,0.7272704999923008,850.32421875,2452.0,0
1,1112,0.6985266694293354,0.0478841587901115,0.328125,0.8755519986152649,1.1882208585739136,519.9300775279204,0.9847478000010595,0.7153649000101723,0.2620248999883188,122.53759765625,2452.0,0
1,1113,0.651968847296658,0.0111449733376502,0.171875,0.9601521492004396,1.086233139038086,544.1318567570381,0.940948399991612,0.6981869000010192,0.2364445999992313,83.3671875,2452.0,0
1,1114,0.7326980385095624,0.0155728608369827,0.140625,0.9007140398025513,0.4551575481891632,265.43252982626325,1.9289270999870496,1.0065562999952815,0.8744991999992635,1033.5390625,2452.0,0
1,1115,0.7001464898785804,0.0158466771245002,0.140625,0.9848785996437072,1.025886058807373,520.2673076516833,0.9841095000010682,0.6957932000077562,0.269367399989278,172.9169921875,2452.0,0
1,1116,0.6811058852151917,0.0011873394250869,0.21875,0.9641579389572144,1.115217685699463,500.89133221356855,1.0221777999977348,0.7200188999995589,0.2724330000055488,179.37548828125,2452.0,0
1,1117,0.7023772981845222,0.0467083752155303,0.40625,0.980118453502655,1.2582443952560425,483.09958201394335,1.059822900002473,0.7203317000094103,0.3290528999932576,220.18017578125,2452.0,0
1,1118,0.6910343599880957,0.0034282207489013,0.0625,0.9809253215789796,0.7895830273628235,374.46658624228274,1.3672782000066943,0.8214956999872811,0.5240125999989687,552.57763671875,2452.0,0
1,1119,0.6950123848804101,0.0137734860181808,0.03125,0.9747495055198668,1.0629388093948364,311.77885915050814,1.6421896000101697,0.872870300008799,0.7385256000125082,848.06982421875,2452.0,0
1,1120,0.6326048158050228,0.0143024921417236,0.25,0.9530441761016846,1.2746036052703855,543.4353435023012,0.9421544000069844,0.7020498999918345,0.2338044000061927,85.80908203125,2452.0,0
1,1121,0.6335335190940451,0.0370436310768127,0.21875,0.955578088760376,1.0691373348236084,494.1732915156533,1.036073800001759,0.7733073999988846,0.2563885999988997,83.3671875,2452.0,0
1,1122,0.7110738082904242,0.0336287766695022,0.21875,0.9848784804344176,1.104295015335083,460.1922057442053,1.112578600004781,0.7636892000009539,0.3380603999976301,224.39013671875,2452.0,0
1,1123,0.6105890508800037,0.0229925438761711,0.171875,0.9679012894630432,0.7720452547073364,521.5360785876509,0.9817153999902076,0.6931688000040594,0.2827023999998346,83.3671875,2452.0,0
1,1124,0.6662062234012054,0.0591286122798919,0.265625,0.9794236421585084,0.8601399064064026,507.0719201338839,1.009718699991936,0.7132185000082245,0.289681100010057,105.6650390625,2452.0,0
1,1125,0.6549931060557681,0.0173446089029312,0.234375,0.9788340926170348,0.7920407652854919,523.4525663574349,0.9781210999935864,0.6855532000045059,0.285575300003984,98.87451171875,2452.0,0
1,1126,0.7060114842683052,0.0483834594488143,0.375,0.9790939688682556,1.245362401008606,353.0608131410902,1.4501750999916112,0.9910811000008836,0.4435219000006327,325.3935546875,2452.0,0
1,1127,0.7090467245782238,0.0248099416494369,0.296875,0.959588885307312,0.9748777151107788,407.6263060362625,1.256052400000044,0.9069550999993226,0.3381740000040736,173.943359375,2452.0,0
1,1128,0.6731772969340523,0.0192841291427612,0.125,0.982505202293396,0.8953486084938049,419.3305142630704,1.2209939000022132,0.8608767000114312,0.3517404000012902,120.72900390625,2452.0,0
1,1129,0.724441262004454,0.0263297110795974,0.15625,0.8709290027618408,0.5171647071838379,238.10321030056855,2.150328000003356,1.1639788999891607,0.9425227000028826,1060.0517578125,2452.0,0
1,1130,0.738016352065143,0.0105398446321487,0.109375,0.940972626209259,1.3135238885879517,241.14230617481172,2.1232276000082493,1.1596964000054868,0.9192915000021458,1056.95703125,2452.0,0
1,1131,0.7553960647891119,0.0349134653806686,0.15625,0.9305514097213744,0.6172570586204529,244.64104707821247,2.0928622000064934,1.1213898999994854,0.9282632999966154,1051.35595703125,2452.0,0
1,1132,0.7309424630566095,0.0165955722332,0.046875,0.9478354454040528,0.99448424577713,311.56583495566883,1.643312400003197,1.0516991000040434,0.5669484999962151,548.77783203125,2452.0,0
1,1133,0.6602044252917163,0.0283502340316772,0.21875,0.8382730484008789,1.2848806381225586,397.7610712949337,1.2872048999997787,0.9220103999978164,0.3572035000106552,126.025390625,2452.0,0
1,1134,0.6294218316192989,0.0165962427854537,0.203125,0.9400188326835632,1.4010549783706665,378.63591236172897,1.352222499990603,0.95926089999557,0.3828897000057623,120.83740234375,2452.0,0
1,1135,0.6192555473387102,0.0311087816953659,0.21875,0.9452800750732422,1.152253270149231,386.2914227771764,1.3254241999966323,0.9444247999927028,0.3582027999946149,101.85546875,2452.0,0
1,1136,0.6857259722358328,0.0454457551240921,0.25,0.9828770756721495,1.935370087623596,313.283629742466,1.634301800004323,1.0138994000008097,0.5861090999969747,506.173828125,2452.0,0
1,1137,0.6770954013274876,0.0469295978546142,0.078125,0.9921697974205016,0.8855953216552734,370.7849822221809,1.3808542000042507,0.9537282000092092,0.4144254999991972,216.51171875,2452.0,0
1,1138,0.6403118569024138,0.0392200201749801,0.15625,0.9742829203605652,0.8188955783843994,386.2493423562967,1.3255686000047715,0.9587557999911952,0.3590189999958966,106.3291015625,2452.0,0
1,1139,0.6906936713097594,0.0215692967176437,0.234375,0.9756971597671508,1.7535337209701538,313.7969597600129,1.6316283000051044,1.0220406000007642,0.5851116999983788,535.8994140625,2452.0,0
1,1140,0.6837257327316716,0.0338697582483291,0.1875,0.9793696999549866,1.1124292612075806,379.85763351518256,1.347873399994569,0.9605946999945444,0.3754733999958262,235.42822265625,2452.0,0
1,1141,0.6459594807664195,0.0296055525541305,0.0625,0.9305236339569092,0.873494565486908,374.141584383157,1.368465899999137,0.95409970000037,0.405451600003289,124.50244140625,2452.0,0
1,1142,0.6103568431891596,0.0126678943634033,0.328125,0.9824102520942688,1.8064005374908447,428.4977446563341,1.1948720999935176,0.8662851999979466,0.3211087999952724,104.6279296875,2452.0,0
1,1143,0.6705222971009446,0.015951782464981,0.140625,0.9873918890953064,0.9031102657318116,362.9205492495552,1.4107770999980858,0.9507045999926048,0.443008699992788,338.12841796875,2452.0,0
1,1144,0.6927997097492453,0.0151440799236297,0.421875,0.9890628457069396,1.5153013467788696,367.74336225202575,1.3922752999933437,0.9297538999962852,0.4257577999960631,226.08349609375,2452.0,0
1,1145,0.6162706245603082,0.00845168530941,0.109375,0.9445456862449646,1.015044927597046,450.8962531768792,1.1355161999963457,0.8362876000028336,0.2925803999969503,83.3671875,2452.0,0
1,1146,0.6852745895862763,0.0089902877807617,0.203125,0.982527494430542,0.5980815291404724,417.71056916290576,1.2257290999987165,0.8720955999888247,0.3434528999932809,175.857421875,2452.0,0
1,1147,0.6436440790404077,0.0317703187465667,0.171875,0.9603151082992554,1.0052536725997925,427.6707663498978,1.197182599993539,0.8696292000095127,0.3187287000037031,128.0,2452.0,0
1,1148,0.5689953269666029,0.0150286704301834,0.21875,0.9363044500350952,0.9378668665885924,443.483985942646,1.1544948999944609,0.8536442000040552,0.2943036999931792,79.75341796875,2452.0,0
1,1149,0.6861455789624843,0.0278154611587524,0.03125,0.9076642394065856,0.9357635974884032,245.18011568251976,2.088260699994862,1.117955699999584,0.9311660999956076,1030.02490234375,2452.0,0
1,1150,0.6777551107947406,0.0290035456418991,0.328125,0.9607986211776732,0.9137488007545472,408.5613390223004,1.253177799997502,0.8803310999937821,0.3506428999971831,219.46630859375,2452.0,0
1,1151,0.6806479212648595,0.0618758499622345,0.28125,0.9809054136276244,1.4252055883407593,367.1289120835884,1.3946054999978514,0.941242799992324,0.4365456999948947,323.92724609375,2452.0,0
1,1152,0.6590310767456037,0.0003080070018768,0.21875,0.958535611629486,1.2863287925720217,429.5046544642007,1.1920708999969063,0.8638064000115264,0.3189704000105848,126.11962890625,2452.0,0
1,1153,0.6148581507937387,0.0649220049381256,0.359375,0.9442116618156432,0.9866570234298706,437.72801718141056,1.169676100005745,0.8652692000032403,0.2972908999945503,79.75341796875,2452.0,0
1,1154,0.6475210288153125,0.0137476772069931,0.171875,0.9821275472640992,1.265130639076233,424.015509693083,1.2075029999978142,0.8608387000131188,0.3383186999999452,127.4892578125,2452.0,0
1,1155,0.7110521190109771,0.02494677901268,0.109375,0.8862026929855347,0.2646183669567108,246.4110495333756,2.077828900000896,1.110539199988125,0.9246965000056662,1054.00341796875,2452.0,0
1,1156,0.6787280216777442,0.040494292974472,0.390625,0.9629628658294678,0.91088205575943,420.992944749085,1.2161724000034155,0.8728409000032116,0.333457200002158,173.0166015625,2452.0,0
1,1157,0.6172530732684467,0.0357987284660339,0.125,0.9644221663475036,1.063055157661438,435.74920522678246,1.174987799997325,0.8745381999906385,0.2935753999918233,83.3671875,2452.0,0
1,1158,0.6693587176979362,0.0485628396272659,0.109375,0.925895094871521,2.1105470657348637,373.4884205085887,1.3708591000031447,0.9325859999953536,0.421667200003867,318.3115234375,2452.0,0
1,1159,0.652987341864013,0.0203118473291397,0.34375,0.9793901443481444,1.0683776140213013,412.8718941541616,1.240094100008719,0.8806053000007523,0.3348382999975001,177.17529296875,2452.0,0
1,1160,0.5690967874938568,0.0486111789941787,0.265625,0.9084829688072203,1.0739563703536987,438.2320861754772,1.168330699991202,0.8684675999975298,0.2927678999985801,78.28466796875,2452.0,0
1,1161,0.6393030537223728,0.0048686116933822,0.140625,0.9620566964149476,1.0624239444732666,271.79678858302685,1.8837602999992669,1.055199199996423,0.7933137999934843,849.1845703125,2452.0,0
1,1162,0.665091680243358,0.0257781147956848,0.15625,0.9692969918251038,0.7268317937850952,380.10325742608416,1.3470023999980183,0.931306999991648,0.4005876000010175,327.96240234375,2452.0,0
1,1163,0.6642108367325159,0.0159443914890289,0.109375,0.9865905046463012,0.8960831165313721,421.5528442425316,1.2145571000000928,0.879846700001508,0.3235458999988623,176.837890625,2452.0,0
1,1164,0.7121556658556901,0.0013829469680786,0.203125,0.9503377079963684,0.3527722656726837,246.44561169072105,2.077537500008475,1.0951307000068482,0.941029100009473,1098.0556640625,2452.0,0
1,1165,0.6885278573693713,0.0288740843534469,0.265625,0.9809386730194092,0.6377175450325012,325.08791024988415,1.5749585999874398,0.9884966999961762,0.5625989000109257,536.04736328125,2452.0,0
1,1166,0.6892803691471452,0.0072872936725616,0.046875,0.9777424335479736,1.1570212841033936,328.9518489025742,1.5564587999979267,0.9783182999963174,0.5547939000098268,536.10693359375,2452.0,0
1,1167,0.7197654801154155,0.019029825925827,0.296875,0.9740901589393616,0.909784734249115,259.55117923351014,1.9726360000058776,1.0531439000042155,0.7778935999958776,849.56591796875,2452.0,0
1,1168,0.690743111339108,0.023038238286972,0.171875,0.9820298552513124,1.2287453413009644,327.87534025904324,1.5615690999984508,0.9810844999883556,0.5572382999962429,546.794921875,2452.0,0
1,1169,0.6736746707532127,0.006004512310028,0.21875,0.9639732241630554,1.2556121349334717,411.19365502492985,1.2451553999999303,0.8800506999978097,0.3525869000004604,222.72509765625,2452.0,0
1,1170,0.7120256176986497,0.0448958277702331,0.1875,0.9391366839408876,1.1469577550888062,251.3926267736467,2.0366547999874456,1.0865942999953404,0.9091709999920567,1043.9072265625,2452.0,0
1,1171,0.702779667608894,0.0050618648529052,0.0,0.972044050693512,1.7022011280059814,236.1383338949653,2.1682205999968573,1.1378187999944205,0.9848484999965876,1103.45458984375,3292.0,0
1,1172,0.711792745028265,0.0393544435501098,0.0,0.9846985936164856,1.4067031145095823,244.40664415687132,2.0948693999962416,1.113812899988261,0.9376056000037352,1065.85205078125,3292.0,0
1,1173,0.7233774943900206,0.015423908829689,0.078125,0.9810338616371156,1.167882800102234,244.94110505961703,2.0902983999985736,1.1219367000012426,0.9266333999985364,1071.91748046875,3292.0,0
1,1174,0.6002363021732262,0.034038633108139,0.1875,0.8558588624000549,1.1091927289962769,455.9557031935441,1.1229160999937449,0.8232753999909619,0.2928380999946967,91.6083984375,3292.0,0
1,1175,0.6769382629292058,0.0132486373186111,0.046875,0.9710601568222046,2.0827887058258057,419.7680240547536,1.2197213000035845,0.8703289999975823,0.3397081000002799,171.5380859375,3292.0,0
1,1176,0.6521200822482494,0.0021180808544158,0.1875,0.9666441679000854,0.9283963441848756,448.5789640519704,1.1413820999878226,0.8258088000002317,0.3083052000001771,106.4453125,3292.0,0
1,1177,0.7459257323765535,0.0059262365102767,0.265625,0.8357806205749512,0.6473391056060791,256.0857759316443,1.9993300999922208,1.0587505000003148,0.9003587999904994,1012.3125,3292.0,0
1,1178,0.6709497521827386,0.0190541446208953,0.109375,0.990920066833496,1.1013227701187134,441.5245186206066,1.1596185000089465,0.825600400014082,0.3241733000031672,176.6298828125,3292.0,0
1,1179,0.6545265985764729,0.0084057450294494,0.296875,0.9785302877426147,1.6591006517410278,438.2295355582577,1.1683374999993248,0.8293242999934591,0.3316293000098085,101.67529296875,3292.0,0
1,1180,0.6532519487699847,0.0190601050853729,0.265625,0.9676953554153442,1.4706188440322876,434.7627460588997,1.1776538000121946,0.8604576000070665,0.3099431000009645,103.29541015625,3292.0,0
1,1181,0.5781807735766876,0.0023176074028015,0.28125,0.9554476141929626,0.89054274559021,456.9458400518453,1.1204828999907477,0.8291240000107791,0.2849099000013666,79.75341796875,3292.0,0
1,1182,0.720671983221789,0.0129454582929611,0.0625,0.9150910973548888,1.20199453830719,244.47867357962605,2.094252200011397,1.121573199998238,0.9292418000113684,1028.81787109375,3292.0,0
1,1183,0.6200836533785647,0.0321993380784988,0.203125,0.9649145007133484,1.3708162307739258,459.65053810755086,1.1138897000055294,0.795398699992802,0.3103805999999167,101.47412109375,3292.0,0
1,1184,0.6628036142193662,0.0048140734434127,0.296875,0.9681397676467896,1.1014236211776731,331.66597763909783,1.5437218000006396,0.97117900000012,0.5492782999936026,510.80078125,3292.0,0
1,1185,0.6701853628638331,0.0244253575801849,0.140625,0.9730767011642456,1.1694831848144531,419.57325629971206,1.2202875000075435,0.8593679000041448,0.3493186000123387,171.478515625,3292.0,0
1,1186,0.6853274613463406,0.0064271837472915,0.015625,0.9755731225013732,1.1087279319763184,323.13197687998394,1.5844919000082882,0.9789209000009578,0.5806234999909066,563.00537109375,3292.0,0
1,1187,0.6606397613105824,0.0088396817445755,0.015625,0.9728442430496216,1.0102381706237793,328.78211974858954,1.5572623000043675,0.9873934999923222,0.5469825000036508,523.3779296875,3292.0,0
1,1188,0.7065838541024954,0.0500516295433044,0.140625,0.9776095747947692,0.5985358953475952,269.65814457495367,1.8987002999929248,1.0783222000027308,0.7829119999951217,878.3681640625,3292.0,0
1,1189,0.719699506079896,0.0077562779188156,0.09375,0.9570422768592834,0.87405925989151,228.1031755207115,2.2445983000070555,1.250597799997195,0.9507621999946424,1097.791015625,3292.0,0
1,1190,0.742423572082802,0.0012353658676147,0.078125,0.9824185371398926,1.1907240152359009,243.790972477398,2.100159800000256,1.1291221999999834,0.9287687000032748,1072.20458984375,3292.0,0
1,1191,0.6931441816385135,0.0178791582584381,0.109375,0.977371335029602,1.140424728393555,370.66528844968144,1.3813000999944052,0.9570822000096086,0.4074865999864414,327.57763671875,3292.0,0
1,1192,0.7351155782646345,0.0016902238130569,0.25,0.9221453666687012,1.7622450590133667,275.7267311148967,1.856910999995307,1.057716399998753,0.7632536000019172,833.5537109375,3292.0,0
1,1193,0.6825993164613604,0.025107130408287,0.078125,0.9802381992340088,1.0035004615783691,411.3066594003134,1.2448132999998052,0.8764974999940023,0.3556669999961741,217.427734375,3292.0,0
1,1194,0.6164005274618323,0.0305579006671905,0.34375,0.9180921316146852,0.7403640151023865,441.9904764868709,1.158395999998902,0.8600006999913603,0.2918755999999121,84.58984375,3292.0,0
1,1195,0.6510629087639339,0.0269630998373031,0.203125,0.9774852991104126,0.8468914031982422,425.77707642971984,1.2025071999960346,0.8696181000123033,0.324746900005266,121.95654296875,3292.0,0
1,1196,0.6880926864775972,0.0207772254943847,0.21875,0.9844086170196532,1.133145093917847,389.1482957500174,1.3156938000029186,0.9249721999949544,0.3774342000106117,234.74951171875,3292.0,0
1,1197,0.6603193577771398,0.0169015377759933,0.328125,0.9734582901000975,1.3391249179840088,436.3825421387112,1.1732825000071898,0.8304658999986714,0.3323961999994935,174.9619140625,3292.0,0
1,1198,0.7306212262777247,0.0036260783672332,0.09375,0.9010823369026184,1.009262204170227,246.55422413652596,2.076622299995506,1.0952064000011887,0.9385963999957312,1022.9111328125,3292.0,0
1,1199,0.5977930522334637,0.0132605582475662,0.1875,0.9358599185943604,0.7072351574897766,456.22763192937447,1.1222467999905348,0.821067500000936,0.2944797999953152,88.74609375,3292.0,0
1,1200,0.6809383065947441,0.0138116925954818,0.046875,0.9769774079322816,1.271687150001526,404.2342591211856,1.2665923000022303,0.888389300002018,0.3656515999900875,219.39453125,3292.0,0
1,1201,0.6841141788265812,0.0086816996335983,0.140625,0.9335336089134216,1.0407027006149292,313.81667393877314,1.6315257999958703,0.9492029000102776,0.5565765000064857,508.15234375,3292.0,0
1,1202,0.6962435666076267,0.0101632326841354,0.171875,0.9923678636550904,0.658769428730011,382.8364261089607,1.337385799997719,0.9100800000014716,0.4112844999908702,343.265625,3292.0,0
1,1203,0.6627492592202399,0.0188054889440536,0.1875,0.9905003905296326,0.6574950218200684,438.9894291876079,1.1663150999956995,0.8481413000117755,0.3098681999981636,125.94091796875,3292.0,0
1,1204,0.6420382092136677,0.0272042900323867,0.171875,0.9796127080917358,0.7427579164505005,433.534650339217,1.1809898000065004,0.8468282999965595,0.3258003999944776,102.92919921875,3292.0,0
1,1205,0.6798178658489402,0.0190308392047882,0.234375,0.9743284583091736,0.873694121837616,409.61087926672894,1.2499667999945814,0.9055060999962734,0.3345782999967923,172.7255859375,3292.0,0
1,1206,0.6496095670876294,0.0055904686450958,0.109375,0.9806793332099916,1.0410186052322388,430.5224255085969,1.1892528000025775,0.8593192999978783,0.3218578999949386,122.03369140625,3292.0,0
1,1207,0.6568657513423051,0.0135381817817687,0.296875,0.976084053516388,0.8091272115707397,442.5173046289342,1.157016900004237,0.839741599993431,0.3090315000008559,101.53857421875,3292.0,0
1,1208,0.691013615377609,0.0202146172523498,0.296875,0.9709928631782532,0.6528061628341675,331.0606322674226,1.5465445000008913,0.9441589999914868,0.5786217999993823,556.1181640625,3292.0,0
1,1209,0.7121388465706798,0.013350024819374,0.0625,0.9895980954170228,1.0744389295578003,381.0388234641083,1.34369510000397,0.9122287999925902,0.4162728999945102,321.607421875,3292.0,0
1,1210,0.7218163537295464,0.0530480593442916,0.015625,0.9357711672782898,0.5636828541755676,277.16537342620285,1.8472726000036344,1.0233199000067543,0.7897368999983883,847.50439453125,3292.0,0
1,1211,0.7175612392278969,0.0052774101495742,0.234375,0.9878952503204346,0.8650903105735779,331.3255136626342,1.5453081000014208,0.968736800001352,0.5516141999978572,539.751953125,3292.0,0
1,1212,0.6990574178560262,0.0054518431425094,0.046875,0.9811376929283142,1.3010833263397217,377.42834040032153,1.356548900002963,0.9248395000031452,0.4143963000096846,333.5595703125,3292.0,0
1,1213,0.6009397072122672,0.0363059490919113,0.28125,0.954017162322998,1.5442745685577393,447.846758032,1.143248200009111,0.8264601999981096,0.310040399999707,82.1484375,3292.0,0
1,1214,0.7310663283988675,0.0356139242649078,0.234375,0.9021155834197998,0.6469441652297974,243.9680914511059,2.0986351000028662,1.124769200003357,0.919771300003049,1047.6630859375,3292.0,0
1,1215,0.7257517749714816,0.0118204206228256,0.015625,0.9562590718269348,0.4969162046909332,274.3087807144405,1.8665097000048263,1.054254700007732,0.7766759000078309,856.7431640625,3292.0,0
1,1216,0.758726128300149,0.0146279036998748,0.40625,0.9599753618240356,0.7025073170661926,235.77031734479067,2.1716050000104588,1.100913700007368,0.9199462999968092,1063.85888671875,3292.0,0
1,1217,0.6867223257078059,0.0219348818063735,0.1875,0.9626601338386536,1.5331227779388428,394.2188119208051,1.298771100002341,0.9265562999935356,0.3584294000029331,228.556640625,3292.0,0
1,1218,0.6794761655729437,0.0040655732154846,0.109375,0.9685140252113342,0.5950764417648315,326.4003643463498,1.5686256999906618,0.99696170000243,0.5481570999982068,523.189453125,3292.0,0
1,1219,0.6368095236051873,0.0181275755167007,0.140625,0.9391734004020692,0.834524929523468,428.41990371851136,1.1950892000022575,0.8668957000045339,0.31939639999473,127.6015625,3292.0,0
1,1220,0.6211300442696251,0.0010817050933837,0.125,0.9516226649284364,1.254990577697754,434.0599740351351,1.1795604999933855,0.8810011000023223,0.2919210999971255,83.3671875,3292.0,0
1,1221,0.6740101847109703,0.0031704604625701,0.203125,0.983175814151764,0.6775162816047668,376.3828854884872,1.360316899997997,0.9077441999979784,0.4365407000004779,337.33447265625,3292.0,0
1,1222,0.6754609370401503,0.0121395140886306,0.265625,0.983729362487793,1.2086238861083984,419.64313449393023,1.2200843000027817,0.8573925999953644,0.3517752999905497,221.97705078125,3292.0,0
1,1223,0.7168311759376671,0.0493415892124176,0.046875,0.9127291440963744,0.9148578643798828,253.966250961456,2.016015899993363,1.069949099997757,0.9066291000053752,1047.12646484375,3292.0,0
1,1224,0.6792525381632155,0.0146524906158447,0.109375,0.9766266942024232,1.242042064666748,382.0135771496441,1.3402665000030538,0.9392050999886123,0.3894914999982575,230.0029296875,3292.0,0
1,1225,0.7270917082590774,0.0262712836265563,0.203125,0.9793886542320251,1.2445464134216309,274.9985941246672,1.8618276999914087,1.0511047000036342,0.7750320999912219,842.92822265625,3292.0,0
1,1226,0.6693950469046733,0.0266578793525695,0.171875,0.9768725037574768,0.9665025472640992,323.1121964810345,1.5845889000047464,0.9864807999983896,0.5758250000071712,545.54736328125,3292.0,0
1,1227,0.6000157251319245,0.0358009040355682,0.078125,0.9557781219482422,1.00638747215271,454.16382628983655,1.1273465000122087,0.8127091000060318,0.3062150000041583,100.37353515625,3292.0,0
1,1228,0.6739495692360707,0.0486310571432113,0.125,0.9261372685432434,0.7781933546066284,280.14807795744576,1.827604899997823,1.032918899989454,0.7588156999991043,816.322265625,3292.0,0
1,1229,0.6937432469276525,0.0161294341087341,0.296875,0.9402093291282654,1.0054965019226074,273.9989792475652,1.8686200999945868,1.062557299999753,0.7595000000001164,822.361328125,3292.0,0
1,1230,0.6492510715539619,0.0319450199604034,0.3125,0.9472537636756896,0.9940490126609802,414.1643897757752,1.2362240999937055,0.8921057999978075,0.3328548000135924,178.7607421875,3292.0,0
1,1231,0.646942267668201,0.0063033550977706,0.203125,0.9579440355300904,1.2980000972747805,420.4826631819194,1.2176482999930158,0.8488206999900285,0.3586450000002514,170.0634765625,3292.0,0
1,1232,0.6629132941048508,0.0245769917964935,0.234375,0.9356218576431274,0.8106136322021484,420.6347987057457,1.2172079000010854,0.8822031000017887,0.3260197000054177,123.46630859375,3292.0,0
1,1233,0.683574878683115,0.0100716650485992,0.078125,0.9889894127845764,1.0345861911773682,371.5195439610279,1.378123999995296,0.9275328000076116,0.4350868000037735,335.53173828125,3292.0,0
1,1234,0.6707374285675778,0.0194785445928573,0.15625,0.986386239528656,0.9591169953346252,409.23349048690113,1.251119499997003,0.8843049999995856,0.3543951000028755,223.05517578125,3292.0,0
1,1235,0.6476251736965452,0.0186814367771148,0.265625,0.982442021369934,1.0650123357772827,418.1619153990087,1.2244060999946669,0.8975524999987101,0.3179909000027692,130.806640625,3292.0,0
1,1236,0.6641746044023487,0.0137985348701477,0.15625,0.9715646505355836,0.5881555080413818,320.6604402591643,1.5967046000005212,0.9869124999968336,0.5761500999942655,539.353515625,3292.0,0
1,1237,0.6736883825252853,0.0547258853912353,0.25,0.9667086005210876,1.150400996208191,373.41234115974254,1.371138400005293,0.936991800001124,0.4169089999923017,337.81640625,3292.0,0
1,1238,0.5862799139917528,0.0629672110080719,0.25,0.8974015116691589,1.4382227659225464,430.78663827469705,1.188523400007398,0.880950999999186,0.3006091999995988,79.75341796875,3292.0,0
1,1239,0.6595108782820307,0.0300907790660858,0.203125,0.9783557653427124,0.8200211524963379,327.2423434735309,1.5645896999922115,1.2277813000109743,0.3262239000032423,235.54833984375,3292.0,0
1,1240,0.6120507935114584,0.0008047521114349,0.109375,0.9628766775131226,1.6359083652496338,485.4883548188144,1.0546082000073511,0.7837579000042751,0.2619927999912761,106.0478515625,3292.0,0
1,1241,0.6500009368891873,0.0595328211784362,0.21875,0.972701370716095,0.5139447450637817,376.2901902902876,1.3606520000030289,0.8358074999996461,0.5031637999927625,512.447265625,3292.0,0
1,1242,0.6514614987940653,0.0087146162986755,0.328125,0.9617669582366944,1.124504566192627,456.4439273785975,1.1217150000011316,0.7451205999968806,0.3625878999882843,323.0859375,3292.0,0
1,1243,0.6756443617648658,0.0297940671443939,0.0625,0.9664903283119202,0.705848217010498,311.04068685555376,1.6460869000002276,0.8746291999996174,0.7400098999933107,882.56591796875,3292.0,0
1,1244,0.6673941179032165,0.0256586819887161,0.125,0.9836434721946716,1.6411595344543457,503.239506030502,1.0174082000012277,0.7350776999955997,0.2748441000003367,124.46142578125,3292.0,0
1,1245,0.6450202602182472,0.02996227145195,0.171875,0.9779989719390868,0.988914430141449,507.0802566364817,1.0097021000110544,0.7303380000084871,0.2715723000001162,121.54052734375,3292.0,0
1,1246,0.7034853960241755,0.0082215964794158,0.0625,0.9285250902175904,0.3757894039154053,278.0049539200188,1.841693799986388,0.926722800009884,0.8777614999999059,1043.9794921875,3292.0,0
1,1247,0.6608264814696863,0.0059621185064315,0.40625,0.9488340616226196,1.1538286209106443,510.1644283888553,1.0035979999956908,0.7178788000019267,0.2778391999891028,124.80615234375,3292.0,0
1,1248,0.6426493460627019,0.0041980147361755,0.25,0.9475200176239014,1.9335856437683103,499.3765108676413,1.025278500004788,0.6991762999969069,0.3193523999943863,106.3212890625,3292.0,0
1,1249,0.6642044146455968,0.0146767050027847,0.265625,0.964344084262848,1.378983736038208,472.2430391403893,1.084187500004191,0.7467119000066305,0.3263087000086671,223.06591796875,3292.0,0
1,1250,0.6520151216193535,0.0002936422824859,0.1875,0.9803413152694702,0.655296802520752,479.2830823733547,1.0682622000022093,0.734977500003879,0.3239646999863907,175.98828125,3292.0,0
1,1251,0.6681590908112481,0.0159784406423568,0.15625,0.9823548793792723,1.1214672327041626,486.25452480255984,1.0529464999999618,0.7255529999965802,0.3183826000022236,173.7802734375,3292.0,0
1,1252,0.5611223260574242,0.0028575211763381,0.109375,0.8833094239234924,0.804011881351471,536.3658115372853,0.954572400005418,0.7109461999934865,0.2372474000003421,82.1484375,3292.0,0
1,1253,0.6769156041679284,0.0484270006418228,0.265625,0.9663975834846495,0.9534256458282472,468.5544162784612,1.0927226000058,0.7506340999971144,0.3317036999942502,218.078125,3292.0,0
1,1254,0.6783205565147268,0.0100406855344772,0.203125,0.9847636222839355,0.8494861125946045,471.06202497840985,1.0869056999945317,0.7618215999973472,0.3147514999873237,219.2158203125,3292.0,0
1,1255,0.5990767473318674,0.0670812129974365,0.171875,0.9570751190185548,0.8905423879623413,518.1656531087413,0.9881009999953676,0.7278292999981204,0.2541584999999031,87.75927734375,3292.0,0
1,1256,0.6914062186861082,0.0190640240907669,0.171875,0.972817361354828,0.6290055513381958,428.1573679046492,1.195821999994223,0.7615616000111913,0.4194404000008944,337.07275390625,3292.0,0
1,1257,0.6951468109647182,0.0092890411615371,0.140625,0.9146186709403992,0.6603972911834717,275.0152708667659,1.8617148000048476,0.9365243000065676,0.8842944000061834,1084.61474609375,3292.0,0
1,1258,0.632287711375923,0.068231388926506,0.203125,0.9487605690956116,1.272948145866394,513.4596631268619,0.997157200006768,0.7149433000013232,0.2749718999984907,118.5224609375,3292.0,0
1,1259,0.6475481851616057,0.0051527917385101,0.171875,0.9782902002334596,0.9829818606376648,482.78235012131694,1.0605192999937572,0.7237304000009317,0.3258663000015076,229.8232421875,3292.0,0
1,1260,0.624525027185262,0.0752084851264953,0.25,0.9367697834968568,1.613128900527954,521.0289630004117,0.9826709000044502,0.7107010999898193,0.2644052999967243,124.72314453125,3292.0,0
1,1261,0.6587643277406507,0.0277489721775054,0.296875,0.9838247895240784,0.8137778043746948,480.3031613518493,1.06599339999957,0.7263433999905828,0.2879383999970741,172.3505859375,3292.0,0
1,1262,0.6527018610489148,0.0331277549266815,0.296875,0.9652764797210692,1.086477279663086,487.3038316574936,1.0506791999941925,0.75662800000282,0.2687306999869179,128.3720703125,3292.0,0
1,1263,0.5829094272940223,0.004623144865036,0.125,0.979286789894104,1.3451136350631714,527.7069330050588,0.9702355000044918,0.7020219999976689,0.2614748000050895,102.79052734375,3292.0,0
1,1264,0.6649856495779274,0.0105987340211868,0.046875,0.8736462593078613,0.6990922093391418,277.2751864151761,1.8465410000062548,0.953414800009341,0.8560279000084847,1029.4951171875,3292.0,0
1,1265,0.6152569009884712,0.0107527375221252,0.0625,0.9565445780754088,0.4353272914886474,312.5679736130615,1.6380437000043455,0.8918364999990445,0.7151478000014322,847.8232421875,3292.0,0
1,1266,0.6517620850601076,0.0146899372339248,0.125,0.9378082752227784,1.3106813430786133,505.9546014430388,1.0119485000032,0.7244655999966199,0.2787113999947905,175.69873046875,3292.0,0
1,1267,0.6461408388129282,0.0104138404130935,0.15625,0.975862681865692,1.050873875617981,460.5650611625335,1.111677899985807,0.7808103999996092,0.319946899995557,227.828125,3292.0,0
1,1268,0.6749442317366452,0.006807193160057,0.265625,0.9512513875961304,1.4089545011520386,501.8621339614909,1.0202005000028294,0.7248258000036003,0.2863088000012794,174.88037109375,3292.0,0
1,1269,0.6790899628803871,0.00465989112854,0.203125,0.9761823415756226,0.7267166376113892,485.0144277600989,1.0556386999960523,0.7415654999931576,0.3029996999975992,221.9228515625,3292.0,0
1,1270,0.6455742465400179,0.0037469863891601,0.078125,0.9615775942802428,0.6581493020057678,311.50172670465963,1.6436506000027291,0.8852171000035014,0.7268152000033297,849.0498046875,3292.0,0
1,1271,0.6725765121325752,0.0065994262695312,0.125,0.9521864652633668,0.3866268098354339,277.0758432874384,1.847869500008528,0.9342604000121356,0.8760273000079906,1033.916015625,3292.0,0
1,1272,0.6238493814894859,0.046290248632431,0.109375,0.8712571263313293,1.3579622507095337,527.9871336144882,0.9697205999982544,0.7037112999969395,0.2584550000028685,122.74072265625,3292.0,0
1,1273,0.6250683313654745,0.0405782163143157,0.21875,0.9348475933074952,1.2290509939193726,501.328226054025,1.0212869999959366,0.7217216000135522,0.2922269000118831,127.4404296875,3292.0,0
1,1274,0.6694637768066216,0.0080409049987792,0.109375,0.908288598060608,0.5413349866867065,268.6214050442115,1.906028299999889,0.9445772000035504,0.9231837000115776,1081.3818359375,3292.0,0
1,1275,0.6391615847686335,0.0881939828395843,0.3125,0.937624454498291,1.2876787185668943,531.3776422088049,0.9635331999888876,0.6952514000004157,0.2614556000044103,105.5419921875,3292.0,0
1,1276,0.6787149213514239,0.0428714305162429,0.203125,0.9105876684188844,0.161972239613533,262.4628457452516,1.9507522999920184,1.0136315999989165,0.8966545000002952,1057.65625,3292.0,0
1,1277,0.6764697005028802,0.0136888623237609,0.0625,0.9525353908538818,1.0102980136871338,305.7344314289757,1.6746560000028694,0.9259725000010804,0.7180016000056639,835.103515625,3292.0,0
1,1278,0.6836395530707563,0.028901994228363,0.25,0.941745936870575,2.007206678390503,491.022959067568,1.0427210999914678,0.7471350000123493,0.2858396000083303,179.0966796875,3292.0,0
1,1279,0.6629583293379883,0.0345001220703125,0.453125,0.9736011624336244,0.8768340945243835,298.0712866596804,1.717709899996407,0.9381117000011728,0.7483026000118116,867.22119140625,3292.0,0
1,1280,0.682611992664373,0.0113173425197601,0.078125,0.9599554538726808,0.5996677279472351,279.43547049156905,1.832265599994571,0.9525772000051802,0.8425834999943618,1021.53466796875,3292.0,0
1,1281,0.6546740378185386,0.0024961680173873,0.296875,0.952692687511444,0.8565749526023865,476.1771014292193,1.0752301999891642,0.770954100007657,0.2611762999877101,126.6103515625,3292.0,0
1,1282,0.6709864236162404,0.010894551873207,0.09375,0.9403267502784728,0.9191208481788636,273.1909649118758,1.8741469000087816,0.9514302000025054,0.8829263999941759,1014.23046875,3292.0,0
1,1283,0.6827877791076883,0.0301506668329238,0.109375,0.967179536819458,1.6479076147079468,444.6751196659986,1.151402399991639,0.8014810000022408,0.3379927999922074,231.26513671875,3292.0,0
1,1284,0.6783386159439254,0.0102253407239913,0.203125,0.9790256023406982,1.7045871019363403,484.8052839229352,1.0560941000003368,0.7368331000034232,0.3078401999955531,230.4716796875,3292.0,0
1,1285,0.6658673064582631,0.0155376493930816,0.15625,0.9162985682487488,1.6584174633026123,506.16848351479615,1.0115209000068717,0.7276786000002176,0.2744927000021562,166.01318359375,3292.0,0
1,1286,0.5883795120566723,0.0064789205789566,0.09375,0.8910740613937378,0.9339966773986816,517.8134397110589,0.9887730999907944,0.7064048999891384,0.2764462000050116,83.3671875,3292.0,0
1,1287,0.6899958780869803,0.0052650421857833,0.046875,0.9587380290031432,0.8918187022209167,308.1659276098667,1.6614426000014646,0.8689646999991965,0.759927199993399,850.5283203125,3292.0,0
1,1288,0.6811963596630941,0.005270317196846,0.078125,0.9400213956832886,1.4301470518112185,308.0871739870666,1.6618673000048148,0.8912583000055747,0.729237399995327,830.32470703125,3292.0,0
1,1289,0.6184968789616233,0.0199420750141143,0.234375,0.8946611285209656,1.3695062398910522,534.7286967304203,0.9574948999943445,0.7131289999961155,0.2383465000020805,79.75341796875,3292.0,0
1,1290,0.6127399457576225,0.0104720741510391,0.359375,0.9557950496673584,2.1314876079559326,522.1721218045808,0.9805195999942952,0.7244574999931501,0.2501011999993352,83.3671875,3292.0,0
1,1291,0.6962775609422995,0.030583381652832,0.109375,0.8544639348983765,0.1935097128152847,282.2630061630077,1.8139111000054984,0.9252988999942318,0.8490832999959821,1013.76806640625,3292.0,0
1,1292,0.694487721453581,0.019655629992485,0.21875,0.9292221665382384,0.6852095127105713,280.940646350153,1.822448999999324,0.9224946000031196,0.8627898999984609,1057.140625,3292.0,0
1,1293,0.6429701394112183,0.0470184683799743,0.25,0.8689054250717163,1.0877020359039309,546.3929209679898,0.9370545999991008,0.6735091000009561,0.2568712000065716,97.81005859375,3292.0,0
1,1294,0.6623967579417461,0.0137790739536285,0.046875,0.9359110593795776,1.057783842086792,494.4493712373451,1.035495299991453,0.7247752999974182,0.3040398000011919,101.53857421875,3292.0,0
1,1295,0.6989993496607931,0.0268310010433197,0.234375,0.9875001311302184,1.3451467752456665,482.8537865890864,1.060362400006852,0.7254229999962263,0.3241531999956351,234.61669921875,3292.0,0
1,1296,0.6748556583653317,0.0441212654113769,0.25,0.973369598388672,1.067753553390503,497.626361133275,1.0288844000024255,0.7086486000043806,0.3090055999928154,233.79931640625,3292.0,0
1,1297,0.6764203565269912,0.0413568764925003,0.171875,0.9581121206283568,0.7956970930099487,441.95488037881705,1.1584892999962904,0.7688614000071539,0.3749399000080302,332.8681640625,3292.0,0
1,1298,0.7065004771446852,0.0039151012897491,0.0625,0.9610787630081176,0.465160071849823,280.7701921205344,1.8235553999984404,0.9345923000073526,0.8501278000039747,1043.634765625,3292.0,0
1,1299,0.6861871531017243,0.0152751952409744,0.15625,0.9428396821022034,1.3092025518417358,445.8456071454412,1.1483796000102302,0.759075900001335,0.3744981000054395,328.66650390625,3292.0,0
1,1300,0.6762663811408506,0.008211150765419,0.21875,0.973865807056427,1.235249638557434,503.7496883547011,1.016377799998736,0.7197446000063792,0.2767750999919371,177.47412109375,3292.0,0
1,1301,0.6877597536244858,0.0067833065986633,0.0625,0.9570225477218628,1.9306892156600952,275.1711166645926,1.8606603999942308,0.9618426999950316,0.8619013999996241,1008.74951171875,3292.0,0
1,1302,0.650379492736405,0.0294607877731323,0.203125,0.8984246253967285,1.0037541389465332,520.6045520399604,0.9834719999926164,0.7128193999960786,0.2639721000014106,100.76708984375,3292.0,0
1,1303,0.6936245615632679,0.0337928235530853,0.203125,0.9604642391204834,0.9301891922950744,496.2474196575537,1.031743400002597,0.7297186999931,0.2943709999963175,125.23583984375,3292.0,0
1,1304,0.7159587084218486,0.0005986392498016,0.34375,0.9750192165374756,1.895116686820984,427.868871230144,1.1966282999928808,0.7875501999951666,0.3941494000027887,327.11767578125,3292.0,0
1,1305,0.6208055730441127,0.0211894214153289,0.125,0.9226664304733276,0.5590088963508606,508.1864166753397,1.0075042999960715,0.7397983999981079,0.2610759000090183,83.3671875,3292.0,0
1,1306,0.6898788669808144,0.0077221244573593,0.3125,0.9635855555534364,1.0165159702301023,490.5325305467606,1.043763599998783,0.7349902999994811,0.2998118999967119,176.611328125,3292.0,0
1,1307,0.6474004036274366,0.0503522008657455,0.28125,0.9585633873939514,0.9385069608688354,510.5984073690993,1.002745000005234,0.7268290000065463,0.26848460000474,124.31689453125,3292.0,0
1,1308,0.6884394921121914,0.0404355078935623,0.296875,0.950681209564209,0.947637379169464,474.26975426187,1.0795543999993242,0.7473812999960501,0.3219574999966426,218.1572265625,3292.0,0
1,1309,0.6898246289199743,0.023831084370613,0.3125,0.9630506038665771,1.673732876777649,480.6138039079775,1.0653043999918737,0.7383209999970859,0.3163639999984298,218.234375,3292.0,0
1,1310,0.6958155399650198,0.0209531188011169,0.0,0.9151824116706848,0.6018211841583252,277.39635778721083,1.8457343999907607,0.9259334999951534,0.8800172000046587,1059.23681640625,3292.0,0
1,1311,0.6619050489667206,0.0081185102462768,0.25,0.8965849280357361,0.8580597639083862,502.4283875211735,1.019050699993386,0.7157941000041319,0.2957935000013094,121.259765625,3292.0,0
1,1312,0.6996160515879152,0.0090599060058593,0.203125,0.9459975361824036,1.1725316047668457,435.16618758970907,1.1765619999932824,0.7740501999942353,0.3878289999993285,320.0673828125,3292.0,0
1,1313,0.6798759963396477,0.0121538043022155,0.0625,0.949940025806427,1.0391253232955933,249.7360090391914,2.050164900007076,1.0873270000010962,0.925399900006596,1079.708984375,3292.0,0
1,1314,0.7063647534388489,0.0202281773090362,0.09375,0.9633391499519348,1.234148025512695,352.9443312354499,1.450653699997929,0.8927223999926355,0.5369336000003386,524.12451171875,3292.0,0
1,1315,0.6924356447725272,0.0110065639019012,0.09375,0.9534767866134644,1.5141794681549072,295.3976071985018,1.7332571000006285,0.9561471000051824,0.7457176000025356,855.5126953125,3292.0,0
1,1316,0.6683703679106697,0.0219824612140655,0.109375,0.970938503742218,0.8247870206832886,303.583188820764,1.6865228999959072,0.8978797000017948,0.7570015999954194,873.96435546875,3292.0,0
1,1317,0.6940986892734325,0.0126697421073913,0.25,0.980308473110199,0.3717174828052521,311.9476371526249,1.641301099996781,0.883398500009207,0.7272687000076985,829.0546875,3292.0,0
1,1318,0.6628651210945963,0.0134092271327972,0.109375,0.9419278502464294,1.427423357963562,457.0583421580536,1.120207100000698,0.7954213000048185,0.3164592999964952,123.74169921875,3292.0,0
1,1319,0.6875950982012223,0.0445522964000701,0.140625,0.9535589218139648,0.4157507717609405,258.4993918443115,1.9806623000040415,1.0356683999998495,0.9066582999948878,1045.59912109375,3292.0,0
1,1320,0.6754598264728515,0.0349910110235214,0.1875,0.978763997554779,0.8615946173667908,342.60588579635737,1.494428499994683,0.8644297999999253,0.5416617000009865,556.42626953125,3292.0,0
1,1321,0.6798152084382847,0.0035472065210342,0.25,0.9694799184799194,2.219285249710083,421.42106310342695,1.2149368999962462,0.8267962000099942,0.377131899993401,228.9033203125,3292.0,0
1,1322,0.6775660678289319,0.0338367372751235,0.25,0.9907652735710144,1.4383797645568848,404.7978667134857,1.264828800005489,0.8545467000076314,0.3955336999933934,327.65869140625,3292.0,0
1,1323,0.6552785272999565,0.0193196386098861,0.25,0.9545144438743592,1.2159889936447144,491.88363186316,1.0408965999959037,0.7198722000030102,0.3143096999992849,103.13427734375,3292.0,0
1,1324,0.6836179805542442,0.0399061143398284,0.234375,0.9876492023468018,0.8443528413772583,453.34825132381553,1.1293746000010287,0.7586684999987483,0.3598783999914303,221.32080078125,3292.0,0
1,1325,0.611285984784316,0.0095439553260803,0.265625,0.9400952458381652,0.5643057823181152,310.9061316679153,1.6467993000114802,0.8853093999932753,0.7315337000036379,834.15966796875,3292.0,0
1,1326,0.5509948349650886,0.0305155962705612,0.21875,0.904760479927063,1.252187967300415,536.4462302196189,0.9544293000071776,0.7050885000062408,0.2426952000096207,78.28466796875,3292.0,0
1,1327,0.6632767946789386,0.0083240121603012,0.234375,0.9798120260238647,1.740158200263977,451.6705458570232,1.1335696000023745,0.7866952000040328,0.3359775000135414,229.96875,3292.0,0
1,1328,0.6322674662111669,0.0063464790582656,0.125,0.980817973613739,1.1914280652999878,513.0528871412805,0.9979477999877416,0.7230748000001768,0.2679496000055223,103.87255859375,3292.0,0
1,1329,0.6713950808253488,0.0271157920360565,0.0625,0.8736876845359802,0.8280328512191772,273.3771939997662,1.8728701999934856,0.9490976999950362,0.8850784999958705,1055.09765625,3292.0,0
1,1330,0.6566090087299313,0.0221145004034042,0.203125,0.983163833618164,1.303305983543396,438.1420824548824,1.168570700014243,0.779618800006574,0.3736945999989984,338.763671875,3292.0,0
1,1331,0.6724284395243472,0.0193685293197631,0.078125,0.9593583345413208,0.9234831929206848,283.3878799657072,1.806710999997449,0.9201488000107928,0.8426152000029106,1029.91943359375,3292.0,0
1,1332,0.6637650554570824,0.024207592010498,0.234375,0.9472950100898744,1.4201006889343262,469.2001704120784,1.0912187000067206,0.7350760999979684,0.3443648000102257,217.60009765625,3292.0,0
1,1333,0.6581913239741269,0.0240911096334457,0.25,0.9520974159240724,1.882546186447144,534.797285190618,0.9573721000051592,0.6522353000036674,0.2974494999943999,122.609375,3292.0,0
1,1334,0.6715475926802771,0.0227657258510589,0.296875,0.9876587390899658,0.8872835040092468,429.4407825507611,1.192248199993628,0.7830612999969162,0.3951201000018045,321.72607421875,3292.0,0
1,1335,0.6718382477591255,0.0063903927803039,0.171875,0.9861657619476318,0.9234617352485656,452.9376946176757,1.130398299996159,0.7913332000025548,0.3271024000132456,232.951171875,3292.0,0
1,1336,0.6905291991118382,0.0279147326946258,0.140625,0.976279079914093,1.6308810710906982,438.018612543702,1.1689000999904238,0.834059700006037,0.3237851999874692,220.76611328125,3292.0,0
1,1337,0.6476286811932205,0.022848904132843,0.25,0.9168819189071656,2.419593811035156,461.2475484944453,1.1100330000044778,0.7866481999953976,0.3162394999962998,101.51318359375,3292.0,0
1,1338,0.6773072688130013,0.0140420794486999,0.390625,0.9614603519439696,1.494218111038208,481.8743254866969,1.0625176999892574,0.7467325999896275,0.30691110000771,129.234375,3292.0,0
1,1339,0.6484238931609698,0.0094733834266662,0.015625,0.909550964832306,1.1208833456039429,277.27027629704344,1.8465736999933144,0.9232888999977148,0.8866626999952132,1042.78271484375,3292.0,0
1,1340,0.6704513123869544,0.0323765277862548,0.1875,0.949989140033722,1.473666429519653,514.6814388293036,0.994790099997772,0.7011887999979081,0.283519200005685,177.2744140625,3292.0,0
1,1341,0.6792134348742872,0.0266023427248001,0.15625,0.925359845161438,1.1191174983978271,278.9938500944503,1.8351658999890788,0.9331136999971932,0.8637941000051796,1022.423828125,3292.0,0
1,1342,0.6880244791352761,0.0311228036880493,0.140625,0.957720160484314,1.3614412546157837,486.56829180994015,1.0522674999956507,0.717543899998418,0.3254061999905389,173.1513671875,3292.0,0
1,1343,0.681829828984874,0.0173433423042297,0.0625,0.955287218093872,0.5035400390625,259.03600560142064,1.976559199989424,1.0285204999963753,0.9094234999938636,1069.14794921875,3292.0,0
1,1344,0.6866457371345671,0.0208579003810882,0.265625,0.9630721807479858,1.0451387166976929,410.6992612130834,1.246654300004593,0.8499374999955762,0.3814276000048267,323.81005859375,3292.0,0
1,1345,0.684339088189174,0.0243221521377563,0.125,0.9691202640533448,0.5717101693153381,278.47612858455,1.8385777000075905,0.9423665000067558,0.8567325999902096,1024.560546875,3292.0,0
1,1346,0.590420031196806,0.0169998258352279,0.1875,0.7619779706001282,1.0203052759170532,521.6403837713987,0.9815190999943296,0.6990659000002779,0.2758881000045221,88.7734375,3292.0,0
1,1347,0.6911051847405192,0.0285804867744445,0.140625,0.980621337890625,1.871187925338745,495.58244391040506,1.033127800008515,0.7158800000033807,0.3098522000072989,121.95654296875,3292.0,0
1,1348,0.7074486452794281,0.0014383792877197,0.09375,0.8805506825447083,0.7011317610740662,268.169140142838,1.9092428000003565,0.9606308000074932,0.9116047999996226,1081.64453125,3292.0,0
1,1349,0.6126378535423364,0.004189059138298,0.3125,0.955500602722168,1.1007221937179563,500.9609252396611,1.0220358000078704,0.7216566999995848,0.2942730000067968,91.30029296875,3292.0,0
1,1350,0.7136028804987149,0.0219352096319198,0.203125,0.9730796813964844,1.478413224220276,432.6213754334972,1.1834828999999445,0.8240744000067934,0.3483541000023251,220.70751953125,3292.0,0
1,1351,0.5841588128204865,0.0326506644487381,0.3125,0.932938814163208,1.068871259689331,525.0459210057026,0.975152800005162,0.7246702999982517,0.2442699999955948,84.58984375,3292.0,0
1,1352,0.7035503726070775,0.0107578784227371,0.171875,0.9902783036231996,1.4837079048156738,431.3627330067983,1.1869360999990022,0.7660804000042845,0.40548950000084,342.2802734375,3292.0,0
1,1353,0.6579902391962555,0.0033371299505233,0.296875,0.9866382479667664,1.4401209354400637,514.0539539766663,0.996004400003585,0.7278547000023536,0.2612319999898318,106.54296875,3292.0,0
1,1354,0.668899515944485,0.0150017738342285,0.28125,0.9735063314437866,1.1155704259872437,491.52743976333466,1.0416508999915095,0.7459921000117902,0.270898999995552,124.32568359375,3292.0,0
1,1355,0.683072946562175,0.011679783463478,0.21875,0.9877424240112304,2.282830238342285,486.92339639913934,1.0515000999876063,0.741198700008681,0.3010957999940729,173.70703125,3292.0,0
1,1356,0.6911269508305062,0.0587131083011627,0.078125,0.912885844707489,0.8252939581871033,304.7230707072137,1.6802141000080155,0.9006626000045799,0.7488381000002846,871.94677734375,3292.0,0
1,1357,0.6890582529394261,0.0471285730600357,0.203125,0.969292938709259,1.029287576675415,477.3542491578886,1.0725786999973934,0.7533914999949047,0.3100382999982685,174.09375,3292.0,0
1,1358,0.6524751447469725,0.0065963417291641,0.203125,0.9691212177276612,1.0327551364898682,525.2837968803983,0.9747112000040944,0.7185366000048816,0.2490393999905791,102.26220703125,3292.0,0
1,1359,0.7016077362836459,0.0005915164947509,0.25,0.9882511496543884,0.921623170375824,483.0632094818866,1.0599026999989292,0.7269238000008045,0.3216997999988962,223.00146484375,3292.0,0
1,1360,0.6570401583994601,0.0459161400794982,0.234375,0.9776750802993774,1.5270785093307495,508.8888065030961,1.0061137000011513,0.7347506000078283,0.2636276000121142,129.6669921875,3292.0,0
1,1361,0.7282445163114611,0.0031401515007019,0.140625,0.8816324472427368,0.5276077389717102,275.3556430559509,1.85941350000212,0.9429051000042818,0.8788655999960611,1053.68701171875,3292.0,0
1,1362,0.7204702604633347,0.0206904113292694,0.09375,0.9492298364639282,1.4670922756195068,308.3378530112712,1.6605162000050768,0.8962518000043929,0.7333684999903198,847.89013671875,3292.0,0
1,1363,0.6803070961893303,0.024038478732109,0.375,0.9683433771133424,1.807417392730713,504.4317581185986,1.0150034999969648,0.7316721999959555,0.2744765999959782,168.90478515625,3292.0,0
1,1364,0.7178731388713726,0.0048277974128723,0.25,0.9686810970306396,0.557087242603302,297.5823756826513,1.7205320000066422,0.9463159000006272,0.7420768000010867,851.67822265625,3292.0,0
1,1365,0.7095730043133054,0.0303458273410797,0.3125,0.973105788230896,1.1529536247253418,421.6425844529337,1.2142985999962548,0.7983983000012813,0.4011642999976175,334.1005859375,3292.0,0
1,1366,0.7082595587752144,0.0656229704618454,0.421875,0.9759293794631958,1.6916037797927856,425.8960786954078,1.202171199998702,0.7963941999914823,0.3733969000022625,326.4150390625,3292.0,0
1,1367,0.6379223409713067,0.0262293666601181,0.1875,0.9363852739334106,0.9671819806098938,496.6770173365761,1.0308510000031674,0.7519762000010815,0.2729193000122905,85.80908203125,3292.0,0
1,1368,0.689219475606718,0.0557429790496826,0.25,0.9868965744972228,0.7253177762031555,498.2067961055667,1.0276856999989832,0.6958481000037864,0.3228243000048678,173.8984375,3292.0,0
1,1369,0.6768293757111635,0.109440192580223,0.25,0.96198171377182,0.9226604104042052,468.7057870563067,1.0923697000107495,0.8097607000090647,0.2748887000052491,121.60498046875,3292.0,0
1,1370,0.702351362312532,0.0257139950990676,0.28125,0.971130073070526,1.783317804336548,482.6010082961715,1.0609178000013344,0.7482508999964921,0.2857902000105241,169.63525390625,3292.0,0
1,1371,0.6419190183831772,0.0101992338895797,0.171875,0.9618226885795592,1.442844033241272,536.6746360758372,0.9540230999991764,0.6879929999995511,0.2592311000043992,103.48779296875,3292.0,0
1,1372,0.7063861212262339,0.0060435086488723,0.234375,0.98534095287323,1.3055461645126345,473.3749693756784,1.081594999996014,0.7369244000001345,0.3359605000005103,180.95068359375,3292.0,0
1,1373,0.7277766827163887,0.0103621780872344,0.3125,0.9700287580490112,1.168510913848877,447.63794483654976,1.1437814999953844,0.7579529000067851,0.3639585999917472,234.69482421875,3292.0,0
1,1374,0.7103292775725323,0.01090869307518,0.28125,0.9886396527290344,2.228152275085449,469.095880905013,1.0914613000059037,0.7368504999903962,0.3429215000069234,231.55712890625,3292.0,0
1,1375,0.7150428324206972,0.0123500525951385,0.109375,0.9356921911239624,1.250853180885315,299.4616124701328,1.7097350000112783,0.9415359999984504,0.7363144999981159,849.3876953125,3292.0,0
1,1376,0.7302873431992544,0.0007901340723037,0.09375,0.9619279503822328,1.0200316905975342,488.0303875163439,1.0491150000016205,0.7357825999933993,0.303996399990865,178.61669921875,3292.0,0
1,1377,0.7248665212545128,0.0127475559711456,0.21875,0.9892784357070924,0.7355650067329407,369.581293990967,1.385351499993703,0.8225174999970477,0.5395671000005677,552.74658203125,3292.0,0
1,1378,0.6918607516825939,0.0172201097011566,0.1875,0.9848873019218444,1.5847066640853882,479.83893906364574,1.067024699994363,0.7403523000102723,0.3153793000092264,226.98193359375,3292.0,0
1,1379,0.7232295153061868,0.0418934077024459,0.203125,0.9556750655174256,1.1136924028396606,511.5363945638637,1.0009063000034075,0.7165061000123387,0.2754712000023573,171.5380859375,3292.0,0
1,1380,0.62069751001668,0.0044562220573425,0.140625,0.9672759175300598,0.9779854416847228,572.9359172290577,0.8936427000007825,0.6506302999914624,0.2367481999972369,79.75341796875,3292.0,0
1,1381,0.7060567773619563,0.0045784413814544,0.21875,0.9743422269821168,1.276781439781189,501.8169793090862,1.020292300003348,0.7279102000029525,0.2836428000009618,176.611328125,3292.0,0
1,1382,0.7204947292783394,0.0290651470422744,0.1875,0.9811100363731384,1.5709584951400757,489.3702941715205,1.0462425000005169,0.7246735000080662,0.3101633999904152,230.619140625,3292.0,0
1,1383,0.717804027436403,0.0095131695270538,0.203125,0.9096776843070984,0.768591582775116,312.05039906504715,1.640760599999339,0.8747062000038568,0.7339518000080716,865.615234375,3292.0,0
1,1384,0.633244495987161,0.0401408672332763,0.171875,0.959700345993042,0.9825693964958192,529.0072115427513,0.9678507000062382,0.708677099988563,0.2531871999963186,83.3671875,3292.0,0
1,1385,0.6998552881223322,0.0023983418941497,0.046875,0.9651033282279968,1.0998749732971191,375.0838261065717,1.365028200001689,0.8261798999883467,0.5179768999951193,533.09716796875,3292.0,0
1,1386,0.7209531924162873,0.0037203729152679,0.0625,0.9433766603469848,1.8663660287857056,310.1149315029026,1.6510007999895606,0.8801651999965543,0.7395309999992605,873.158203125,3292.0,0
1,1387,0.6800760955997499,0.020861268043518,0.078125,0.9658088088035583,1.052912712097168,416.91655195147183,1.228063500006101,0.7273439999989932,0.4790467999991961,504.29931640625,3292.0,0
1,1388,0.6999022458329281,0.01302470266819,0.09375,0.977736473083496,1.1352388858795166,488.2311499907489,1.048683599990909,0.7285692000004929,0.3095559000066714,222.71142578125,3292.0,0
1,1389,0.6984482403807436,0.0400880277156829,0.09375,0.9777536392211914,1.3063899278640747,365.3435924481983,1.401420499998494,0.8245533000008436,0.5545391999912681,550.76416015625,3292.0,0
1,1390,0.6084159499467336,0.0198499113321304,0.1875,0.9402540922164916,1.5300114154815674,531.479907877792,0.9633478000032484,0.7161060999933397,0.2409138999937567,82.1484375,3292.0,0
1,1391,0.6077796403598685,0.0260965824127197,0.140625,0.9710067510604858,1.2024716138839722,554.6817632572727,0.923051799996756,0.6714980999968247,0.2452902999939397,78.28466796875,3292.0,0
1,1392,0.6159183445865599,0.0675999671220779,0.34375,0.9553349018096924,1.189941644668579,540.1915717677846,0.9478118999977596,0.7045123999996576,0.2373571000061929,84.58984375,3292.0,0
1,1393,0.7151032173859255,0.013552501797676,0.25,0.9846751689910888,0.7909069657325745,457.529469541868,1.1190536000067368,0.7313225000107195,0.3734698999905959,323.86865234375,3292.0,0
1,1394,0.6320322532135978,0.0617413520812988,0.28125,0.9824390411376952,1.0920157432556152,503.8253827817492,1.016225100000156,0.7433853999973508,0.2650952999974834,122.91552734375,3292.0,0
1,1395,0.729461611258843,0.0097087323665618,0.078125,0.8071517944335938,1.0028337240219116,277.73519533066377,1.8434826000011528,0.9436909000069136,0.8641250000073342,1029.08544921875,3292.0,0
1,1396,0.6125684265973566,0.0123854279518127,0.28125,0.9695130586624146,1.3679784536361694,527.6991554150305,0.9702497999969636,0.722757499999716,0.2413371000002371,91.62451171875,3292.0,0
1,1397,0.6949816174315423,0.006623238325119,0.09375,0.9803915023803712,0.98825341463089,367.6358130716763,1.3926825999951689,0.8379846000025282,0.5334593000006862,536.88427734375,3292.0,0
1,1398,0.7309337973532435,0.0146673619747161,0.21875,0.9794155955314636,0.95009046792984,438.1785295136151,1.168473499987158,0.7687805000023218,0.3854761999973561,339.57177734375,3292.0,0
1,1399,0.7061521830485337,0.0219086408615112,0.140625,0.980121374130249,1.1319546699523926,437.0608477495279,1.171461599995382,0.7722248000063701,0.3852767999924253,337.33984375,3292.0,0
1,1400,0.7120624490081993,0.0221210718154907,0.25,0.9752931594848632,1.3155832290649414,491.38709747946615,1.0419484000012744,0.7387430000089807,0.2942696999962209,175.9375,3292.0,0
1,1401,0.6773072952675788,0.0285208076238632,0.21875,0.9844064712524414,1.651207447052002,480.12259629930594,1.0663943000108702,0.7265407999948366,0.3309870999946724,169.11962890625,3292.0,0
1,1402,0.678185266688486,0.0563546419143676,0.296875,0.9745221138000488,1.1250048875808716,347.9362116011119,1.4715341000119224,0.9040823000104864,0.544759399999748,525.06201171875,3292.0,0
1,1403,0.6780481600571944,0.0223489999771118,0.03125,0.950218915939331,0.8306273221969604,281.62419715249,1.8180255999905055,1.0325041000032795,0.7541863999940688,833.42333984375,3292.0,0
1,1404,0.6780267194947929,0.0057554244995117,0.0625,0.9897947311401368,0.7986186742782593,335.5470261946255,1.5258666000008816,0.928138500006753,0.5762596999993548,560.71826171875,3292.0,0
1,1405,0.656748977849364,0.0207214653491973,0.109375,0.957087218761444,1.215820074081421,460.27440804855934,1.1123799000051804,0.7988858000026084,0.3057016999955522,124.43896484375,3292.0,0
1,1406,0.664680239058536,0.0004145801067352,0.140625,0.9535911679267884,1.5305978059768677,365.0107015161336,1.4026985999953467,0.8359917000052519,0.5443746000091778,527.7958984375,3292.0,0
1,1407,0.6762281012058239,0.0388439297676086,0.140625,0.9751740097999572,0.944086730480194,499.7073978941445,1.0245996000012385,0.7457615000021178,0.2715224999992642,126.75146484375,3292.0,0
1,1408,0.6455041869928825,0.0029447525739669,0.234375,0.9792418479919434,1.187798261642456,466.804501637466,1.0968188999977428,0.7289089999976568,0.3486362999974517,174.876953125,3292.0,0
1,1409,0.7151209703871781,0.0345331281423568,0.109375,0.9845731258392334,1.3286073207855225,445.1123060965713,1.1502714999951422,0.7702112999977544,0.3595123999984935,222.89501953125,3292.0,0
1,1410,0.7063356319229129,0.0334560126066207,0.28125,0.991020441055298,1.0728603601455688,434.6712832405905,1.1779015999927651,0.7942943000089144,0.372417000005953,232.1650390625,3292.0,0
1,1411,0.6519987563114791,0.0243333876132965,0.15625,0.9816559553146362,1.096637725830078,453.6660335773404,1.128583499987144,0.7615231999952812,0.3582075000012992,173.271484375,3292.0,0
1,1412,0.6767862401627267,0.0095694214105606,0.078125,0.9535517692565918,1.2235809564590454,350.88693182743594,1.459159499994712,0.8849049999989802,0.5530093999987002,519.15234375,3292.0,0
1,1413,0.6947238166919176,0.0128775984048843,0.125,0.9896098971366882,1.2049635648727417,435.3679301166323,1.1760168000037083,0.8546318000007886,0.312524700013455,173.6044921875,3292.0,0
1,1414,0.6439166962668994,0.0088444948196411,0.21875,0.972310185432434,1.7276318073272705,520.2119091346977,0.9842142999987118,0.7160920000023907,0.2612025999987963,102.84619140625,3292.0,0
1,1415,0.7137551876540272,0.0404717326164245,0.171875,0.8723922371864319,0.8345931172370911,273.9424497220086,1.8690056999912483,0.935902500001248,0.895552799993311,1074.70458984375,3292.0,0
1,1416,0.71123285055628,0.0030624419450759,0.171875,0.9791622757911682,1.0242493152618408,507.6069662671784,1.0086544000077993,0.7198368000099435,0.2797439000132726,178.56494140625,3292.0,0
1,1417,0.6813282180985332,0.0128339827060699,0.125,0.980161428451538,1.3382196426391602,363.1433861735144,1.4099113999982364,0.8159177999914391,0.5162949999939883,536.10986328125,3292.0,0
1,1418,0.6630963357743164,0.0425690412521362,0.265625,0.9767037034034728,1.0742534399032593,510.1177674635466,1.003689799996209,0.7182771999941906,0.2609569000051124,106.89306640625,3292.0,0
1,1419,0.6923080766629695,0.0297796726226806,0.125,0.9861994981765748,1.1733553409576416,439.8560811507317,1.164017100003548,0.7674073999951361,0.3824567999981809,324.98291015625,3292.0,0
1,1420,0.5701989741217708,0.0110835433006286,0.3125,0.9660610556602478,1.965212106704712,531.248018842312,0.9637683000037214,0.7123700000083772,0.2439978000038536,79.75341796875,3292.0,0
1,1421,0.6692542620105238,0.0096271783113479,0.125,0.9695965647697448,1.5106340646743774,431.3517941808268,1.1869661999953678,0.774059599993052,0.3987881000066409,337.33447265625,3292.0,0
1,1422,0.6452354747734417,0.0440868586301803,0.375,0.9744995832443236,0.5303177833557129,512.4507516756781,0.9991204000107246,0.725008200010052,0.2663482000061776,126.22705078125,3292.0,0
1,1423,0.6188915518932087,0.0130934864282608,0.265625,0.9671780467033386,0.7166658043861389,543.4921066264351,0.942055999999866,0.6751993999932893,0.2601027999917278,102.13134765625,3292.0,0
1,1424,0.6924362933039775,0.0158591568470001,0.25,0.9671993255615234,1.0663793087005615,373.2979128081417,1.3715586999896914,0.8233922000072198,0.5264074000006076,541.3466796875,3292.0,0
1,1425,0.6740758083746721,0.0084701925516128,0.125,0.9747779369354248,1.4411280155181885,503.0295247923478,1.017832899990026,0.7248500999994576,0.2839960000128485,169.48779296875,3292.0,0
1,1426,0.6975913598283985,0.0033408403396606,0.203125,0.993782639503479,0.8902965188026428,442.4554688451937,1.1571785999985875,0.8403002000122797,0.3076061000028858,172.1455078125,3292.0,0
1,1427,0.7133988815994713,0.0046582072973251,0.3125,0.9822519421577454,0.921387255191803,409.8348189567324,1.249283800003468,0.8240415999898687,0.4103096000035293,341.7626953125,3292.0,0
1,1428,0.6879740167870714,0.0024887472391128,0.1875,0.9763749241828918,1.1603916883468628,489.3979859930711,1.0461833000008482,0.7386307999986457,0.2985895000019809,171.5380859375,3292.0,0
1,1429,0.5798365232625433,0.016110360622406,0.203125,0.9420138001441956,1.4223675727844238,501.04563918951857,1.0218630000017583,0.7327040999953169,0.2830527000041911,82.1484375,3292.0,0
1,1430,0.6265113415414392,0.0255815386772155,0.234375,0.9725109934806824,1.5845314264297483,508.081472447304,1.0077124000090407,0.7365979000023799,0.2646139999997103,101.50244140625,3292.0,0
1,1431,0.7129137520348157,0.0008582174777984,0.125,0.8531349301338196,0.5730774402618408,271.95994199901287,1.8826302000088615,0.93856880000385,0.9053012000076706,1052.64404296875,3292.0,0
1,1432,0.7041604974340244,0.0102941840887069,0.1875,0.9547390937805176,1.0137298107147217,490.4487030870457,1.0439420000038808,0.7293924999976298,0.3038656999997329,173.203125,3292.0,0
1,1433,0.7028022261169469,0.0158278048038482,0.375,0.989294171333313,1.228610277175903,354.560938257294,1.4440394999983257,0.8667197000031592,0.5553605000022799,540.837890625,3292.0,0
1,1434,0.6715477105142865,0.0138184279203414,0.21875,0.966338038444519,1.0166724920272827,347.36224508856515,1.473965600001975,0.8985210000100778,0.5525907999981428,546.93603515625,3292.0,0
1,1435,0.5901286473477511,0.0267214179039001,0.34375,0.8097238540649414,1.2056556940078735,492.7914808651525,1.038979000004474,0.734527300010086,0.2983409000007668,79.75341796875,3292.0,0
1,1436,0.6718419955753582,0.0708303451538086,0.078125,0.8856741189956665,0.4661858975887298,302.9094153516697,1.69027430001006,0.9346134000079472,0.7260123000014573,836.05322265625,3292.0,0
1,1437,0.6652226717280978,0.0341970920562744,0.21875,0.9577409625053406,1.3817882537841797,528.9700467610742,0.9679187000001548,0.6978063999995356,0.2631267999968258,103.77587890625,3292.0,0
1,1438,0.68962185974011,0.0305346548557281,0.265625,0.9826605916023254,1.2584350109100342,517.2249025271853,0.9898981999867827,0.7169886999909068,0.2652726999949664,124.36376953125,3292.0,0
1,1439,0.729793313807976,0.0151035785675048,0.21875,0.9368317127227784,0.9103529453277588,304.67980443497123,1.6804527000058442,0.9060573000024306,0.7428310999966925,883.44287109375,3292.0,0
1,1440,0.7230075781735966,0.0091270357370376,0.140625,0.9550718069076538,1.5762771368026731,440.77537208977634,1.1615893999987748,0.7713690999953542,0.3750351000053342,337.43896484375,3292.0,0
1,1441,0.7198499638893932,0.0011040270328521,0.140625,0.9943478107452391,0.6811281442642212,375.8276190304677,1.362326699992991,0.828134700001101,0.5132118000037735,551.9228515625,3292.0,0
1,1442,0.692683476251818,0.0152490437030792,0.171875,0.9887277483940125,1.0001481771469116,480.7711719840967,1.0649556999997003,0.7363372999971034,0.3170820999948773,228.48046875,3292.0,0
1,1443,0.6177530575538897,0.010761946439743,0.28125,0.8814545273780823,0.6321751475334167,568.1480238684961,0.9011735999956728,0.6634018000040669,0.2316514999984065,79.75341796875,3292.0,0
1,1444,0.624193816270789,0.0205324739217758,0.125,0.9823073744773864,0.9408968091011048,540.4453121594713,0.9473668999999064,0.7007385999895632,0.2404951000062283,84.58984375,3292.0,0
1,1445,0.7007792315013819,0.0226074606180191,0.25,0.9851493239402772,1.2209787368774414,508.1799099845088,1.007517199992435,0.701667199988151,0.2966467999940505,175.857421875,3292.0,0
1,1446,0.7357749208209223,0.0356324315071105,0.1875,0.8295953273773193,0.8015000224113464,282.4693403528704,1.812586100000772,0.9134464999951888,0.8608156999980565,1047.2431640625,3292.0,0
1,1447,0.7423913274107632,0.0172244608402252,0.1875,0.9130699634552002,1.1330745220184326,269.85170383968887,1.8973383999982616,0.9323507999943104,0.873945500003174,1068.0966796875,3292.0,0
1,1448,0.6235185661474493,0.0064323842525482,0.15625,0.87363600730896,1.4528419971466064,541.5826526002384,0.9453773999994156,0.6987429000000702,0.2402800999989267,90.93896484375,3292.0,0
1,1449,0.6573727758681852,0.0215507298707962,0.203125,0.9462636113166808,0.8534729480743408,514.7291971525156,0.994697799993446,0.7200420999870403,0.2671313000028021,123.33740234375,3292.0,0
1,1450,0.7127069032705227,5.389750003814697e-05,0.1875,0.9774567484855652,0.8184518218040466,371.1014057816399,1.379676799988374,0.8233712000073865,0.5353462000057334,550.1171875,3292.0,0
1,1451,0.704141653230856,0.0157390832901,0.15625,0.9845678210258484,1.2645890712738037,434.2756464577992,1.1789747000002535,0.7661600999999791,0.397595900009037,326.2373046875,3292.0,0
1,1452,0.6947739032301197,0.0122394263744354,0.140625,0.9600263237953186,0.5528533458709717,313.7654222316208,1.631792299987865,0.8857712000026368,0.7143794000003254,848.48876953125,3292.0,0
1,1453,0.7034473420794466,0.0005694180727005,0.328125,0.955588400363922,0.7959228754043579,471.1384886785137,1.086729299990111,0.7584623000002466,0.3178379000019049,218.916015625,3292.0,0
1,1454,0.6769331381086152,0.0211950540542602,0.140625,0.959035336971283,0.727755069732666,476.09970197453663,1.0754049999959534,0.7522135999897728,0.3059700000012526,179.21435546875,3292.0,0
1,1455,0.6860330527307301,0.034885436296463,0.171875,0.9638971090316772,2.075176239013672,347.62733480644886,1.4728415999998106,0.9190022999973736,0.5321003999997629,538.49365234375,3292.0,0
1,1456,0.6608277422716942,0.0203064531087875,0.171875,0.9580658078193665,1.4498356580734253,514.7001685549698,0.9947538999986136,0.7208189000084531,0.2663665000000037,126.02587890625,3292.0,0
1,1457,0.6739699567925354,0.0032619833946228,0.140625,0.9655714631080629,1.2805408239364624,369.0337708422441,1.387406900001224,0.8258950000017649,0.5397911999898497,531.0419921875,3292.0,0
1,1458,0.7090154047203017,0.0131049752235412,0.0625,0.9118058681488036,0.6993849277496338,273.40893090316405,1.872652799997013,0.927546600010828,0.9050692000018898,1082.62158203125,3292.0,0
1,1459,0.6609989084505419,0.0107053965330123,0.109375,0.9649620056152344,0.9444573521614076,514.8340585213301,0.9944952000078048,0.710923399994499,0.2590376000007381,101.92626953125,3292.0,0
1,1460,0.6942272012937678,0.0058474689722061,0.109375,0.9645901918411256,1.14677894115448,497.8941605406754,1.0283309999940684,0.7284414000023389,0.2893932000006316,175.1728515625,3292.0,0
1,1461,0.703682574305979,0.0220462083816528,0.1875,0.9617486596107484,1.4616661071777344,429.9380293032922,1.190869300000486,0.7655446999997366,0.4111170999967726,333.51513671875,3292.0,0
1,1462,0.7041683809028676,0.0040303617715835,0.25,0.982102394104004,0.9329686760902404,488.8201018917516,1.0474200999888126,0.7447580000007292,0.2932377999968594,177.1279296875,3292.0,0
1,1463,0.683415753814,0.0331071317195892,0.203125,0.968909740447998,1.2048914432525637,519.9217355286331,0.9847636000049532,0.7129612000135239,0.2642771000100765,106.4609375,3292.0,0
1,1464,0.6746104009199293,0.0183729231357574,0.0625,0.8973131775856018,0.9186102151870728,309.2866581109706,1.6554221999977017,0.899611000000732,0.7247795000002952,835.48095703125,3292.0,0
1,1465,0.6348940672504784,0.0093903988599777,0.15625,0.9743008017539978,0.903327226638794,541.615594891219,0.9453198999981396,0.7000494000094477,0.2392491999926278,79.75341796875,3292.0,0
1,1466,0.5793771525745828,0.0586462914943695,0.34375,0.9175580739974976,1.0993958711624146,536.0219861162124,0.9551846999966074,0.7065185999963433,0.241637900006026,82.1484375,3292.0,0
1,1467,0.6619866197740397,0.0377938449382782,0.140625,0.9701160192489624,1.2480075359344482,367.9423077973832,1.3915224999946076,0.8279092000011588,0.5412858999916352,552.1640625,3292.0,0
1,1468,0.6870448881866089,0.0090044885873794,0.203125,0.9840973615646362,1.2427536249160769,442.2718225117426,1.1576590999902692,0.7650185999955283,0.3783226999948965,333.2021484375,3292.0,0
1,1469,0.7155483048167975,0.0651631951332092,0.4375,0.9890791773796082,1.3740180730819702,456.90612266202976,1.1205802999902517,0.7818767999997362,0.3270842999918386,220.43017578125,3292.0,0
1,1470,0.6920878474116278,0.015236884355545,0.328125,0.9693913459777832,1.9260218143463133,489.48407518206113,1.045999299996765,0.7539915999950608,0.2827389000012772,179.57958984375,3292.0,0
1,1471,0.7020333711398495,0.0357145071029663,0.171875,0.9048990607261658,0.5095457434654236,266.45941120523736,1.9214934000046924,0.9594368999969448,0.923163300001761,1096.82666015625,3292.0,0
1,1472,0.7456139925315899,0.0092573463916778,0.140625,0.937022864818573,0.6887331604957581,276.44776287259543,1.8520678000058977,0.9518842000106816,0.8616317000123672,1030.3046875,3292.0,0
1,1473,0.6884917764976259,0.0053821355104446,0.328125,0.939662218093872,1.317874789237976,439.50274727892287,1.1649528999987524,0.7832752000103937,0.3665477000031387,324.42822265625,3292.0,0
1,1474,0.6353709035732679,0.0158762484788894,0.171875,0.909429132938385,1.3450778722763062,511.28088343766206,1.001406499999575,0.7332910999975866,0.2611285999882966,101.53857421875,3292.0,0
1,1475,0.704270768706806,0.0064911842346191,0.0625,0.9498187303543092,1.3323683738708496,311.9893231403075,1.6410818000003928,0.8863409000041429,0.72361390000151,834.5126953125,3292.0,0
1,1476,0.6779998705070247,0.0101768970489501,0.125,0.9855063557624816,0.6780082583427429,303.3343195654684,1.687906599996495,0.902876300009666,0.7536457000096561,863.51611328125,3292.0,0
1,1477,0.6756863035357383,0.0248111635446548,0.03125,0.9434674382209778,1.456323504447937,420.8210415771375,1.216669200002798,0.8276942999946186,0.3744779999979073,325.82373046875,3292.0,0
1,1478,0.6819359735463595,0.0410880744457244,0.265625,0.9824610352516174,0.696630597114563,441.9395067688184,1.1585295999975642,0.7660143000102835,0.3783585000055609,338.3935546875,3292.0,0
1,1479,0.7024083544554613,0.0334002375602722,0.3125,0.969947636127472,0.3812022507190704,275.9734545877176,1.855250900000101,0.940264600008959,0.8787530999979936,1057.28759765625,3292.0,0
1,1480,0.6120133348030768,0.0353634804487228,0.125,0.8485655784606934,1.0694127082824707,524.953166901702,0.9753250999929152,0.7098473000078229,0.2589981999917654,100.57373046875,3292.0,0
1,1481,0.6568580501451746,0.0258478671312332,0.296875,0.9206096529960632,0.8168166279792786,522.166689885831,0.9805297999992036,0.7111621000076411,0.262357499988866,103.88037109375,3292.0,0
1,1482,0.6807805613189641,0.0522907674312591,0.203125,0.9037057757377625,1.0831507444381714,376.4743529751033,1.3599864000134405,0.827657600006205,0.5115957000089111,515.80908203125,3292.0,0
1,1483,0.683947465815802,0.0304206609725952,0.140625,0.9704400897026062,1.060126781463623,314.1989255989775,1.6295409000013024,0.884045500002685,0.7142587999987882,836.35546875,3292.0,0
1,1484,0.5872632231016173,0.0440558046102523,0.34375,0.9431264400482178,1.099967122077942,515.3650762703994,0.993470499990508,0.7223112999927253,0.2645382000046083,101.35107421875,3292.0,0
1,1485,0.6738689790410126,0.0064154118299484,0.109375,0.9711872339248656,1.371214509010315,381.8152436326106,1.340962699992815,0.8086329999932786,0.5124179999984335,516.349609375,3292.0,0
1,1486,0.6873204457360464,0.0096893012523651,0.15625,0.9763746857643129,0.8080497980117798,310.00101416143406,1.6516075000108683,0.8989732000045478,0.7217823999963002,840.36328125,3292.0,0
1,1487,0.6290605298275497,0.0006313472986221,0.234375,0.8915314078330994,0.9932718873023988,526.8054998080123,0.9718957000004592,0.7153553000098327,0.2493824999983189,99.00537109375,3292.0,0
1,1488,0.6607653389404842,0.0119427740573883,0.0625,0.9781285524368286,1.2467145919799805,364.6937163960624,1.403917800009367,0.843155000009574,0.5404400999977952,549.24560546875,3292.0,0
1,1489,0.5836205956387343,0.0149084478616714,0.34375,0.9289249777793884,1.530636429786682,538.6083286462001,0.9505980000103592,0.7040216000023065,0.2404898999957367,79.75341796875,3292.0,0
1,1490,0.678837212098961,0.0109721720218658,0.078125,0.960017740726471,1.100522756576538,307.15191229606467,1.666927600002964,0.8964835000078892,0.7386700000060955,840.09228515625,3292.0,0
1,1491,0.5928041446708626,0.0403225272893905,0.25,0.9583051800727844,1.3519693613052368,491.5654285154913,1.0415703999897232,0.7750925000000279,0.2429110999946715,83.3671875,3292.0,0
1,1492,0.6285614601037,0.0447394102811813,0.171875,0.9550033807754515,1.5587918758392334,521.4842337640376,0.9818129999912344,0.728570999999647,0.2468119999975897,84.58984375,3292.0,0
1,1493,0.6946259736314723,0.0039807558059692,0.203125,0.966966450214386,1.3506927490234375,467.9763423291099,1.094072400010191,0.7265961000084644,0.3564460000052349,222.99267578125,3292.0,0
1,1494,0.6088595886351282,0.0297096520662307,0.265625,0.975600004196167,1.1605420112609863,509.4457916308773,1.0050137000071118,0.6923604000039632,0.3061633000033907,83.3671875,3292.0,0
1,1495,0.6887292467191999,0.0322042107582092,0.375,0.953782856464386,1.7769547700881958,459.0439960525864,1.115361499993014,0.7618041999958223,0.3436854000028688,179.07861328125,3292.0,0
1,1496,0.5744290008061987,0.0284193754196167,0.140625,0.9543451070785522,1.125234842300415,519.1018847947596,0.986318900002516,0.6860220999951707,0.2943529999902239,78.28466796875,3292.0,0
1,1497,0.65670254355068,0.0598110854625701,0.15625,0.9406198263168336,1.1360124349594116,293.4683180592297,1.7446517000062158,0.9347568999946816,0.7772246999957133,833.36181640625,3292.0,0
1,1498,0.6764364673335653,0.0021933913230895,0.1875,0.9693421125411988,1.1435916423797607,463.838700094809,1.1038319999934174,0.7414030000072671,0.3536205000127665,173.12109375,3292.0,0
1,1499,0.6783443581372837,0.054015502333641,0.359375,0.9666805267333984,1.2130151987075806,419.6739543197417,1.219994700004463,0.8405237000115449,0.3697922999999719,180.45556640625,3292.0,0
1,1500,0.6652875125702548,0.0155234634876251,0.3125,0.979849338531494,1.813751459121704,383.06284632219496,1.336595300002955,0.8606270999880508,0.4616771000000881,328.43701171875,3292.0,0
2,1,1.000654544158641,0.0024707168340682,0.0,-0.0708910226821899,0.0764478296041488,215.93793167817057,2.3710516999999527,1.2626755999954185,1.0610257999942403,1086.87353515625,1448.0,0
2,2,1.0002510815305143,0.0004361271858215,0.0,-0.0407640933990478,0.100589744746685,401.4106133426212,1.2755019000032917,0.8629489000013564,0.3856515999941621,324.6826171875,1458.0,0
2,3,0.999478893581356,0.006786897778511,0.0,0.1060803532600402,0.1331189423799514,435.08498093203445,1.1767816000065068,0.8690519999945536,0.2875769999955082,124.50830078125,1458.0,0
2,4,0.9982275732139624,0.0053289234638214,0.03125,0.1978084444999694,0.2002239525318145,441.9813956943752,1.158419799990952,0.7591271999990568,0.3736158000101568,330.3291015625,1458.0,0
2,5,0.994227502766509,0.0089502483606338,0.109375,0.2405232787132263,0.1766411513090133,436.10570214048414,1.1740273000032175,0.8156886999931885,0.3175310000078752,234.72802734375,1458.0,0
2,6,0.9920034109452792,0.015323668718338,0.328125,0.2433066964149475,0.162389725446701,272.10012349180295,1.8816603000013856,0.9572475000022678,0.8610258999979123,1016.82568359375,1458.0,0
2,7,0.9871113525017726,0.0183916091918945,0.265625,0.7317340970039368,0.3324629962444305,254.05383331282903,2.015320899998187,1.0522347999940391,0.8977948999963701,1077.70458984375,1866.0,0
2,8,0.9762786204831698,0.0292816832661628,0.34375,0.6864246129989624,0.2389197498559951,429.792078849926,1.191273699994781,0.7930001000058837,0.3671210000029532,336.830078125,1866.0,0
2,9,0.9712441933972528,0.0077537447214126,0.1875,0.7504785656929016,0.2789916694164276,421.00540695728415,1.2161364000057802,0.8061987999972189,0.3747791000059806,338.04248046875,1866.0,0
2,10,0.9699073002261636,0.0529020950198173,0.28125,0.8660268783569336,0.2856141924858093,320.8813004918924,1.5956055999995442,0.885376999998698,0.6810212999989744,822.90185546875,1866.0,0
2,11,0.9632983716905846,0.0173910483717918,0.0625,0.8917768001556396,0.2533468604087829,376.51997879846897,1.3598215999954846,0.8273655000084545,0.4937517999933334,528.759765625,1870.0,0
2,12,0.9479304026869202,0.0508290082216262,0.28125,0.5117337703704834,0.3489109575748443,531.4372096499055,0.9634252000105334,0.7065907000069274,0.2396166999969864,79.58251953125,1870.0,0
2,13,0.9459022282193376,0.0120492279529571,0.265625,0.631474494934082,0.5309282541275024,518.1603566646014,0.9881110999995144,0.72245249999105,0.2531222999969031,83.5546875,1870.0,0
2,14,0.939482999972946,0.0088232979178428,0.1875,0.8711985945701599,0.2807232141494751,453.8159003613205,1.1282108000013975,0.7931470000039553,0.3257242999970913,180.28369140625,1870.0,0
2,15,0.9197190997108112,0.0125882774591445,0.25,0.8366532921791077,0.4729036092758178,452.3146406622031,1.1319554000074277,0.799016400007531,0.3061505000077886,181.82666015625,1870.0,0
2,16,0.9213102905596996,0.0170755088329315,0.234375,0.8953030705451965,0.3514112830162048,283.33942070252886,1.8070200000074688,0.9474822000047424,0.8242674999928568,1015.3681640625,1870.0,0
2,17,0.9035392997804604,0.0083435922861099,0.140625,0.8852759599685669,0.5208750367164612,473.58014751687216,1.0811264000076335,0.7352840999956243,0.3113496000005398,219.1611328125,1870.0,0
2,18,0.8862024621293686,0.017727792263031,0.28125,0.9016472697257996,0.5559834837913513,363.7489759805646,1.407564099994488,0.8213060000125552,0.5061182000063127,537.693359375,1870.0,0
2,19,0.8903653317019827,0.0208552628755569,0.125,0.8561367392539978,0.7657229900360107,479.2376377505361,1.068363500002306,0.7317043999937596,0.310967299999902,222.47509765625,1870.0,0
2,20,0.8729876556299228,0.0564112663269043,0.21875,0.9281147122383118,0.4441747665405273,396.9586147404097,1.2898069999937434,0.8829415000072913,0.3751649000041652,336.83740234375,1870.0,0
2,21,0.8427835074911619,0.0101355575025081,0.21875,0.6446709632873535,0.4335229396820068,459.8081845524938,1.1135077999933856,0.8300539000047138,0.2710688999941339,79.58251953125,1870.0,0
2,22,0.856504579527756,0.0178777053952217,0.25,0.7836836576461792,0.8292697072029114,461.9003065744965,1.1084643000067445,0.8089528999989852,0.2925381000095512,104.1533203125,1870.0,0
2,23,0.8552341976225915,0.0033463165163993,0.109375,0.9379833340644836,0.8438888192176819,433.0837406330263,1.182219399997848,0.7985939000063809,0.3192467999906512,215.43603515625,1870.0,0
2,24,0.8375904937551153,0.028242215514183,0.171875,0.929490327835083,0.4625017642974853,430.26074220810426,1.1899761000095168,0.8031236999959219,0.3721932000044035,323.07958984375,1870.0,0
2,25,0.85152837269888,0.027160458266735,0.15625,0.959171712398529,0.6037575602531433,484.0795501505736,1.0576774000073783,0.7499247000087053,0.2968815000058384,220.98583984375,1870.0,0
2,26,0.8277830638798981,0.0319269225001335,0.171875,0.8054302334785461,0.4736860692501068,515.9481383451516,0.9923477999982424,0.7345062999957008,0.2358506000018678,83.5546875,1870.0,0
2,27,0.8353322270430319,6.89476728439331e-05,0.078125,0.9128812551498412,0.4996146261692047,264.9846490043278,1.9321874000015669,0.970224100004998,0.924714499997208,1096.849609375,2702.0,0
2,28,0.842778955182657,0.0366950184106826,0.28125,0.8320344686508179,0.6312559247016907,478.9412255853583,1.0690247000020463,0.7869995000073686,0.2746063999948092,104.83349609375,2702.0,0
2,29,0.8188784347110593,0.0034055151045322,0.234375,0.9287304878234864,0.9430980682373048,461.8724308378179,1.108531199992285,0.8107147999980953,0.2881565999996383,180.7578125,2702.0,0
2,30,0.822118798580589,0.0185592472553253,0.171875,0.9005435109138489,0.7094818353652954,391.4218076054973,1.3080518000060692,0.8059610999916913,0.4810398999979952,525.58154296875,2704.0,0
2,31,0.8191247264286962,0.0113908499479293,0.03125,0.9539521932601928,0.4339991807937622,294.3348305897196,1.7395154999976512,0.9502330000104848,0.7565730000060285,870.43310546875,2704.0,0
2,32,0.8018528372894564,0.0141192525625228,0.046875,0.8589716553688049,0.8287084698677063,455.7176003444101,1.123502800008282,0.805017200007569,0.3107702000124845,124.27001953125,2704.0,0
2,33,0.7933220872330309,0.021338764578104,0.265625,0.8810668587684631,0.8345552086830139,467.13295415695467,1.096047700004419,0.7953793999913614,0.2941530999960378,104.3681640625,2704.0,0
2,34,0.8240247974834027,0.0148474387824535,0.125,0.9545769691467284,0.5016444325447083,490.6174679533474,1.0435829000052763,0.7268444000073941,0.2882785999972839,175.2392578125,2704.0,0
2,35,0.815571568620284,0.0051284506916999,0.078125,0.9400486350059508,0.5084701776504517,509.02803978912186,1.0058385000011183,0.6803203000017675,0.2712735999957658,124.65283203125,2704.0,0
2,36,0.8100889882845207,0.0214670076966285,0.203125,0.9440999627113342,0.8399054408073425,298.9977443755059,1.7123875000106636,0.8902176000119653,0.7177642000024207,848.44677734375,2704.0,0
2,37,0.8272786210488784,0.0209502764046192,0.1875,0.9638611674308776,0.6630032062530518,446.98461299418415,1.1454532999923686,0.8258055000042077,0.3087570000061532,222.70458984375,2704.0,0
2,38,0.8201761555676336,0.0217840299010276,0.0625,0.9390124678611756,0.9204192757606506,354.5929833542621,1.4439089999941643,0.8861088999983622,0.5108812999969814,539.9873046875,2704.0,0
2,39,0.8209270043010599,0.0144426375627517,0.328125,0.9334437251091005,0.6529666781425476,472.9173969386773,1.0826415000046836,0.7585397000075318,0.2923107000096934,222.65380859375,2704.0,0
2,40,0.8209744467315585,0.0072647482156753,0.171875,0.9212583303451538,0.6003931164741516,302.6092899754583,1.691950699998415,0.9215444000001298,0.7201365000073565,849.90478515625,2704.0,0
2,41,0.8127209514807652,0.0121574737131595,0.21875,0.6493952870368958,0.7511137127876282,537.8322440265665,0.9519697000068844,0.6862652999989223,0.2589941000042017,83.5546875,2704.0,0
2,42,0.7856070195780129,0.0382378660142421,0.125,0.7230556011199951,0.7721094489097595,487.719006786712,1.0497848000086378,0.7692600000009406,0.2618494999915128,78.11376953125,2704.0,0
2,43,0.8245127639428885,0.0059859305620193,0.09375,0.951444923877716,0.6542873978614807,469.34455848566864,1.0908830000116725,0.7841989000007743,0.2962371000030543,217.5087890625,2704.0,0
2,44,0.8227402255478041,0.0169162675738334,0.15625,0.9329107999801636,1.0529454946517944,463.8207159003742,1.1038747999991756,0.7738714000006439,0.306296900002053,222.26123046875,2704.0,0
2,45,0.7956237194559348,0.0108329467475414,0.21875,0.8465127348899841,1.0484563112258911,577.5027922015514,0.8865758000029018,0.6536312999960501,0.2269525000010617,78.11376953125,2704.0,0
2,46,0.7838500012979684,0.0273148156702518,0.265625,0.8499115705490112,0.735916018486023,530.8573813253922,0.9644775000051596,0.7233237000036752,0.2351043999951798,83.6943359375,2704.0,0
2,47,0.8224452735267646,0.007052294909954,0.3125,0.978874921798706,0.7903352975845337,425.94415888765,1.2020354999986012,0.7940975999954389,0.3766829000087455,318.875,2704.0,0
2,48,0.7972167423845479,0.019564501941204,0.171875,0.931621551513672,0.945688009262085,456.9888274252108,1.1203775000030871,0.7687363000004552,0.3381260000023758,315.7705078125,2704.0,0
2,49,0.8039615432584988,0.0322302617132663,0.203125,0.9597578048706056,0.6002037525177002,508.2808581272647,1.007317100011278,0.7233012999931816,0.2605961999943247,125.41455078125,2704.0,0
2,50,0.8208153073298122,0.0474457889795303,0.140625,0.9833666682243348,0.7061734199523926,492.0072367353586,1.040635099998326,0.7362195000023348,0.2934583999885944,225.13330078125,2704.0,0
2,51,0.8607760742056838,0.0225498750805854,0.34375,0.9376999139785768,1.0068455934524536,316.8437216626459,1.61593859999266,0.9102942000026816,0.6758742000092752,783.11669921875,2704.0,0
2,52,0.7879454986008748,3.4127384424209595e-05,0.359375,0.8245136737823486,0.7500869035720825,450.1118686225407,1.137495000002673,0.8172368999948958,0.2959422999992966,127.8291015625,2704.0,0
2,53,0.8208326058456886,0.0020921379327774,0.109375,0.933417797088623,0.9237151741981506,339.7712689001069,1.5068961000069976,0.9367978999944172,0.5479660999990301,557.28515625,2704.0,0
2,54,0.8229924902719948,0.0081542804837226,0.1875,0.9071713089942932,0.5291898846626282,264.99490764675164,1.9321125999995277,0.984879900002852,0.9099440999998478,1039.65966796875,2704.0,0
2,55,0.8432034946927817,0.0311138778924942,0.140625,0.9523391723632812,0.5929849147796631,265.55121326303,1.9280650000000603,1.036323000007542,0.8535478000121657,1048.1533203125,2704.0,0
2,56,0.7876623874754134,0.017117254436016,0.234375,0.8813952803611755,0.4983555972576141,503.8146245623124,1.0162467999907676,0.7161618999962229,0.2823403999937,127.0361328125,2704.0,0
2,57,0.803169755894489,0.0016846917569637,0.171875,0.83427894115448,0.8140533566474915,542.6959118976308,0.9434381000028224,0.6789819999976316,0.257940099996631,102.75830078125,2704.0,0
2,58,0.7974120207867091,0.0025332048535346,0.1875,0.9474486708641052,0.8107097744941711,493.6907384290337,1.0370865000004414,0.7314144999982091,0.2962055999960284,178.22021484375,2704.0,0
2,59,0.8082961587661285,0.0551477670669555,0.21875,0.968768298625946,1.092003345489502,440.7853141341572,1.1615632000030018,0.7856758999987505,0.3606136999878799,346.1279296875,2704.0,0
2,60,0.7554442923277545,0.0241526141762733,0.25,0.9004337787628174,0.8874308466911316,509.670753685845,1.0045701000053668,0.7246607999986736,0.255254400006379,104.1533203125,2704.0,0
2,61,0.7850216573080147,0.0059301257133483,0.078125,0.9606584310531616,0.904693603515625,464.7708675078666,1.1016181000013603,0.7527953999961028,0.3001917999936268,223.24560546875,2704.0,0
2,62,0.8143569013251107,0.0385205745697021,0.171875,0.9416784048080444,0.999704360961914,514.3130716107132,0.995502599995234,0.7030816999904346,0.2748208999983035,165.54638671875,2704.0,0
2,63,0.7567095355034527,0.0173764005303382,0.28125,0.8938276171684265,0.8335601091384888,473.5642032846059,1.0811627999937627,0.8149449000047753,0.2599742000020342,83.5546875,2704.0,0
2,64,0.784250875410396,0.0535517111420631,0.234375,0.9501292705535888,0.8656976222991943,449.35493431759926,1.139411099997233,0.8320375999901444,0.3004121999983908,104.1533203125,2704.0,0
2,65,0.7842748147638676,0.0207444615662097,0.21875,0.938503623008728,1.3069120645523071,476.6187770305367,1.0742337999981828,0.8024271000031149,0.2640353000024333,125.45166015625,2704.0,0
2,66,0.7926456242051985,0.0168068408966064,0.1875,0.9597597718238832,0.7564561367034912,520.9615811198437,0.982797999997274,0.7136658999952488,0.262476499992772,101.33740234375,2704.0,0
2,67,0.7823483057945345,0.0377463363111019,0.203125,0.963990032672882,1.129464864730835,519.3892996301169,0.9857730999938212,0.7139078000036534,0.2589344000007259,105.5439453125,2704.0,0
2,68,0.8006311044253863,0.0040550082921981,0.15625,0.9785290956497192,0.9439947009086608,500.9752383256463,1.022006599989254,0.7256348000082653,0.2786456999892834,173.8447265625,2704.0,0
2,69,0.7823720229377854,0.015430849045515,0.1875,0.9671242237091064,1.1874109506607056,530.0502243302828,0.9659461999981432,0.7117840999999316,0.2472694999887608,102.80126953125,2704.0,0
2,70,0.8007783195554271,0.034438244998455,0.078125,0.9192805290222168,0.7448962330818176,317.04091840439025,1.61493349999364,0.8876401000015903,0.69707439999911,821.294921875,2704.0,0
2,71,0.7889310781890646,0.026843748986721,0.1875,0.9390240907669068,0.7703834772109985,519.1396234078564,0.9862472000095296,0.7223460999957751,0.2561042000015732,126.22900390625,2704.0,0
2,72,0.8084992001257758,0.0216064527630805,0.0625,0.975186824798584,0.7780610918998718,420.7275019474024,1.2169396999961464,0.7705948000075296,0.387049199998728,335.0185546875,2704.0,0
2,73,0.8089525751700899,0.004416212439537,0.34375,0.9741800427436828,1.5918670892715454,400.36727441915326,1.2788257999927737,0.8351478000113275,0.3768523000035202,336.0224609375,2704.0,0
2,74,0.7928359798223491,0.0423463732004165,0.359375,0.9804067015647888,0.6023566722869873,396.1781192099226,1.2923479999881238,0.8651868000015384,0.4120533999957843,343.01513671875,2704.0,0
2,75,0.7855136345612365,0.0280927717685699,0.171875,0.9437601566314696,0.787818968296051,389.148621104399,1.3156926999945426,0.8156081000051927,0.4780814999976428,528.5029296875,2704.0,0
2,76,0.7940364374035171,0.031093169003725,0.078125,0.9387726187705994,1.1183817386627195,373.5654575683829,1.3705764000042109,1.0293763000081526,0.3152389999886509,126.24267578125,2704.0,0
2,77,0.8353116901874423,0.0225441604852676,0.046875,0.9274875521659852,1.1205569505691528,249.29905334876025,2.0537583000113955,1.1722577000036836,0.7925791000016034,865.8759765625,2704.0,0
2,78,0.7897155834354629,0.0294524282217025,0.1875,0.9655289053916932,1.196929693222046,299.31440048987275,1.7105758999969112,1.135686199995689,0.5532837999926414,539.552734375,2704.0,0
2,79,0.7979946449422298,0.003430813550949,0.171875,0.9794935584068298,1.150745153427124,293.90758282707776,1.7420442000002367,1.1526662999967812,0.5471695000014734,539.5927734375,2704.0,0
2,80,0.779351988295368,0.0179052799940109,0.28125,0.8866832852363586,0.7690379619598389,390.475747415155,1.3112209999962945,0.9856696000060764,0.31920819998777,83.6943359375,2704.0,0
2,81,0.8277508316585581,0.0013057962059974,0.046875,0.9629665017127992,1.253449559211731,271.0131099939643,1.8892075000039767,1.0849199000076624,0.7732821000099648,835.25732421875,2704.0,0
2,82,0.8063837582571752,0.0154757872223854,0.3125,0.8912995457649231,0.849727988243103,514.3324462099426,0.9954651000007289,0.7438376999925822,0.245099299994763,98.58154296875,2704.0,0
2,83,0.8376325952985422,0.0114371255040168,0.21875,0.9614389538764954,1.2206226587295532,295.33866750335994,1.7336030000005849,0.9396385000000008,0.7612474000052316,866.9716796875,2704.0,0
2,84,0.7936835481174572,0.0605350509285926,0.28125,0.9809932708740234,0.7996770143508911,432.9583817911725,1.1825616999994963,0.8203210999927251,0.3520990999968489,221.91162109375,2704.0,0
2,85,0.8172519079198857,0.0013116300106048,0.140625,0.9562320709228516,1.1792265176773071,276.2073132250508,1.853680100000929,1.0322562999936054,0.7362357999954838,820.7880859375,2704.0,0
2,86,0.7719516485867698,0.0179940685629844,0.1875,0.950608491897583,1.0004823207855225,433.50440387678606,1.1810722000082023,0.8831671999942046,0.2646697000018321,122.05419921875,2704.0,0
2,87,0.7761535631739216,0.0010643042623996,0.359375,0.926584541797638,1.2552919387817385,489.7002737817077,1.0455375000019558,0.7634116999979597,0.274338400005945,120.20263671875,2704.0,0
2,88,0.7907235616374497,0.0078705921769142,0.078125,0.9834691286087036,1.0635255575180054,365.21844949439554,1.401900700002443,0.8584733000025153,0.52152510000451,550.7060546875,2704.0,0
2,89,0.7620142537310154,0.0292516760528087,0.15625,0.9239982962608336,1.2324531078338623,481.1330985191926,1.064154599996982,0.7677672999998322,0.2725215999962529,100.29638671875,2704.0,0
2,90,0.772525118362765,0.0265342630445957,0.140625,0.981606125831604,1.060549259185791,469.8664634019632,1.089671299996553,0.7410841999953846,0.3144451999978628,176.65966796875,2704.0,0
2,91,0.8009531984335355,0.0137587636709213,0.125,0.9813455939292908,1.3610047101974487,366.8675863830218,1.3955988999950932,0.8419477999996161,0.5323307999933604,559.279296875,2704.0,0
2,92,0.7854438415304441,0.0074359029531478,0.078125,0.9824684262275696,0.8964070677757263,439.3143435740528,1.1654524999903515,0.8172420999908354,0.3278884000028483,234.02099609375,2704.0,0
2,93,0.7973516774782962,0.004128985106945,0.390625,0.9429916143417358,1.484528422355652,295.3177145653761,1.733725999991293,0.9890730000042822,0.7122525999875506,856.31396484375,2704.0,0
2,94,0.7766276974864424,0.0101872310042381,0.359375,0.8907930850982666,1.0589613914489746,492.0468128718789,1.0405514000012772,0.7644488999940222,0.2537669000012101,83.5546875,2704.0,0
2,95,0.7529682173069744,0.0624508969485759,0.328125,0.932470977306366,0.8069673180580139,458.0095584407727,1.117880600009812,0.807192499996745,0.2894647999928565,83.5546875,2704.0,0
2,96,0.7909023411174064,0.0039309673011302,0.09375,0.822559118270874,1.3424639701843262,490.930208233605,1.0429180999926757,0.7580918000021484,0.262459100005799,83.5546875,2704.0,0
2,97,0.8300253299359293,0.0292156711220741,0.109375,0.8996806144714355,0.8882928490638733,270.23050028278334,1.894678800003021,0.9529422000050544,0.878807200002484,1053.9609375,2704.0,0
2,98,0.7731425678645196,0.0114139392971992,0.3125,0.9297270774841307,1.2181476354599,495.7795795001745,1.0327169999945909,0.7570931000082055,0.2554633000108879,89.8779296875,2704.0,0
2,99,0.7675297543828902,0.0045894533395767,0.203125,0.9360177516937256,0.8096018433570862,402.0592974623561,1.2734440000058385,0.8585688000021037,0.3936993999959668,337.19384765625,2704.0,0
2,100,0.7813789190420551,0.0239252857863903,0.21875,0.9764296412467957,0.914404034614563,405.32136283974125,1.2631952000083402,0.8597872999962419,0.3711273999942932,321.6884765625,2704.0,0
2,101,0.7884149912091946,0.0303651690483093,0.125,0.9492191672325134,0.9316428899765016,384.6762704971448,1.3309893000114243,0.8179662000038661,0.493740500009153,521.99951171875,2704.0,0
2,102,0.7920026145385306,0.0200498923659324,0.078125,0.9902916550636292,0.8248070478439331,419.478998890442,1.220561699999962,0.7874042999901576,0.3687018000055104,332.50244140625,2704.0,0
2,103,0.7913933870634757,0.0181555449962615,0.109375,0.9895854592323304,0.8081219792366028,427.0442449552319,1.198938999994425,0.7748063000035472,0.398801800009096,343.03759765625,2704.0,0
2,104,0.7770132762772084,0.009991630911827,0.1875,0.9869167804718018,0.7402527928352356,378.7841236798095,1.351693399992655,0.8301520000095479,0.5003530000103638,543.6220703125,2704.0,0
2,105,0.8201524432318443,0.0361196622252464,0.15625,0.8413875102996826,0.5549061894416809,269.8735658147642,1.897184700006619,1.0060321999917503,0.8370540000032634,1018.28369140625,2704.0,0
2,106,0.7628390557110506,0.0124355107545852,0.1875,0.988681972026825,1.321834921836853,393.0497745360472,1.3026339999923948,0.90740920000826,0.378984599999967,336.78564453125,2704.0,0
2,107,0.77866659430152,0.0061690285801887,0.265625,0.9899869561195374,1.4350719451904297,435.6216687076342,1.175331799997366,0.7606742000061786,0.3627179000031901,320.921875,2704.0,0
2,108,0.7303126767000652,0.0112940929830074,0.375,0.9421161413192748,1.3813692331314087,500.7210089152589,1.0225254999968456,0.756515799992485,0.2586523999925703,101.47607421875,2704.0,0
2,109,0.7728204188180315,0.0391959473490715,0.21875,0.965181291103363,0.5574729442596436,364.3022761137077,1.4054262999998173,0.8626518999953987,0.5216748999955598,538.9892578125,2704.0,0
2,110,0.7765332308455034,0.0111393481492996,0.15625,0.9849690794944764,0.9035258889198304,447.6354401019573,1.1437879000004614,0.769773099993472,0.3595850999990944,321.705078125,2704.0,0
2,111,0.7592027895554377,0.0299466736614704,0.15625,0.9788228273391724,0.792307436466217,468.6944598237303,1.0923960999934934,0.8181530000001658,0.2653682000091066,168.83056640625,2704.0,0
2,112,0.7588405046841031,0.076935313642025,0.421875,0.9455908536911012,0.8583202958106995,495.70268373038925,1.0328771999920718,0.7394629000045825,0.2693763999996008,124.78759765625,2704.0,0
2,113,0.7647787154090495,0.0061690807342529,0.140625,0.9761690497398376,1.195059299468994,485.47528124608544,1.054636600005324,0.7881729999935487,0.2587424999946961,122.25732421875,2704.0,0
2,114,0.7818706065935194,0.012525051832199,0.171875,0.9433857798576356,1.2212694883346558,298.3744188701975,1.7159647999942536,0.9522550999972736,0.732600099989213,864.03759765625,2704.0,0
2,115,0.7648091163113394,0.0393167063593864,0.15625,0.9701882004737854,1.1520566940307615,445.03581669611697,1.1504691999871284,0.779613500009873,0.3563511999964248,333.84033203125,2704.0,0
2,116,0.7741533278968644,0.0053333789110183,0.1875,0.9864577054977416,1.0283819437026978,447.8913415600888,1.143134400001145,0.7869293999974616,0.3423641999979736,321.72412109375,2704.0,0
2,117,0.7519044435404129,0.0210597962141037,0.171875,0.98271644115448,0.9225417375564576,469.3776895280568,1.090805999992881,0.7744711999985157,0.2848585000028834,178.31201171875,2704.0,0
2,118,0.7714303545104773,0.0156797990202903,0.140625,0.9286813735961914,1.43640398979187,260.2021211450449,1.9677011000021596,0.9866287999902852,0.8828100999962771,1084.603515625,2704.0,0
2,119,0.7821570326396757,0.0383105799555778,0.078125,0.949295699596405,0.995203971862793,269.6345283012036,1.89886660000775,0.9664183999993838,0.8773369000118691,1097.98779296875,2704.0,0
2,120,0.718827765049949,0.0645187869668006,0.25,0.913745641708374,0.9997788071632384,519.8095141746217,0.984976200008532,0.7331594999996014,0.2358299000043189,102.75830078125,2704.0,0
2,121,0.785468078297356,0.0179888010025024,0.03125,0.9219376444816588,0.7950021624565125,269.57423540082056,1.8992912999965483,0.9606535000057193,0.8864947999973083,1093.88330078125,2704.0,0
2,122,0.7193831477766824,0.0448231175541877,0.203125,0.8763032555580139,0.767652153968811,503.0633808733652,1.017764400006854,0.7601007999910507,0.2462782999937189,92.3212890625,2704.0,0
2,123,0.7222156270563896,0.008208330720663,0.328125,0.9124687910079956,0.7758176326751709,501.77832393826736,1.0203709000052186,0.7369820000021718,0.2688774999987799,98.58154296875,2704.0,0
2,124,0.7368278150077551,0.0069113224744796,0.078125,0.9580123424530028,1.4915114641189575,291.36587313510825,1.7572407999978168,0.963132899996708,0.7359039000002667,834.33349609375,2704.0,0
2,125,0.6977615418483851,0.0381312295794487,0.265625,0.9499825835227966,1.1707309484481812,459.1771760230319,1.1150380000035511,0.8277372000011383,0.2799457000073744,126.23779296875,2704.0,0
2,126,0.7108590059067283,0.0226454362273216,0.203125,0.9863498210906982,0.911072552204132,375.9505601500252,1.3618812000058824,0.8414227000030223,0.5002324000088265,523.52490234375,2704.0,0
2,127,0.7019707468148914,0.0038420483469963,0.109375,0.9873287081718444,1.6025781631469729,370.26111870071975,1.3828078999940772,0.8682363999978406,0.492708700010553,544.89013671875,2704.0,0
2,128,0.7121238858130121,0.0005863979458808,0.09375,0.9785792231559752,0.9933762550354004,277.88091272321174,1.842515900003491,0.9782663999940268,0.824202999996487,1020.96484375,2704.0,0
2,129,0.6971605315827041,0.0068439319729804,0.25,0.9684597849845886,0.8243191242218018,340.2511531976029,1.5047708000056446,0.9392980000120588,0.511975600005826,548.80029296875,2704.0,0
2,130,0.7339835328983775,0.0012649521231651,0.328125,0.9841557145118712,1.006608247756958,434.3172003438594,1.1788618999999017,0.8183871999935945,0.3445007999980589,318.4130859375,2704.0,0
2,131,0.7237834379950927,0.0065164193511009,0.1875,0.9746602177619934,1.017428636550903,358.4237168990391,1.4284768999932569,0.9189951000007568,0.4888571000046795,523.01708984375,2704.0,0
2,132,0.7007865282762135,0.0533895939588546,0.34375,0.9646596908569336,0.8772552013397217,508.0562136428043,1.0077624999976251,0.7191132000007201,0.2790135000104783,178.66357421875,2704.0,0
2,133,0.715994087391533,0.0334365032613277,0.109375,0.9718866348266602,0.7653107047080994,485.9051905960593,1.0537035000015749,0.7328852000064217,0.2946195999975316,124.65673828125,2704.0,0
2,134,0.7225522836675182,0.0010522603988647,0.265625,0.9808650016784668,0.6595669388771057,379.1299057504589,1.3504606000060448,0.8245903000060935,0.5049682999961078,531.267578125,2704.0,0
2,135,0.710501545541858,0.0698116198182106,0.234375,0.9834491014480592,0.9867311120033264,503.7086037835616,1.0164607000042452,0.7337246999959461,0.2732581000018399,181.49462890625,2704.0,0
2,136,0.6952236942547408,0.0148734226822853,0.203125,0.9865007996559144,0.7860822677612305,447.7313444043896,1.1435428999975557,0.7735626999929082,0.3479006999987177,318.85693359375,2704.0,0
2,137,0.7112253790842662,0.0297203585505485,0.4375,0.9740523099899292,0.479873925447464,282.00374899755724,1.8155786999996053,0.9392766000091796,0.8375815999897895,1047.4755859375,2704.0,0
2,138,0.7209490810126854,0.0050291717052459,0.375,0.9812090396881104,1.176962971687317,449.5764454253065,1.1388497000007192,0.7533850000036182,0.3613076000037836,326.71142578125,2704.0,0
2,139,0.7182611133654112,0.0031958073377609,0.1875,0.8913943767547607,1.2439466714859009,501.9199418035665,1.0200830000103451,0.7449557000072673,0.2472261000075377,105.0341796875,2704.0,0
2,140,0.7382720242848577,0.0137017518281936,0.03125,0.94683438539505,0.5670459866523743,279.3178904358685,1.833036900003208,0.9127389000059338,0.8656574000051478,1050.87255859375,2704.0,0
2,141,0.7052299838187691,0.029086597263813,0.15625,0.9283769726753236,1.1716512441635132,512.7843549522049,0.9984703999944032,0.7439650999876903,0.2482840000011492,90.126953125,2704.0,0
2,142,0.7452104191039169,0.0672548711299896,0.3125,0.9792693257331848,1.0198333263397217,503.1485107662264,1.0175922000053106,0.7366904999944381,0.2718501000053948,125.91064453125,2704.0,0
2,143,0.7352755078894689,0.0175205171108245,0.125,0.9864403009414672,0.6212663650512695,436.1863241463095,1.173810299995239,0.7903117000096245,0.3689607000123942,342.5,2704.0,0
2,144,0.6797334608799193,0.0160305239260196,0.171875,0.949074923992157,0.6958801746368408,507.92481760889103,1.0080231999891112,0.7174568000045838,0.2735009000025457,102.75830078125,2704.0,0
2,145,0.7459756286248141,0.0016487352550029,0.109375,0.893319308757782,1.023780345916748,509.74534536699446,1.004423099991982,0.7442893999977969,0.2378836999996565,83.6943359375,2704.0,0
2,146,0.697461264672425,0.0207206755876541,0.109375,0.9874465465545654,0.633884847164154,369.8563599239733,1.384321200006525,0.8494731999962823,0.5143653999984963,544.6396484375,2704.0,0
2,147,0.7501663675500023,0.0295016206800937,0.234375,0.9622190594673156,0.8837125897407532,496.3478685063701,1.0315345999988494,0.7247802999918349,0.2978025000047637,177.28076171875,2704.0,0
2,148,0.6998283428129578,0.0017082020640373,0.171875,0.9367565512657166,1.0274651050567627,533.6480188976955,0.959433900003205,0.7124976000050083,0.2342668999917805,85.63818359375,2704.0,0
2,149,0.7052798937529713,0.0308298431336879,0.109375,0.9475801587104796,1.238012671470642,532.8682392741877,0.960837899998296,0.7068883000029018,0.229124799996498,84.4189453125,2704.0,0
2,150,0.6980409864128605,0.01011573523283,0.296875,0.9770547151565552,1.147777438163757,422.9709579206906,1.2104850000032457,0.812694799999008,0.3832506000035209,328.04052734375,2704.0,0
2,151,0.7044601786511,0.0074017383158206,0.171875,0.9683865308761596,1.1369097232818604,494.3530781619816,1.0356970000138972,0.7527253000007477,0.2739652000018395,127.8291015625,2704.0,0
2,152,0.7200697160686658,0.0152210630476474,0.203125,0.953752875328064,1.5156997442245483,479.5004205007816,1.067777999996906,0.7584887999983039,0.2850987000128953,79.58251953125,2704.0,0
2,153,0.6950246244274915,0.013572484254837,0.328125,0.9694451689720154,0.9255192279815674,484.9352313121423,1.0558110999991186,0.7562296999967657,0.2839311999996425,128.7197265625,2704.0,0
2,154,0.6864266187643998,0.0139932855963706,0.03125,0.9786186814308168,1.831154227256775,340.9432487975242,1.5017162000003736,0.9076280999870504,0.5267202000104589,565.28076171875,2704.0,0
2,155,0.6795692156218112,0.0476837307214736,0.265625,0.9923477172851562,0.873747706413269,442.96064165287,1.1558588999905623,0.7772158000007039,0.363435200008098,335.21435546875,2704.0,0
2,156,0.6943742962875457,0.0120954066514968,0.15625,0.9904322028160096,1.1482325792312622,404.02918100500153,1.2672352000081446,0.8458229999960167,0.4071803999977419,320.47998046875,2704.0,0
2,157,0.6799113804382809,0.0058007836341857,0.046875,0.9746350049972534,0.9012817740440368,254.93241950767117,2.0083753999933838,1.0644719999982044,0.8873201999958837,1077.93505859375,2704.0,0
2,158,0.692599069837837,0.0358099900186061,0.1875,0.9604893922805786,1.158845067024231,480.7114529490055,1.0650880000030156,0.7338962999929208,0.2717108999931952,169.80908203125,2704.0,0
2,159,0.7034723995832582,0.0138453282415866,0.25,0.9517342448234558,1.137622952461243,496.40397976442335,1.0314179999986663,0.7173829000093974,0.286784699987038,175.904296875,2704.0,0
2,160,0.709506853453,0.0087412633001804,0.15625,0.91535884141922,1.260711431503296,554.0724977900803,0.9240667999983998,0.6823603000084404,0.2355562000011559,83.5546875,2704.0,0
2,161,0.641276612738053,0.0042279288172721,0.0625,0.9748004078865052,0.6844552159309387,306.68538805243736,1.6694633000006434,0.9203389000031166,0.7163981999910902,845.1318359375,2704.0,0
2,162,0.7047982142154504,0.0265094935894012,0.34375,0.9680649638175964,0.3738318681716919,268.2458804605982,1.908696600003168,0.9627276999963216,0.8938078999926802,1097.7314453125,2704.0,0
2,163,0.6957188600005192,0.0203415900468826,0.046875,0.984992504119873,0.2536043524742126,256.9305639619029,1.992756300009205,1.069044899995788,0.8745665999886114,1076.88623046875,2704.0,0
2,164,0.6847506613954032,0.0294934809207916,0.078125,0.9839304685592652,0.5125689506530762,241.14912077567487,2.123167600002489,1.227890499998466,0.8530187000142178,1042.32568359375,2704.0,0
2,165,0.7033018565857607,0.0003860592842102,0.234375,0.9358019828796388,1.1793324947357178,457.4355750704806,1.1192832999950042,0.8230481000064174,0.277660099993227,126.9462890625,2704.0,0
2,166,0.6911163100806572,0.0160505250096321,0.078125,0.9846935868263244,0.1462681889533996,268.0497194532789,1.9100934000016423,0.9327878999902168,0.8728052000078605,1084.87451171875,2704.0,0
2,167,0.6815592613976807,0.0138634033501148,0.234375,0.9338368773460388,1.5823163986206057,506.2254858834669,1.011406999998144,0.7051134999928763,0.271917799997027,175.9892578125,2704.0,0
2,168,0.695578277646607,0.0138715058565139,0.375,0.9815675616264344,1.1495386362075806,502.7917215720482,1.0183143000031123,0.7089096999989124,0.2983505000011064,231.0810546875,2704.0,0
2,169,0.6985603354432547,0.0056791231036186,0.078125,0.9711555242538452,1.678054690361023,490.7663085810558,1.043266400010907,0.7260517999966396,0.3061490999971283,228.4013671875,2704.0,0
2,170,0.6969726577459863,0.0005862414836883,0.25,0.988209903240204,2.263413190841675,478.3763607353816,1.070286999995005,0.7450132000085432,0.2970660999999381,224.50146484375,2704.0,0
2,171,0.7227653369789855,0.0454696230590343,0.234375,0.8977758884429932,1.0114210844039917,473.8103196582884,1.0806012000102785,0.8110985999956029,0.2577124999952502,79.58251953125,2704.0,0
2,172,0.6645447576908021,0.0198715180158615,0.171875,0.9466971158981324,1.5529614686965942,517.3653895051013,0.989629400006379,0.7235211999941384,0.2534496000007493,79.58251953125,2704.0,0
2,173,0.6975779120605914,0.0048529580235481,0.0625,0.9865232706069946,0.9053462147712708,368.2647294018577,1.3903042000019925,0.8307031000003917,0.5146940999984508,540.9189453125,2704.0,0
2,174,0.6593898717539259,0.010149210691452,0.046875,0.9618987441062928,0.4760627448558807,309.4658782131788,1.6544635000027483,0.9410992999910376,0.6812164000002667,832.158203125,2704.0,0
2,175,0.7118997673092053,0.012782547622919,0.171875,0.9846119284629822,1.7754662036895752,483.4642479613489,1.0590234999981476,0.7516775999974925,0.2958274999982677,230.1845703125,2704.0,0
2,176,0.6702947376460844,0.0191655792295932,0.265625,0.929341733455658,0.9227675199508668,498.33335717683474,1.0274247000052128,0.7742190000135452,0.2468450000014854,83.5546875,2704.0,0
2,177,0.673671468392598,0.0234927944839,0.21875,0.9552297592163086,1.5276830196380615,534.0777598502118,0.958661899989238,0.6980580000090413,0.253326099991682,99.97216796875,2704.0,0
2,178,0.6805093682276195,0.0133084692060947,0.140625,0.91657555103302,1.1486481428146362,518.7541794152106,0.9869800000014948,0.7305638999969233,0.2378897000016877,83.6943359375,2704.0,0
2,179,0.6956554018604804,0.0132794454693794,0.171875,0.9838797450065612,1.467286229133606,485.9631167256531,1.053577900005621,0.7200373999949079,0.3137865000026067,231.93310546875,2704.0,0
2,180,0.6724426526010052,0.0256704837083816,0.171875,0.9757360219955444,1.770422339439392,481.2404122036992,1.0639172999945004,0.7580368000053568,0.2775619999883929,174.7724609375,2704.0,0
2,181,0.7039389284751458,0.0145355090498924,0.28125,0.9787192940711976,1.4727206230163574,420.3072084467396,1.2181566000072053,0.7879233999992721,0.3604175999935251,328.00244140625,2704.0,0
2,182,0.6671819901389412,0.0373220667243003,0.234375,0.9398251175880432,1.632629632949829,490.64050530111234,1.043533900010516,0.7387866000062786,0.2811885999981314,83.6943359375,2704.0,0
2,183,0.6923160682102653,0.0191093981266021,0.09375,0.9932027459144592,1.0368856191635132,472.0224808058181,1.0846941000054358,0.7339216999971541,0.3296626999945147,231.93310546875,2704.0,0
2,184,0.6791439367344856,0.0194114111363887,0.125,0.9490095376968384,1.9720869064331052,474.36216124275234,1.079344099998707,0.7456160000001546,0.3067746999877272,83.6943359375,2704.0,0
2,185,0.7020024993461377,0.0174980610609054,0.0625,0.9868407845497132,1.1042792797088623,475.9915266031768,1.0756494000088423,0.7785540000040783,0.2872722999891266,179.15771484375,2704.0,0
2,186,0.6516691730875823,0.0011930912733078,0.046875,0.9522029161453248,0.4506682455539703,302.97503734194066,1.6899082000018095,0.9130613000015728,0.7304925000062212,851.97021484375,2704.0,0
2,187,0.6914134505784552,0.0090384408831596,0.34375,0.9860424399375916,1.7720718383789062,430.5027330215762,1.1893071999948006,0.7874791000067489,0.3642318999918643,315.43408203125,2704.0,0
2,188,0.6800699743257208,0.0398892685770988,0.40625,0.970237135887146,1.5393192768096924,469.5947919759613,1.0903016999945976,0.7697942999948282,0.3108677999989595,179.74267578125,2704.0,0
2,189,0.6632081710840149,0.0151599869132041,0.125,0.92799311876297,1.4508373737335205,461.5738423957905,1.10924829999567,0.8551614000025438,0.2474997999961488,104.01806640625,2704.0,0
2,190,0.6677629468183532,0.0234738662838935,0.28125,0.9254578351974488,1.9155433177948,476.56647260203175,1.0743516999937128,0.7682815000007395,0.2689504000009037,79.58251953125,2704.0,0
2,191,0.7070793601836711,0.0048498064279556,0.046875,0.9055873155593872,0.1901284009218216,260.39570076580713,1.9662382999958936,1.0266040999995312,0.8851314000057755,1041.48876953125,2704.0,0
2,192,0.6688199932066109,0.0013659298419952,0.203125,0.9707010984420776,1.5724692344665527,440.7349634236235,1.161695900009363,0.8595561999973143,0.292924800000037,169.61376953125,2704.0,0
2,193,0.6270225220053177,0.0457860976457595,0.21875,0.9830795526504515,1.7155938148498535,366.8334158601073,1.3957288999954471,0.8654859999951441,0.5014627000055043,510.2607421875,2704.0,0
2,194,0.6456298113707647,0.0432823449373245,0.21875,0.9441885352134703,1.066094160079956,499.3052635364908,1.0254247999982908,0.7563593999948353,0.2623440000024857,87.615234375,2704.0,0
2,195,0.6633070911970259,0.0265350565314292,0.15625,0.9541934728622437,1.1168819665908811,352.8875541040128,1.450887099999818,0.873972400004277,0.5543067999969935,552.2158203125,2704.0,0
2,196,0.6219114869024639,0.0042129456996917,0.15625,0.9773464798927308,0.7651053667068481,368.6135630365008,1.388988499995321,0.846921200005454,0.5202564999926835,555.93505859375,2704.0,0
2,197,0.6315376871531218,0.0335254035890102,0.203125,0.987677276134491,1.0561250448226929,426.1653541527938,1.201411600006395,0.8212855000019772,0.3660677999869222,346.53271484375,2704.0,0
2,198,0.6563566178586826,0.0063179805874824,0.125,0.9686707258224488,1.9956690073013303,302.3456233286958,1.6934261999995217,0.9411208000092302,0.7017182999989018,821.125,2704.0,0
2,199,0.6636384181697541,0.0159971341490745,0.265625,0.9107604026794434,1.7277644872665403,469.8761656049826,1.08964879999985,0.7959492999943905,0.2870914999948581,100.65966796875,2704.0,0
2,200,0.680577865699436,0.0507234334945678,0.328125,0.9413943886756896,0.5991135239601135,258.99993145544784,1.9768345000047705,1.0369838000042364,0.8872217999887653,1064.1904296875,2704.0,0
2,201,0.6502489644535754,0.047778233885765,0.234375,0.9726060032844543,0.3604975938796997,376.1678560863196,1.3610945000109496,0.8203788999962853,0.5202280999947106,541.291015625,2704.0,0
2,202,0.6633863766138873,0.0393878370523452,0.25,0.9762651920318604,2.0835275650024414,298.1484225934015,1.7172655000031227,0.9564603000035276,0.6990079999959562,849.47021484375,2704.0,0
2,203,0.66897233841033,0.0240650251507759,0.328125,0.9822059869766236,0.7786881327629089,314.57764479617697,1.6275791000080062,0.8807409000000916,0.7160319999966305,878.8134765625,2704.0,0
2,204,0.6809296274463519,0.0399230644106864,0.265625,0.9827327728271484,0.6222604513168335,314.1463346370071,1.6298137000121642,0.8744791999924928,0.7225041999918176,870.13720703125,2704.0,0
2,205,0.6118988251711144,0.0818115025758743,0.15625,0.7805852293968201,1.396943211555481,534.0295743948136,0.9587483999930556,0.729661399993347,0.2233239999914076,83.6943359375,2704.0,0
2,206,0.6816311058637219,0.0446355193853378,0.40625,0.8738069534301758,0.9726482033729552,482.8439964073012,1.0603838999959407,0.78949090000242,0.2641488999943249,106.4736328125,2704.0,0
2,207,0.7144448458925124,0.0046477392315864,0.1875,0.9174928665161132,0.350498616695404,268.7838998443269,1.9048760000005127,0.959741300001042,0.905912399990484,1075.556640625,2704.0,0
2,208,0.6618865209741692,0.0055425278842449,0.03125,0.9826647639274596,1.496612310409546,385.4177495566568,1.3284286999987671,0.8086302000010619,0.4979906999942614,537.45458984375,2704.0,0
2,209,0.6346738427552961,0.0326380655169487,0.125,0.9881060719490052,1.116612434387207,432.048843123672,1.185051199994632,0.7870341999951052,0.3835763999959454,328.0400390625,2704.0,0
2,210,0.6247534306887094,0.0370410978794097,0.21875,0.9524766206741332,1.2165371179580688,431.5491417278967,1.1864234000095166,0.8052911999984644,0.3525301999907242,313.27783203125,2704.0,0
2,211,0.7151023830452924,0.0558195933699607,0.078125,0.9265465140342712,1.203723430633545,283.4326057888541,1.8064258999947924,0.9349684000044364,0.8038108999899123,973.28369140625,2704.0,0
2,212,0.6488858734626295,0.0596881546080112,0.265625,0.9072191119194032,1.0294122695922852,457.17559418263806,1.1199197999958417,0.8120943999965675,0.2965516999975079,225.40673828125,2704.0,0
2,213,0.6862044567064525,0.00388715416193,0.078125,0.9639620184898376,1.512879729270935,301.6853961047904,1.6971322000026705,0.9105416999955196,0.7383269999991171,864.49951171875,2704.0,0
2,214,0.6981220935021859,0.023912213742733,0.171875,0.9445202350616456,1.712433695793152,276.25303547963256,1.853373299993109,0.9602308000030462,0.8539526999957161,1064.7021484375,2704.0,0
2,215,0.628547528904163,0.0310789942741394,0.1875,0.9564844965934752,2.3623178005218506,485.286621463618,1.0550465999986045,0.7657059000048321,0.2799839000072097,176.16552734375,2704.0,0
2,216,0.6603334612189155,0.0301796831190586,0.109375,0.940002739429474,2.2484030723571777,479.35712218073655,1.0680971999972826,0.7832548000005772,0.2756414000032237,177.17529296875,2704.0,0
2,217,0.6482678352895969,0.0403504632413387,0.1875,0.9361972808837892,1.6092814207077026,500.3427152130181,1.023298600004637,0.7044814999972004,0.2962419999967096,99.29638671875,2704.0,0
2,218,0.6544090139590356,0.0212062112987041,0.140625,0.9708014726638794,0.7530049085617065,355.99852650137774,1.4382081999938237,0.8814481000008527,0.5346275999909267,565.83203125,2704.0,0
2,219,0.6557452201820393,0.0099205411970615,0.125,0.9713690876960754,1.468744874000549,471.2144134200377,1.0865541999955894,0.7651161999965552,0.3109571999957552,224.27685546875,2704.0,0
2,220,0.6550168636539905,0.0002283565700054,0.328125,0.9500202536582948,0.8885949850082397,502.7628882840874,1.0183726999966891,0.7197258000087459,0.2778449000034015,102.83837890625,2704.0,0
2,221,0.6374429996864444,0.0232246592640876,0.125,0.9518685936927797,0.9495841264724731,502.0582919121508,1.019801899994491,0.7533662000059849,0.2595933000120567,103.60009765625,2704.0,0
2,222,0.7288186740370545,0.0119285285472869,0.078125,0.9282269477844238,0.7110705971717834,273.255613813851,1.87370350000856,0.9386299000034342,0.8963631000078749,1054.177734375,2704.0,0
2,223,0.6685236672230896,0.0078848116099834,0.21875,0.9858946800231934,1.1940115690231323,479.2065537524119,1.0684327999915697,0.721561099999235,0.3244438000110676,222.99755859375,2704.0,0
2,224,0.6285856571688683,0.030541643500328,0.125,0.9057297706604004,1.1444721221923828,493.9274895157187,1.0365893999987748,0.7719857000047341,0.2470115999894915,79.58251953125,2704.0,0
2,225,0.678962298973185,0.0048680752515792,0.15625,0.9523996114730836,1.0957883596420288,491.49172153212027,1.041726600000402,0.752923699998064,0.279677200000151,173.5478515625,2704.0,0
2,226,0.6398000822120807,0.0139128156006336,0.15625,0.8924078345298767,1.4968987703323364,534.9256286280208,0.957142399987788,0.7192993999924511,0.231780100002652,84.4189453125,2704.0,0
2,227,0.6526041453302585,0.0212951637804508,0.265625,0.9869354367256165,1.6667357683181765,487.4015736831861,1.0504684999905294,0.7180021999956807,0.3049828999937745,221.54248046875,2704.0,0
2,228,0.6806947234970843,0.029327280819416,0.359375,0.9704009890556335,0.996054708957672,518.3387647541441,0.987771000000066,0.7215732999902684,0.2520206000044709,101.41748046875,2704.0,0
2,229,0.6774728592802821,0.0081952773034572,0.171875,0.9292400479316713,1.293190360069275,534.9482082367784,0.9571020000003044,0.7276617000024999,0.223221200008993,83.6943359375,2704.0,0
2,230,0.6937067276254989,0.0116442441940307,0.171875,0.9713287949562072,1.274827241897583,368.9980255024941,1.387541299991426,0.843028699993738,0.5221155000035651,556.9521484375,2704.0,0
2,231,0.6798060228873443,0.0204037278890609,0.15625,0.9388065934181212,0.2397285550832748,288.4542469305767,1.7749782000028065,0.9179498000012244,0.8196571999869775,1021.7841796875,2704.0,0
2,232,0.6757218378387958,0.0174678601324558,0.171875,0.9708231687545776,1.1312620639801023,448.172563244796,1.142417099996237,0.7714440999989165,0.3545568000117782,328.5322265625,2704.0,0
2,233,0.6604341344890771,0.0046285726130008,0.109375,0.9349757432937622,1.3005932569503784,501.4770064944666,1.0209840000024997,0.7282073999958811,0.267628199988394,177.33740234375,2704.0,0
2,234,0.6647817785215404,0.0070984177291393,0.125,0.9880726933479308,1.0747036933898926,436.3027399002573,1.1734971000114456,0.7673862999945413,0.3917979999969248,341.2265625,2704.0,0
2,235,0.6373525517730636,0.0579640157520771,0.15625,0.9266635179519652,1.2279813289642334,525.7519896419929,0.9738432000012835,0.7181840999983251,0.248855799989542,103.15673828125,2704.0,0
2,236,0.6338949492836341,0.0078647211194038,0.109375,0.9251418113708496,1.4207048416137695,497.9522201239269,1.0282110999978613,0.7497526999941329,0.2716727000079117,104.8349609375,2704.0,0
2,237,0.6062680175763376,0.0053514018654823,0.21875,0.9832203388214112,1.198613524436951,502.3509928370912,1.0192076999956043,0.7422655000118539,0.269609599999967,127.3837890625,2704.0,0
2,238,0.6446129205866679,0.0108976736664772,0.0625,0.9806225895881652,0.8023645281791687,469.5437163102455,1.0904202999954578,0.7465373000013642,0.3237999999983003,231.68505859375,2704.0,0
2,239,0.6761262280465133,0.0349670425057411,0.140625,0.986347794532776,1.1660393476486206,466.7250984582115,1.0970055000070715,0.778960299998289,0.2731960999954026,173.6103515625,2704.0,0
2,240,0.6662394089057235,0.0289300791919231,0.203125,0.9619899988174438,0.6792764663696289,487.02455298226846,1.0512816999980714,0.7584742000035476,0.2510843000054592,102.09228515625,2704.0,0
2,241,0.6605064984142524,0.0228630639612674,0.109375,0.9567201733589172,1.5173146724700928,535.4340754673209,0.9562334999936866,0.705076199999894,0.2351706999907037,84.4189453125,2704.0,0
2,242,0.6997948434570465,0.0342966020107269,0.328125,0.9869282841682434,0.8209030032157898,434.6809149192563,1.1778754999977536,0.7865967999969143,0.3705868999968515,322.8037109375,2704.0,0
2,243,0.6577248830409024,0.0214058421552181,0.203125,0.9486351609230042,1.48381507396698,518.8260385445463,0.9868432999937796,0.726246699996409,0.2528463999915402,125.787109375,2704.0,0
2,244,0.6546349918587737,0.0266603976488113,0.21875,0.9767162203788756,1.1175872087478638,533.7721941557551,0.9592107000062242,0.6947266000061063,0.2573104999901261,124.50634765625,2704.0,0
2,245,0.655232222016479,0.0326671786606311,0.1875,0.95917409658432,1.053624391555786,534.6047459264458,0.9577169000112916,0.7135770999884699,0.2381510999985039,84.4189453125,2704.0,0
2,246,0.696663601750546,0.0315223708748817,0.078125,0.9565832018852234,0.7590320110321045,321.4823147678944,1.5926226000010502,0.8596405999996932,0.7018222999904538,828.537109375,2704.0,0
2,247,0.686068769718963,0.0658799707889556,0.1875,0.935675859451294,0.9502201676368712,499.053795950512,1.0259415000036824,0.7458218999963719,0.2712815999984741,177.00732421875,2704.0,0
2,248,0.6628335051824163,0.0076608546078205,0.171875,0.955711841583252,2.141382932662964,385.7378551149122,1.3273263000010047,0.8226176000025589,0.4841635000047972,535.08740234375,2704.0,0
2,249,0.658793144011247,0.0090110898017883,0.171875,0.9501818418502808,0.6917466521263123,381.44715537394205,1.3422567000088748,0.823908999998821,0.4898276999883819,546.37109375,2704.0,0
2,250,0.6693779376685409,0.0247319564223289,0.125,0.8544999957084656,2.1951982975006104,318.6056026683579,1.6070024999935413,0.8741095000004862,0.7013064999919152,844.84375,2704.0,0
2,251,0.6427526504829185,0.0133081935346126,0.21875,0.8189458847045898,1.1630157232284546,490.03004209591927,1.044833899999503,0.7515391999913845,0.2853390999953262,122.42431640625,2704.0,0
2,252,0.668342591203466,0.0378810204565525,0.21875,0.8437394499778748,0.9091432094573976,484.4698093007728,1.0568253999954322,0.7616726999985985,0.2767577999911736,178.43896484375,2704.0,0
2,253,0.6123233941894444,0.0062777660787105,0.125,0.917680323123932,1.3138030767440796,537.4671273778542,0.952616399998078,0.7227473999955691,0.2237986999971326,78.11376953125,2704.0,0
2,254,0.6597126254313727,0.0230351537466049,0.125,0.9471555948257446,0.9844412803649902,438.9083321118183,1.1665305999922566,0.7743798000010429,0.377237900000182,322.8037109375,2704.0,0
2,255,0.6517461489214573,0.0133085623383522,0.125,0.9712852239608764,1.5092346668243408,503.9321967153815,1.0160096999898087,0.7299905999971088,0.2763540000014473,169.978515625,2704.0,0
2,256,0.659105669915589,0.0159262269735336,0.09375,0.9636655449867249,0.9122976064682008,366.3461019014904,1.3975855000026058,0.8631721999990987,0.5021366000000853,545.80859375,2704.0,0
2,257,0.6670470606223535,0.025624357163906,0.203125,0.961900234222412,1.426538109779358,512.4821944993333,0.9990590999950656,0.7127193000051193,0.2655012000032002,119.8134765625,2704.0,0
2,258,0.6515026322055578,0.0054859854280948,0.21875,0.9495201706886292,1.3619285821914673,443.0318957001727,1.1556730000011155,0.7811588000040501,0.3274290999979712,239.18310546875,2704.0,0
2,259,0.6840764129832674,0.0011755153536796,0.015625,0.9464109539985656,0.9321614503860474,302.91993518205544,1.6902156000141986,0.9227341000078012,0.7195181000133744,855.84130859375,2704.0,0
2,260,0.6584111128196661,0.0176639705896377,0.109375,0.8960888385772705,0.842159628868103,552.5269691398584,0.9266516000061528,0.6718640000035521,0.2480596999957924,102.24853515625,2704.0,0
2,261,0.6998819646283123,0.0110095664858818,0.1875,0.925691783428192,1.65337336063385,475.6790504299016,1.0763559999904828,0.7557448000006843,0.3031426999950781,177.44921875,2704.0,0
2,262,0.6596365528192193,0.0358481481671333,0.109375,0.9784398078918456,1.3878790140151978,427.7835381854655,1.1968670000060229,0.803849200005061,0.3674188000004506,341.189453125,2704.0,0
2,263,0.6795129958851983,0.0023523569107055,0.25,0.983581244945526,1.8146545886993408,433.0439241033818,1.1823280999960843,0.7989761000062572,0.3511544000066351,322.9150390625,2704.0,0
2,264,0.67378641048008,0.0173935666680336,0.25,0.923190712928772,1.4171619415283203,520.8244855038653,0.9830567000026348,0.7345064999972237,0.2422076999937417,83.6943359375,2704.0,0
2,265,0.6428573109368947,0.0427336990833282,0.109375,0.9497993588447572,0.701640784740448,320.91382216468617,1.5954439000051934,0.8796216000046115,0.6848881000041729,816.81787109375,2704.0,0
2,266,0.654897913799531,0.0221242979168891,0.171875,0.9632800221443176,0.7072088718414307,319.0355555147408,1.6048368000047049,0.8709776000032434,0.6930949000088731,855.552734375,2704.0,0
2,267,0.6660441607758375,0.0002954341471195,0.21875,0.9726023077964784,1.6663740873336792,515.1394141309972,0.9939057000010508,0.7310678000067128,0.2557894000055967,102.75830078125,2704.0,0
2,268,0.6485836527884546,0.0040931850671768,0.140625,0.9411747455596924,1.358533263206482,541.0408548164116,0.9463241000048584,0.6852515999926254,0.2540674999909242,100.615234375,2704.0,0
2,269,0.6710280503815134,0.0039600059390068,0.15625,0.8917005062103271,0.9864521622657776,423.4341702096592,1.2091608000046108,0.8003715999948326,0.3629613000084646,323.41357421875,2704.0,0
2,270,0.6482059875548346,0.0167944133281707,0.078125,0.9565292000770568,0.6772456765174866,282.7550927267718,1.8107542999932773,0.9080511999927694,0.8356363000057172,1038.46630859375,2704.0,0
2,271,0.6175552639865517,0.0384806022047996,0.25,0.9839306473731996,1.4459707736968994,304.59267452255386,1.6809333999990486,0.9068574999982956,0.7337977999995928,890.58203125,2704.0,0
2,272,0.6621320374924918,0.0130743272602558,0.15625,0.8896586894989014,1.5611088275909424,420.43901881199895,1.2177746999950614,0.7684593000012683,0.3992785000009462,343.24755859375,2704.0,0
2,273,0.631984160069302,0.0219301804900169,0.296875,0.8219419717788696,1.5516104698181152,518.6237063906898,0.9872283000004244,0.7152483999961987,0.2636993999913102,129.99609375,2704.0,0
2,274,0.6501141764068291,0.0628609582781791,0.171875,0.9148082137107848,1.3240383863449097,380.73391220604736,1.344771200005198,0.8266265999991447,0.4974695999990217,533.373046875,2704.0,0
2,275,0.6016792615089429,0.0249845013022422,0.234375,0.7551304697990417,1.659565567970276,525.7477786629597,0.9738510000024688,0.7336917000066023,0.2338906000077258,79.58251953125,2704.0,0
2,276,0.6397953883084875,0.0254192762076854,0.21875,0.942637264728546,1.3618323802947998,459.3028106303027,1.1147329999948852,0.7681448000075761,0.3121220000030007,229.2919921875,2704.0,0
2,277,0.6382133612590501,0.0028849020600318,0.15625,0.9729991555213928,2.9898622035980225,493.81992084944886,1.0368152000010014,0.7384956000023521,0.2831441000016639,175.99365234375,2704.0,0
2,278,0.645358690253441,0.0577733926475048,0.21875,0.973509669303894,1.4622845649719238,495.5879124585971,1.0331163999944692,0.7456920000113314,0.278189000004204,174.9306640625,2704.0,0
2,279,0.6164405343575696,0.0246257148683071,0.109375,0.9677821397781372,0.5764234662055969,320.9208020105862,1.595409200002905,0.8472841999900993,0.6903957000031369,821.82421875,2704.0,0
2,280,0.6609128089539689,0.0299825146794319,0.0625,0.9696693420410156,0.8867740631103516,458.56802104670777,1.1165191999898525,0.7941305999993347,0.3014933999947971,218.56591796875,2704.0,0
2,281,0.6748982596827771,0.0104103684425354,0.21875,0.9614709615707396,1.7277452945709229,470.04858668332815,1.0892490999976872,0.786327000008896,0.2760051999939605,176.91748046875,2704.0,0
2,282,0.6581158250870496,0.0251325219869613,0.203125,0.9356092810630798,1.0543359518051147,270.41427043614544,1.8933912000065904,0.9703190000000176,0.8695087999949465,1061.552734375,2704.0,0
2,283,0.65231190009157,0.0361015014350414,0.171875,0.975217580795288,0.8976990580558777,317.3871696369918,1.6131716999952914,0.8778758999978891,0.7040487000049325,832.19140625,2704.0,0
2,284,0.685946327582721,0.0222815498709678,0.296875,0.9808158278465272,1.1940830945968628,432.5252938565534,1.1837458000081824,0.8090498000092339,0.3498359000077471,325.22412109375,2704.0,0
2,285,0.6610562159603381,0.0101682320237159,0.09375,0.9923125505447388,1.2087100744247437,375.2741260220919,1.3643359999987297,0.8475807000068016,0.4962361000070814,542.5986328125,2704.0,0
2,286,0.686370198058748,0.0165090858936309,0.15625,0.9344750046730042,1.2567620277404783,284.105616930134,1.8021466999925904,0.9368422999978064,0.8285873999993782,1028.3740234375,2704.0,0
2,287,0.6595178277221244,0.0129639953374862,0.203125,0.8940463066101074,1.2310889959335327,513.6546872066966,0.9967786000052,0.7312122000003001,0.2586365999886766,102.30517578125,2704.0,0
2,288,0.6919413978748598,0.0071007460355758,0.171875,0.9804092645645142,0.985103189945221,450.27420556078624,1.137084899994079,0.7884338000003481,0.33007510000607,223.93603515625,2704.0,0
2,289,0.6678831818007199,0.0023686215281486,0.203125,0.9513896107673644,0.9008809924125672,301.85899152324595,1.6961562000069534,0.945841200009454,0.7177642999886302,851.82861328125,2704.0,0
2,290,0.6377133091092891,0.0002821125090122,0.203125,0.9258110523223876,1.5236252546310425,471.1886110042216,1.0866136999975424,0.7985750999941956,0.2813450999965425,100.85107421875,2704.0,0
2,291,0.675605820469222,0.024233229458332,0.046875,0.9525240659713744,1.2613797187805176,254.39120458429576,2.012648199990508,1.020599100011168,0.8895309000072302,1075.34033203125,2704.0,0
2,292,0.699457603637923,0.0290806628763675,0.34375,0.9575669765472412,1.6190953254699707,457.7726214752433,1.1184592000063276,0.8015555999882054,0.3062580999976489,220.45556640625,2704.0,0
2,293,0.6613012408551183,0.0201812759041786,0.0625,0.9696507453918456,1.8168532848358157,304.0118279590014,1.684145000006538,0.9391666000010446,0.7139342000009492,849.30615234375,2704.0,0
2,294,0.6566096616142942,0.0171241536736488,0.171875,0.8491466045379639,1.290191650390625,472.0936847802776,1.0845304999966174,0.7951079000049504,0.2821720999927493,102.75830078125,2704.0,0
2,295,0.6306213530679641,0.0806595087051391,0.3125,0.8909933567047119,1.103318691253662,440.8494928653256,1.1613940999959596,0.8123761000024388,0.338266000006115,218.6396484375,2704.0,0
2,296,0.6702793642728341,0.0171489790081977,0.1875,0.8884674310684204,1.2500391006469729,439.74629730444326,1.1643077000044286,0.8107683999987785,0.3423352000099839,232.66162109375,2704.0,0
2,297,0.6633287028712851,0.0015531778335571,0.21875,0.8552231788635254,2.170448064804077,434.4375599096591,1.1785353000013856,0.8513993000087794,0.3185129000048619,171.2353515625,2704.0,0
2,298,0.6645165358727756,0.0225437246263027,0.234375,0.949994683265686,1.8832638263702397,460.2183070689082,1.1125155000045197,0.750587300004554,0.337687499995809,218.8310546875,2704.0,0
2,299,0.682223318577642,0.0355978049337863,0.15625,0.9412134289741516,1.593050241470337,439.8722549123054,1.1639742999977898,0.8321361999987857,0.3244477999978699,127.8369140625,2704.0,0
2,300,0.6754982658705874,0.0016991086304187,0.296875,0.9074339270591736,1.616613507270813,459.5290437644593,1.1141841999924509,0.7828348000039114,0.3171182999940356,223.93603515625,2704.0,0
2,301,0.7025889077558112,0.0405933260917663,0.171875,0.8740538954734802,0.2772536277770996,275.7639320713753,1.8566604999941771,0.9383634999976492,0.8813257000001613,1080.087890625,2704.0,0
2,302,0.6770032037623105,0.037177175283432,0.15625,0.856260359287262,2.124285697937012,499.0103610926118,1.0260307999997167,0.7344807999907061,0.2729338000062853,103.83349609375,2704.0,0
2,303,0.6837363942026529,0.0610634833574295,0.125,0.9407159686088562,0.7704142928123474,314.2987387404172,1.629023400004371,0.8855433999997331,0.712360899997293,850.66357421875,2704.0,0
2,304,0.6541110980784628,0.016388114541769,0.09375,0.8526149392127991,1.1728726625442505,537.9726186606628,0.9517213000071932,0.6805535000021337,0.2642187000019476,100.66455078125,2704.0,0
2,305,0.7174206693186617,0.0115895569324493,0.296875,0.9673953056335448,1.78871488571167,468.4386272616542,1.0929927000106543,0.7596805000066524,0.3151370000123279,230.345703125,2704.0,0
2,306,0.6783672222455298,0.0220991931855678,0.1875,0.9162212014198304,1.144763708114624,481.4736101682254,1.063401999999769,0.7340410000033444,0.2813610000011977,170.84814453125,2704.0,0
2,307,0.6945445419351468,0.0213797390460968,0.265625,0.9574232697486876,1.1456295251846311,423.9944416966108,1.2075630000035744,0.7882310999993933,0.3714444999932311,344.2041015625,2704.0,0
2,308,0.668818435411415,0.0045058615505695,0.25,0.9535540342330932,1.5797269344329834,499.98022538772346,1.0240405000076862,0.7378660999966087,0.2770504999934928,173.923828125,2704.0,0
2,309,0.7318590998943556,0.0909689888358116,0.34375,0.8908244967460632,0.889031171798706,303.9475244100401,1.6845012999983735,0.9149465000082272,0.7001380000001518,845.35693359375,2704.0,0
2,310,0.6778368358285823,0.0317217819392681,0.125,0.7839973568916321,1.635682225227356,545.5944896620059,0.9384259000071324,0.6962997000082396,0.2296522000106051,78.11376953125,2704.0,0
2,311,0.7042052392604923,0.0186013802886009,0.09375,0.8677759766578674,1.6145856380462646,499.9394604614961,1.0241239999886602,0.7404261000046972,0.2747566000034567,173.5478515625,2704.0,0
2,312,0.7354293622715411,0.0229849889874458,0.25,0.9514413475990297,0.4662887156009674,395.17094925149246,1.295641800010344,0.8044151999929454,0.4699001999979373,511.0205078125,2704.0,0
2,313,0.7187668647476478,0.0231923684477806,0.09375,0.9560545682907104,1.962935209274292,372.88985853334617,1.373059599995031,0.8262976999976672,0.5260757000069134,565.314453125,2704.0,0
2,314,0.747256911505451,0.0238613486289978,0.1875,0.8849031925201416,0.8808546662330627,265.91259671098544,1.9254446999984796,1.015193300001556,0.8598973999905866,1051.85205078125,2704.0,0
2,315,0.7572319081079678,0.0010198764503002,0.328125,0.9399282932281494,2.7220327854156494,424.1886976864848,1.207010000012815,0.8089806999923894,0.3832025000010617,341.72412109375,2704.0,0
2,316,0.6859492935897882,0.0352436564862728,0.125,0.8734853863716125,1.437629222869873,505.4643460003058,1.0129300000116928,0.7513072000001557,0.2553045999957248,83.5546875,2704.0,0
2,317,0.6700476229683482,0.0321445353329181,0.28125,0.8835419416427612,0.8199248909950256,481.0503282893992,1.064337700008764,0.7847362999891629,0.273127000007662,84.4189453125,2704.0,0
2,318,0.6847503659579105,0.0117375217378139,0.375,0.9267754554748536,0.7236666083335876,499.8350641901774,1.0243379000021378,0.7831683999975212,0.2349943000008352,79.58251953125,2704.0,0
2,319,0.7380045138428233,0.0163422003388404,0.265625,0.9568787217140198,1.2431647777557373,509.3865920848172,1.0051305000088178,0.7063015000021551,0.28985410000314,167.03076171875,2704.0,0
2,320,0.7474453124893656,0.0299941524863243,0.109375,0.9136091470718384,1.7260876893997192,306.6585881311202,1.6696091999911005,0.9020711999910418,0.7179226000007475,871.40380859375,2704.0,0
2,321,0.7363494107997295,0.0109633654356002,0.15625,0.9754633903503418,2.044939517974853,430.6801027677474,1.188817399990512,0.7896315000107279,0.3540901000087615,325.74267578125,2704.0,0
2,322,0.6947829716051065,0.0615229308605194,0.3125,0.9517545700073242,0.9124622941017152,490.9359511718112,1.0429059000016423,0.760601999994833,0.266761699997005,126.58056640625,2704.0,0
2,323,0.7201220187464921,0.0071003101766109,0.296875,0.9892088770866394,1.576372504234314,463.63184010227536,1.1043244999891613,0.7468896000063978,0.3186478000134229,218.3642578125,2704.0,0
2,324,0.7332394720867818,0.0330539643764495,0.28125,0.9935914874076844,1.0662803649902344,428.6886840166203,1.1943399000010686,0.8189061000011861,0.3609493999974802,320.9755859375,2704.0,0
2,325,0.726895229470723,0.0239754877984523,0.171875,0.9693647623062134,1.170776128768921,472.4876966292825,1.0836261000076777,0.7800314000051003,0.2954899000033038,130.70849609375,2704.0,0
2,326,0.66859429906639,0.0298319272696971,0.25,0.9431256651878356,0.7975651025772095,541.9670949754302,0.9447068000008584,0.6564514000056079,0.2656642000074498,100.43701171875,2704.0,0
2,327,0.6951808558771718,0.0215670280158519,0.15625,0.9611863493919371,0.9860941767692566,516.3692584851682,0.9915384999912932,0.7348172000056366,0.2493590999947628,101.36767578125,2704.0,0
2,328,0.6978339817245619,0.0089677646756172,0.375,0.9764047861099244,1.1565515995025637,496.2799360045107,1.0316757999971742,0.7442860000010114,0.2729703999939374,124.56298828125,2704.0,0
2,329,0.758176226569194,0.0120454579591751,0.140625,0.9015681147575378,0.9545183777809144,305.8104888809833,1.6742395000037504,0.9412785999884364,0.7007918000017526,816.83837890625,2704.0,0
2,330,0.7599756275953401,0.0172416269779205,0.125,0.9516676068305968,0.9661690592765808,311.7505542561236,1.642338699995889,0.9101010000013048,0.6994719000067562,856.58056640625,2704.0,0
2,331,0.7277322205592422,0.0010277479887008,0.25,0.9602158665657043,1.33279550075531,523.4481780614537,0.9781293000123696,0.7178346000000602,0.2530175000138115,122.09716796875,2704.0,0
2,332,0.7454819681687737,0.0216527953743934,0.328125,0.9783632159233092,1.0983734130859375,491.8167740398341,1.041038100011065,0.7540355999954045,0.2778729999990901,173.3369140625,2704.0,0
2,333,0.7268429675325031,0.0240286886692047,0.234375,0.965602695941925,1.1000864505767822,498.6363464554875,1.0268004000099609,0.7401837999932468,0.2662640000053216,178.19677734375,2704.0,0
2,334,0.7264292783293753,0.0263388901948928,0.3125,0.9272291660308838,0.6114524006843567,485.3433420204827,1.054923300005612,0.7468736000009812,0.2963385000039125,223.93603515625,2704.0,0
2,335,0.718792616611409,0.019135046750307,0.09375,0.8921642303466797,1.0757323503494265,503.5776140426651,1.016725100009353,0.7465669000084745,0.2619720000075176,101.36767578125,2704.0,0
2,336,0.7361993597856894,0.0124501213431358,0.203125,0.9918650388717652,1.2658625841140747,477.5251215987453,1.0721948999998858,0.7636779000022216,0.2969319999974686,225.05712890625,2704.0,0
2,337,0.7836213186635566,0.0039332658052444,0.203125,0.9277446269989014,0.3712206482887268,291.800225586292,1.7546251000021584,0.8995152999996208,0.8180090999958338,1024.17578125,2704.0,0
2,338,0.7287939015998665,0.0043257921934127,0.203125,0.9221367835998536,0.9891011118888856,480.54095396235465,1.0654658999992537,0.7374388000025647,0.3174742000119295,175.3623046875,2704.0,0
2,339,0.7441717369424058,0.0063447952270507,0.109375,0.9723973870277404,0.7284604907035828,360.9015602944349,1.418669399994542,0.8867110999999568,0.5095710999885341,536.7412109375,2704.0,0
2,340,0.7789254272738938,0.0192956328392028,0.109375,0.9585833549499512,0.6432642340660095,300.55719900038224,1.703502699994715,0.9481877000071108,0.7230868000042392,868.38623046875,2704.0,0
2,341,0.6909456758022844,0.0190825723111629,0.390625,0.9327315092086792,0.9812796711921692,516.2473736426758,0.9917725999985124,0.7274449999968056,0.2403028999979142,101.58642578125,2704.0,0
2,342,0.6702276187911548,0.0051190480589866,0.109375,0.9373236298561096,0.6583951711654663,498.82279767668217,1.0264166000124533,0.7209712000039872,0.2806049000064377,123.11669921875,2704.0,0
2,343,0.6653544296217117,0.0579564645886421,0.1875,0.9484767317771912,1.049267292022705,502.9385066271266,1.0180171000101836,0.7112416000018129,0.2976192999922205,178.27099609375,2704.0,0
2,344,0.7109299085799285,0.0716521739959716,0.1875,0.9532622694969176,0.7664119601249695,499.366331432626,1.0252994000038598,0.7210609000030672,0.2914741999993566,125.04345703125,2704.0,0
2,345,0.6820659639134494,0.0009698495268821,0.296875,0.968566119670868,0.8746246099472046,528.7078009578624,0.9683988000033424,0.7105865999910748,0.2507429999968735,99.97216796875,2704.0,0
2,346,0.7105213239398828,0.0285306572914123,0.171875,0.9824851155281068,0.900786817073822,379.34400752219807,1.3496983999939405,0.8049290999915684,0.524144900002284,555.64892578125,2704.0,0
2,347,0.7297753652498883,0.0050159990787506,0.34375,0.9716562032699584,0.8870083093643188,435.0932998909756,1.1767591000098037,0.7955414000025485,0.3670528999937232,321.7080078125,2704.0,0
2,348,0.6962962871384215,0.0038216970860958,0.234375,0.9797115325927734,0.940330982208252,508.610921977188,1.0066634000104386,0.731454400010989,0.2686823000112781,106.3564453125,2704.0,0
2,349,0.7771453767756106,0.0023779571056365,0.0625,0.9354520440101624,0.8150346279144287,309.927360774469,1.6520000000018626,0.8960014999902342,0.724110399998608,856.68212890625,2704.0,0
2,350,0.7009186655956973,0.0463994406163692,0.15625,0.9359124302864076,1.3475979566574097,527.8579616698946,0.969957900000736,0.7309677000012016,0.2329497000027913,83.6943359375,2704.0,0
2,351,0.7253667744909544,0.0254334658384323,0.25,0.9830697178840636,0.6765685081481934,454.1184284048964,1.1274592000117991,0.7888540999992983,0.3280172000086168,222.88427734375,2704.0,0
2,352,0.6930658176393705,0.016431875526905,0.265625,0.9619005918502808,1.4205069541931152,505.52243768588,1.0128136000130326,0.7297446000011405,0.2697670999914408,107.9462890625,2704.0,0
2,353,0.7434030929105924,0.0211803764104843,0.234375,0.9868516325950624,0.96818208694458,438.1825795526267,1.1684627000067849,0.7695829000003869,0.3844816999917384,325.49072265625,2704.0,0
2,354,0.706748267986596,0.0075404942035675,0.265625,0.9576340913772584,0.9382004141807556,539.6518697368857,0.948759799997788,0.683369299993501,0.2578633000084664,120.86669921875,2704.0,0
2,355,0.669517595501656,0.0066255331039428,0.0625,0.9568663835525512,1.1827136278152466,512.2910325301106,0.999431900010677,0.7132971999963047,0.2794501000025775,84.4189453125,2704.0,0
2,356,0.7382795227535084,0.0016607344150543,0.1875,0.9941941499710084,0.7853065729141235,422.425793315562,1.2120472000096925,0.7605412999982946,0.3925660000095377,331.61474609375,2704.0,0
2,357,0.7237832200940787,0.0096589475870132,0.21875,0.97771817445755,1.124880313873291,504.8570800855581,1.0141484000050696,0.7274469000112731,0.2777949000010267,179.76220703125,2704.0,0
2,358,0.7593200305118237,0.008740447461605,0.34375,0.9900959730148317,0.7099865674972534,409.2336540351354,1.2511189999931958,0.8530175999912899,0.3825081999966642,329.03173828125,2704.0,0
2,359,0.6877439621407321,0.0100417435169219,0.234375,0.9858338832855223,1.17609965801239,507.0795535485099,1.0097035000071628,0.7088131999917096,0.2776622000092175,103.11767578125,2704.0,0
2,360,0.7210837034472868,0.0172059498727321,0.0625,0.9668212532997132,0.9856909513473512,510.9230253549422,1.002107899999828,0.7340378999942914,0.2601247999991756,126.4384765625,2704.0,0
2,361,0.7240551053852705,0.0238217413425445,0.15625,0.988653838634491,1.3244240283966064,477.1841215870512,1.0729610999987926,0.7356705999991391,0.3036174000008032,223.83935546875,2704.0,0
2,362,0.7031837112740355,0.0195120610296726,0.265625,0.9852742552757264,0.7070562839508057,492.9783324451712,1.0385852000035811,0.7505188999930397,0.2689278000034392,128.7900390625,2704.0,0
2,363,0.7087637608845616,0.0514883771538734,0.171875,0.990856945514679,1.091018795967102,446.93111953330026,1.1455904000031296,0.7612731000117492,0.3691747999982908,337.18994140625,2704.0,0
2,364,0.708904550787912,0.0093647614121437,0.125,0.9937718510627748,0.6607820391654968,439.1941679120661,1.1657714000029955,0.7828525999939302,0.367802799999481,323.80517578125,2704.0,0
2,365,0.7141726015038848,0.0058741234242916,0.28125,0.955407977104187,1.0147594213485718,524.2178403665027,0.976693199991132,0.7136414000124205,0.2558850000059465,101.55712890625,2704.0,0
2,366,0.7171118490802499,0.0704803317785263,0.25,0.9870157241821288,1.3457013368606567,461.32983731996586,1.1098349999956554,0.744928499989328,0.3018258000083733,230.6142578125,2704.0,0
2,367,0.705936728062859,0.0169929042458534,0.1875,0.982183277606964,1.354572057723999,500.8073072439558,1.0223493000085,0.738746999995783,0.2756845999974757,125.74658203125,2704.0,0
2,368,0.6938228059695097,0.0014041252434253,0.328125,0.9761981964111328,1.2830435037612915,503.4117452847355,1.017060099999071,0.7323299999989104,0.2770721999986563,98.58154296875,2704.0,0
2,369,0.7042837058087783,0.0037793517112731,0.3125,0.9756988286972046,0.8299941420555115,500.1125253197891,1.02376959999674,0.747320900001796,0.2696521999896504,100.24169921875,2704.0,0
2,370,0.7635033734828244,0.0113983154296875,0.171875,0.8934122323989868,1.2920366525650024,297.38569513268806,1.7216698999982327,0.8897635000030277,0.725491699995473,863.498046875,2704.0,0
2,371,0.7521033694925469,0.0390710085630416,0.1875,0.987381637096405,0.8659015893936157,452.8190017016576,1.1306945999967866,0.7567006000026595,0.3562611999950604,319.9091796875,2704.0,0
2,372,0.7394808771644918,0.0106936506927013,0.234375,0.9813772439956664,1.0208395719528198,501.1979806449024,1.021552399994107,0.7195631000067806,0.2909852999873692,227.4306640625,2704.0,0
2,373,0.7246104243324306,0.005969226360321,0.375,0.980509638786316,1.740761160850525,447.9534128439596,1.1429760000028182,0.771738399998867,0.3572665999963647,338.9697265625,2704.0,0
2,374,0.7167796426034388,0.016668677330017,0.234375,0.9444749355316162,1.7585777044296265,508.88465900330857,1.0061219000053825,0.7214978000120027,0.2666926000092644,175.1640625,2704.0,0
2,375,0.6282713413416664,0.0708295181393623,0.28125,0.7936489582061768,1.04021418094635,526.6650407281736,0.9721548999950756,0.733478299996932,0.2323967999982414,83.6943359375,2704.0,0
2,376,0.7550980797066109,0.0067423433065414,0.078125,0.8580455780029297,0.9811983704566956,313.15994099608497,1.6349473000009311,0.8986240999947768,0.70589710000786,828.537109375,2704.0,0
2,377,0.733839130911464,0.0030794218182563,0.125,0.961864411830902,1.1778156757354736,359.0060776502429,1.4261597000004258,0.860694599992712,0.5051373000023887,535.18896484375,2704.0,0
2,378,0.6907424521158717,0.0294691585004329,0.265625,0.9143515825271606,1.8082163333892824,547.0471208476606,0.935933999993722,0.6932950999907916,0.2366418000019621,79.58251953125,2704.0,0
2,379,0.7493199691873036,0.0128280147910118,0.09375,0.9498544335365297,1.1290605068206787,378.8101027175129,1.3516006999998351,0.821163799992064,0.5101312000042526,522.8310546875,2704.0,0
2,380,0.7474876898354322,0.0377088785171508,0.203125,0.9000007510185242,0.8128719329833984,274.1787502996316,1.867394900007639,0.9497117999999318,0.8764833000022918,1080.43115234375,2704.0,0
2,381,0.6779030098291996,0.0044117122888565,0.15625,0.876781702041626,0.9472441673278807,395.164971342197,1.295661399999517,0.9404843000083928,0.3292997000098694,131.373046875,2704.0,0
2,382,0.6938838011388472,0.0656058341264724,0.140625,0.8898578882217407,0.9318184852600098,448.8190274038122,1.1407715999957873,0.8567922999936854,0.2607480000006035,83.6943359375,2704.0,0
2,383,0.7577518442953886,0.005452461540699,0.265625,0.980798363685608,1.7730534076690674,362.82359240515706,1.4111541000020225,0.963380799992592,0.4324118999938946,325.42236328125,2704.0,0
2,384,0.7111226186438045,0.029128611087799,0.234375,0.9810775518417358,1.2874163389205933,381.610574008152,1.3416819000121905,0.9771777999994812,0.3460529000003589,171.26513671875,2704.0,0
2,385,0.7572714953480792,0.0061195418238639,0.3125,0.9380815625190736,1.8604252338409424,267.90051598106703,1.911157199996524,1.1307476999936623,0.7489406000095187,813.5888671875,2704.0,0
2,386,0.7400564488260825,0.0034909918904304,0.125,0.9613341093063354,1.3122601509094238,349.27305499033594,1.4659017999947537,0.9989882999943802,0.4167917000013403,334.84765625,2704.0,0
2,387,0.763990470869145,0.0533198043704032,0.46875,0.9144366979599,0.4728294014930725,237.0124250529686,2.1602242999942973,1.1947527000011178,0.926777000000584,1084.42529296875,2704.0,0
2,388,0.6742368417465313,0.0129172839224338,0.140625,0.9180556535720824,0.7636103630065918,438.0824753566774,1.1687297000025865,0.870660400003544,0.2743192000052659,90.9853515625,2704.0,0
2,389,0.7134259620806054,0.0189781673252582,0.171875,0.9580681324005128,1.47858464717865,363.2151321093657,1.4096329000021797,0.9474147000000812,0.3806326000049012,221.54248046875,2704.0,0
2,390,0.6562150035881162,0.0273885652422904,0.25,0.9243599772453308,1.381758451461792,370.8724324874154,1.3805285999987973,0.9915346999914618,0.3529305999982171,83.6943359375,2704.0,0
2,391,0.6791428890258375,0.0254132822155952,0.203125,0.9550986886024476,1.4820387363433838,398.2834295318463,1.285516700008884,0.9878089999983786,0.283856799986097,124.50830078125,2704.0,0
2,392,0.7468947815136314,0.0086337625980377,0.109375,0.901219367980957,1.3432501554489136,322.133976526857,1.5894008000032045,1.0027562000032049,0.5111768000060692,517.2099609375,2704.0,0
2,393,0.6613863349826457,0.0118856541812419,0.375,0.9155675768852234,1.108898043632507,496.6233010375658,1.0309625000081724,0.7823165000008885,0.242263299995102,83.5546875,2704.0,0
2,394,0.7623336665068344,0.0093651041388511,0.078125,0.9654369354248048,1.322185516357422,353.3498183913962,1.4489889999968,0.8849265000026207,0.5395586000086041,540.9189453125,2704.0,0
2,395,0.7665375435338989,0.0038397535681724,0.09375,0.8998074531555176,1.0841283798217771,270.6191295261877,1.8919579000066733,0.9772274999995716,0.7340932999941288,855.68310546875,2704.0,0
2,396,0.749592772349906,0.0004263669252395,0.03125,0.9621805548667908,1.0991451740264893,299.634796683377,1.7087467999954242,0.9641510999936144,0.7133022000052733,847.61083984375,2704.0,0
2,397,0.6636475782506076,0.0045368336141109,0.328125,0.827862024307251,1.4926384687423706,472.4933214190543,1.083613199996762,0.795517699996708,0.2811946000001626,101.53173828125,2704.0,0
2,398,0.7187476800192683,0.0220903754234313,0.1875,0.883362889289856,1.5161582231521606,468.9175870957184,1.0918762999936007,0.8091775999928359,0.2688766999926884,106.4365234375,2704.0,0
2,399,0.739166486039811,0.0009733811020851,0.234375,0.9726886749267578,0.8485193252563477,352.95832155163606,1.450596199996653,0.8897178999905009,0.5392628999979934,553.3642578125,2704.0,0
2,400,0.6738188419149788,0.0118678472936153,0.375,0.9301974773406982,1.6923129558563232,498.45144182437,1.0271812999999383,0.7061987000051886,0.305181600007927,104.1865234375,2704.0,0
2,401,0.6547814458528689,0.0108105614781379,0.34375,0.9766082167625428,1.446433186531067,494.5609882556198,1.0352616000018315,0.7412045000091894,0.2845825000113109,174.2685546875,2704.0,0
2,402,0.7163226834341364,0.016963891685009,0.15625,0.9635930061340332,0.8391968607902527,395.5054513305584,1.2945460000046296,0.7971717000036733,0.476577699999325,504.1220703125,2704.0,0
2,403,0.6769269805531086,0.022534180432558,0.125,0.8855253458023071,1.406567096710205,530.601949255009,0.9649418000044534,0.7283584999968298,0.2305984999984502,85.63818359375,2704.0,0
2,404,0.6287473077043362,0.0620114728808403,0.25,0.9344286322593688,1.0135310888290403,541.9726598082406,0.9446970999997576,0.6763784000067972,0.2558865000028163,79.58251953125,2704.0,0
2,405,0.7175141148758805,0.0138802826404571,0.171875,0.9949024319648744,1.1841446161270142,420.79890644541376,1.2167332000099125,0.8096460999950068,0.3929719000007026,320.185546875,2704.0,0
2,406,0.7197754390831381,0.0203984230756759,0.28125,0.9707633256912231,0.5765162706375122,371.5723359161976,1.3779282000032254,0.8615777000086382,0.4953470000036759,547.43896484375,2704.0,0
2,407,0.7433189156339226,0.0209382250905036,0.25,0.983262062072754,0.8741015791893005,358.50114034131263,1.4281684000015955,0.9134701000002678,0.4941709999984596,535.8896484375,2704.0,0
2,408,0.7245476889928741,0.0088095068931579,0.15625,0.9574886560440063,2.28598690032959,394.1148795636984,1.2991135999909602,0.7984676000050968,0.4674908000015421,325.7998046875,2704.0,0
2,409,0.7428040082319777,0.045796625316143,0.09375,0.956555724143982,0.9309388995170592,405.9541098993239,1.2612263000046369,0.9271947000088404,0.3187425999931292,228.7509765625,2704.0,0
2,410,0.7311822569514796,0.0059636682271957,0.015625,0.9787795543670654,1.2821868658065796,370.1998920336459,1.383036600003834,0.8850072999921395,0.477162800001679,533.08935546875,2704.0,0
2,411,0.659067369022087,0.0232801884412765,0.15625,0.9234583377838136,1.3305538892745972,510.439840631889,1.0030564999906346,0.741235699999379,0.2484273000009125,100.5703125,2704.0,0
2,412,0.6373464041536913,0.0016240403056144,0.140625,0.9366829991340636,1.2903258800506592,544.3788945154043,0.9405213999998524,0.7110501999995904,0.2233981000026688,83.6943359375,2704.0,0
2,413,0.6713652170277739,0.015296384692192,0.203125,0.9570883512496948,0.9768787026405334,513.9818626616466,0.99614410000504,0.7189624999882653,0.2696027000056347,124.50830078125,2704.0,0
2,414,0.6954027012951061,0.0031808316707611,0.390625,0.9954922795295716,1.510388970375061,472.6451976228436,1.083264999993844,0.7476076000020839,0.31447830000252,238.5673828125,2704.0,0
2,415,0.6674227843018491,0.0408975407481193,0.125,0.9408422708511353,1.932215929031372,516.8433389253613,0.9906290000071748,0.7356874999968568,0.2422056999930646,83.5546875,2704.0,0
2,416,0.6867086307812216,0.0014996975660324,0.3125,0.9797022342681884,1.5784659385681152,482.4968609438088,1.0611467999988236,0.7653993999992963,0.2865185999980895,179.15771484375,2704.0,0
2,417,0.7180726914510638,0.0403681918978691,0.171875,0.9177043437957764,0.9466581344604492,358.3929074051166,1.428599699996994,0.8837139999959618,0.5223259999911534,556.16455078125,2704.0,0
2,418,0.7368202846230854,0.0061981678009033,0.15625,0.924444854259491,1.1442484855651855,365.1972967709663,1.4019818999950076,0.878683099988848,0.4944997999991756,528.712890625,2704.0,0
2,419,0.7088526164652783,0.0294257998466491,0.328125,0.9480748176574708,1.524606227874756,469.1143624773804,1.0914182999986224,0.7867273000010755,0.2944800999975996,175.5205078125,2704.0,0
2,420,0.6608439066282825,0.0243055149912834,0.171875,0.9554557800292968,1.5120669603347778,525.8240726144777,0.9737097000033827,0.6957517999981064,0.2700021999917226,122.23974609375,2704.0,0
2,421,0.682414132541418,0.0243555977940559,0.125,0.9756171107292176,1.2879098653793335,488.243953380048,1.0486560999997891,0.7651024999941001,0.2742072999972151,173.8818359375,2704.0,0
2,422,0.6715749232123313,0.0015422850847244,0.203125,0.9620025753974916,1.3336974382400513,486.5520621155177,1.052302600000985,0.7411714999907417,0.2914278999960515,102.22705078125,2704.0,0
2,423,0.7518411977415252,0.0163368433713912,0.265625,0.8559623956680298,1.048078179359436,277.77845594816495,1.8431954999978188,0.9414070000057108,0.8602405999990879,1024.30859375,2704.0,0
2,424,0.6864914862486841,0.028062604367733,0.125,0.9235761165618896,1.1634821891784668,512.5321621387652,0.9989617000101134,0.7336929000011878,0.2569802999933017,124.37548828125,2704.0,0
2,425,0.7427443899195323,0.0014453008770942,0.265625,0.9417394995689392,1.0196706056594849,369.5810805670701,1.385352299999795,0.8475082000077236,0.5168158000014955,555.64892578125,2704.0,0
2,426,0.654228589299365,0.0355938598513603,0.171875,0.924423098564148,1.0797581672668457,542.9765977086546,0.9429503999999724,0.6755279000062728,0.2591880000109086,79.58251953125,2704.0,0
2,427,0.6995187291482535,0.0159958824515342,0.3125,0.9065329432487488,1.2495256662368774,450.3824952536655,1.1368114999932004,0.765635799994925,0.3557223999960115,333.01123046875,2704.0,0
2,428,0.6882145092750639,0.0069813802838325,0.1875,0.9232279658317566,1.288065791130066,519.2328618422918,0.9860700999997788,0.6980123999965144,0.2788980999903288,173.7861328125,2704.0,0
2,429,0.6556223796958295,0.0444013625383377,0.234375,0.9450241327285768,1.3223785161972046,537.4875522298076,0.95258019999892,0.6804570999956923,0.2650076999998418,98.58154296875,2704.0,0
2,430,0.6304057050169198,0.0288285091519355,0.234375,0.928452968597412,1.852523684501648,513.1737823914315,0.9977127000020118,0.7069596000073943,0.2845962999999756,83.5546875,2704.0,0
2,431,0.7571555529713703,0.031880997121334,0.140625,0.8539978861808777,0.7989656925201416,275.8169812117105,1.85630339999625,0.9218638999882388,0.8707695000048261,1076.7099609375,2704.0,0
2,432,0.7251113068427453,0.0374982357025146,0.3125,0.9949811100959778,1.234736442565918,384.54365821054085,1.3314482999994652,0.8231401999946684,0.486816299991915,536.1689453125,2704.0,0
2,433,0.7383066109908665,0.0449065193533897,0.171875,0.881797194480896,1.0071784257888794,279.9123830502485,1.829143800001475,0.9196267999941484,0.8520556000003126,1047.181640625,2704.0,0
2,434,0.6614057426828864,0.0042352378368377,0.171875,0.8872939944267273,1.4312987327575684,505.22757591172814,1.013404700002866,0.7465365000098245,0.2594425999996019,124.80517578125,2704.0,0
2,435,0.7268004661228791,0.0218137800693511,0.046875,0.9647298455238342,1.7063575983047483,277.4798692968167,1.845178899995517,0.9061963999993168,0.7444449000031454,883.595703125,2704.0,0
2,436,0.6693076602880866,0.0044896230101585,0.1875,0.9588828086853028,1.290009379386902,505.5424035542171,1.0127735999994911,0.7116689000104088,0.2797926999919582,224.5166015625,2704.0,0
2,437,0.7371618092561562,0.0169628635048866,0.125,0.9047313332557678,1.130295991897583,271.9272263255576,1.8828567000018663,0.9574508999940008,0.8615591999987373,1064.4130859375,2704.0,0
2,438,0.6101151450773145,0.0668529272079467,0.421875,0.8426957726478577,1.5127869844436646,510.85624395143424,1.0022389000077965,0.7599026000098092,0.2355545999889727,91.138671875,2704.0,0
2,439,0.6931043079825395,0.00502859801054,0.140625,0.9764746427536012,1.897618293762207,386.2224494982892,1.3256608999945456,0.8177832000073977,0.4875076999887824,506.6767578125,2704.0,0
2,440,0.6144696134348114,0.0053756162524223,0.1875,0.9158529043197632,1.0890010595321655,538.7586894577688,0.9503326999983984,0.6926002999971388,0.2449784000054933,83.6943359375,2704.0,0
2,441,0.6472599791413735,0.0133825987577438,0.296875,0.9718480110168456,0.8672729730606079,486.6142124442024,1.0521681999962311,0.7266449999879114,0.3140524000045843,233.25537109375,2704.0,0
2,442,0.6804801026038627,0.0256474763154983,0.21875,0.9698739051818848,1.1247578859329224,446.5556993187769,1.146553500002483,0.7482209999870975,0.384607900006813,328.3544921875,2704.0,0
2,443,0.5855246079937243,0.0027890354394912,0.265625,0.9483665227890016,0.8007335662841797,470.163014331848,1.0889840000018012,0.762751299989759,0.3192963000037707,102.75830078125,2704.0,0
2,444,0.6582755461346733,0.00645512342453,0.21875,0.9446706771850586,0.7806468605995178,426.4263043744673,1.200676399996155,0.7890886999957729,0.3705590000026859,333.48681640625,2704.0,0
2,445,0.6410634322629253,0.0276259630918502,0.546875,0.984907865524292,1.0838844776153564,479.00615204606896,1.0688798000046518,0.7476823000033619,0.3115538999991258,170.42041015625,2704.0,0
2,446,0.6718433037374135,0.0096847712993621,0.21875,0.9621138572692872,1.0788229703903198,483.73904583744667,1.0584219000011217,0.7657496000028914,0.2831913999980315,178.85888671875,2704.0,0
2,447,0.6353678998524017,0.0264008939266204,0.125,0.9683172702789308,1.187202215194702,500.1503870141978,1.0236921000032453,0.7472772000037367,0.2632748000032734,106.7919921875,2704.0,0
2,448,0.6055702870243584,0.0233987718820571,0.234375,0.933498740196228,0.899161159992218,520.7591692209961,0.9831800000101794,0.7045982000126969,0.254210700004478,83.6943359375,2704.0,0
2,449,0.6742279715023594,0.0037041082978248,0.125,0.955776035785675,0.9949798583984376,488.8549660875772,1.0473454000020863,0.7292625999980373,0.3069162999890977,168.42822265625,2704.0,0
2,450,0.6723300290484597,0.0352144390344619,0.25,0.983173966407776,1.7645803689956665,503.29787900985934,1.0172902000049362,0.7299095000053057,0.2782459000009112,171.9423828125,2704.0,0
2,451,0.6939139932631855,0.0131464600563049,0.046875,0.9850866198539734,0.9573550820350648,424.6821270865072,1.2056076000008034,0.7999071999947773,0.3903139000030933,333.4404296875,2704.0,0
2,452,0.6494729453579069,0.0148053094744682,0.21875,0.9773187041282654,0.7234198451042175,471.2107705523519,1.0865626000013435,0.7713624000025447,0.3057695000024978,171.2177734375,2704.0,0
2,453,0.6626502882653585,0.0384082123637199,0.234375,0.9864574074745178,1.057421088218689,454.3496211483334,1.126885499994387,0.7893085999967298,0.2942876000015531,179.18505859375,2704.0,0
2,454,0.5845213940116096,0.0096964538097381,0.09375,0.9462483525276184,1.2365795373916626,508.4776229638726,1.0069272999971872,0.7343035000085365,0.2658402000088244,83.6943359375,2704.0,0
2,455,0.6314068152300952,0.068517155945301,0.359375,0.9694588780403136,0.8961317539215088,516.1287200894776,0.992000599988387,0.7200575000024401,0.2640011000039521,128.7197265625,2704.0,0
2,456,0.6399856489582573,0.031889870762825,0.09375,0.9706185460090636,1.0942851305007937,494.3717895976959,1.0356578000064474,0.7474395000026561,0.2803838999971049,128.3759765625,2704.0,0
2,457,0.6715200533968475,0.0369558632373809,0.15625,0.9854862689971924,1.171066164970398,414.9045379181393,1.2340188000089256,0.8120791999972425,0.3571630000078585,328.50537109375,2704.0,0
2,458,0.721291370416071,0.0183503851294517,0.171875,0.9305335879325868,1.525896668434143,370.0249976445385,1.3836903000046732,0.8448485999979312,0.5114131000009365,547.93310546875,2704.0,0
2,459,0.6605196994222308,0.0112315714359283,0.265625,0.9775915145874025,1.084545373916626,458.7320770802263,1.1161199000052875,0.8311613999976544,0.2754884000023594,177.47802734375,2704.0,0
2,460,0.6900158457174203,0.0358115658164024,0.109375,0.9912418127059937,0.6526780128479004,434.8387359827159,1.1774479999876348,0.7940917999949306,0.3672051999892574,337.31884765625,2704.0,0
2,461,0.7277549135220509,0.0285305827856063,0.140625,0.8781312108039856,0.3655546307563782,274.9385066729492,1.86223460000474,0.9721667999983764,0.851669799987576,1062.2626953125,2704.0,0
2,462,0.7288367812002156,0.0513558238744735,0.40625,0.912108302116394,1.2751203775405884,302.1615349643096,1.694457900011912,0.9323452000098768,0.7275274999992689,816.1396484375,2704.0,0
2,463,0.6931126918111483,0.0397871509194374,0.203125,0.9273183345794678,0.8720846772193909,441.9350055163796,1.1585414000001035,0.774723599999561,0.3733612000069115,221.24560546875,2704.0,0
2,464,0.6734470705015778,0.03143060952425,0.203125,0.9429984092712402,1.0393197536468506,475.3904213453377,1.0770095000043511,0.7444277999893529,0.324677900003735,87.615234375,2704.0,0
2,465,0.7137987550413593,0.0295236334204673,0.21875,0.9181655645370485,0.8760868310928345,322.4217094596856,1.5879824000003282,0.980814599999576,0.5401970999955665,535.90966796875,2704.0,0
2,466,0.6356279925050708,0.0298675298690795,0.25,0.9607383012771606,1.542218565940857,497.1662494778017,1.0298366000060923,0.730336199994781,0.2922630999964895,102.56884765625,2704.0,0
2,467,0.6835812037992494,0.0159275829792022,0.203125,0.9702606201171876,1.5400042533874512,487.3922013635879,1.050488699998823,0.7298740999976872,0.3115176999999676,168.83642578125,2704.0,0
2,468,0.7484145316497366,0.0125474482774734,0.140625,0.9714863300323486,0.9349710941314696,368.22897398260346,1.390439199996763,0.8544637000013608,0.5130070000013802,523.90966796875,2704.0,0
2,469,0.7320478950614168,0.0057471767067909,0.078125,0.9590708017349244,1.133171558380127,449.0541883856557,1.1401742000016384,0.7676824000081979,0.3583650999935344,316.35595703125,2704.0,0
2,470,0.6683880349730328,0.0108708590269088,0.09375,0.9620596766471864,0.908937692642212,537.6982670501524,0.952206899994053,0.6942932000092696,0.2501391000114381,102.09423828125,2704.0,0
2,471,0.6635576080303665,0.0230226144194602,0.171875,0.9671398401260376,1.1844419240951538,502.080397584006,1.019757000001846,0.7241843999945559,0.266127900002175,115.2958984375,2704.0,0
2,472,0.6705331437382185,0.0171275809407234,0.234375,0.9615357518196106,1.0108249187469482,518.1683800298478,0.988095799999428,0.7204386999947019,0.2400672000076156,84.4189453125,2704.0,0
2,473,0.7343949145242908,0.0029344633221626,0.1875,0.890048086643219,1.5143202543258667,381.5029771768703,1.3420602999976836,0.8164142000023276,0.50541019999946,533.06298828125,2704.0,0
2,474,0.7091890149892952,0.0208123326301574,0.21875,0.960928738117218,1.17240571975708,439.78017862981625,1.164217999990797,0.7778716000029817,0.3723973000014666,320.7900390625,2704.0,0
2,475,0.7109640790172298,0.0092013329267501,0.078125,0.9730287194252014,0.9965444803237916,446.31058056127694,1.1471831999951974,0.7882820000086213,0.3448768999951426,314.1064453125,2704.0,0
2,476,0.6510561893318939,0.0050247386097908,0.203125,0.9296915531158448,1.1631593704223633,495.1304117406635,1.034071000001859,0.7618667999922764,0.2656026000040583,103.15673828125,2704.0,0
2,477,0.7513693428955612,0.0306667014956474,0.1875,0.7179611921310425,1.4750946760177612,275.55076786061016,1.8580968000023856,0.9507854000112276,0.8705136000062339,1040.56298828125,2704.0,0
2,478,0.7113093038998871,0.0114688947796821,0.109375,0.9644664525985718,0.7966235280036926,369.3161735960941,1.386345999999321,0.8386585000116611,0.5259785000089323,565.439453125,2704.0,0
2,479,0.6287485487534545,0.0099094212055206,0.171875,0.9580127596855164,1.0630810260772705,484.15036386747386,1.0575226999935694,0.7437594999937573,0.2675224999984493,117.9521484375,2704.0,0
2,480,0.6848032267419819,0.0226031318306922,0.09375,0.979758322238922,1.3869658708572388,460.543353009024,1.1117302999919048,0.7717815000069095,0.3070730999897932,222.30029296875,2704.0,0
2,481,0.6915501148268655,0.0095525979995727,0.109375,0.9789859652519226,1.2861706018447876,486.9204790354559,1.051506400006474,0.7557189999934053,0.2866928000003099,169.69384765625,2704.0,0
2,482,0.7204138061715712,0.0237551480531692,0.15625,0.9501124024391174,1.208179593086243,373.6830227933945,1.3701451999950225,0.836053200007882,0.5134924000012688,555.45751953125,2704.0,0
2,483,0.6770892441984184,0.0260417759418487,0.109375,0.8992257714271545,1.647826910018921,475.4984561143032,1.0767648000037298,0.7421491999994032,0.3277578999986872,100.51025390625,2704.0,0
2,484,0.6657362663460337,0.0114108771085739,0.171875,0.9822207093238832,0.9199549555778505,462.6842445729723,1.1065861999959452,0.7635625999973854,0.3322117000061553,221.42919921875,2704.0,0
2,485,0.668615691795153,0.0060873702168464,0.359375,0.957149624824524,1.144894003868103,505.76043353509874,1.01233699999284,0.7227197000029264,0.2820011000003433,120.86669921875,2704.0,0
2,486,0.7098430074829641,0.0173167064785957,0.125,0.9778370261192322,1.1910945177078247,403.8725062854216,1.2677267999970354,0.8523625999951037,0.4004120000026887,334.61669921875,2704.0,0
2,487,0.7083309714288369,0.0274329558014869,0.0625,0.9778888821601868,1.4583560228347778,357.16044609778874,1.4335294000047725,0.9247114000027068,0.4878781999868806,524.05615234375,2704.0,0
2,488,0.682668511305616,0.0001649260520935,0.265625,0.9845772385597228,1.670076608657837,424.642114609018,1.2057212000072468,0.7928318999911426,0.3651926000020467,333.9384765625,2704.0,0
2,489,0.68012104802721,0.0088389813899993,0.15625,0.959398090839386,2.1317594051361084,477.43958104993465,1.0723869999928866,0.7898473999957787,0.2751545999926748,126.07275390625,2704.0,0
2,490,0.6336365547649334,0.0130536928772926,0.203125,0.8827354907989502,1.6042354106903076,505.8762166400974,1.0121052999893436,0.7348525999987032,0.2605839999887394,102.75830078125,2704.0,0
2,491,0.7155489754663791,0.0168132409453392,0.125,0.964380979537964,0.5412378311157227,444.0399132891546,1.153049500004272,0.7652095000084955,0.3716507999924943,322.0087890625,2704.0,0
2,492,0.7336343712559404,0.0125052779912948,0.03125,0.868980348110199,1.2568508386611938,310.8562602473071,1.6470635000005132,0.8995012000086717,0.7154960000043502,846.61376953125,2704.0,0
2,493,0.734193019403198,0.0201010182499885,0.1875,0.9428664445877076,1.0740716457366943,275.4624406425797,1.8586925999989037,0.9657877999998165,0.8557435999973677,1047.0,2704.0,0
2,494,0.6535643461591714,0.002871036529541,0.15625,0.8924744129180908,1.8641505241394043,479.18444305101866,1.068482100003166,0.7672804999892833,0.2912318000016967,181.23095703125,2704.0,0
2,495,0.691058022332777,0.0152565464377403,0.40625,0.9537431001663208,1.0120002031326294,365.2239204255878,1.4018797000026098,0.8542122999933781,0.5182862999936333,557.974609375,2704.0,0
2,496,0.6249783478980518,0.0369402021169662,0.3125,0.8913728594779968,1.323003172874451,478.9128677884005,1.0690880000038303,0.7947303999972064,0.2676618999976199,83.6943359375,2704.0,0
2,497,0.6626384893132024,0.0302220657467842,0.171875,0.9461235404014589,1.5042264461517334,490.214101010737,1.04444159999548,0.7611771999945631,0.2761354999965988,102.75830078125,2704.0,0
2,498,0.6721705886826146,0.0106733813881874,0.140625,0.9552066922187804,0.7223562002182007,414.595141773395,1.2349396999925375,0.822345900000073,0.3981865999958245,337.97900390625,2704.0,0
2,499,0.6235700783267626,0.0059486925601959,0.234375,0.9369258284568788,1.3699641227722168,534.6669933193976,0.9576053999917348,0.7126458000129787,0.23890680000477,79.58251953125,2704.0,0
2,500,0.7143579331961711,0.0577773600816726,0.171875,0.867976725101471,2.087202310562134,299.8146770521456,1.707721600003424,0.9562287999870024,0.7205142000020714,812.77978515625,2704.0,0
2,501,0.6511610172043563,0.0458075925707817,0.234375,0.9181312918663024,1.1555513143539429,519.9648211251368,0.984682000009343,0.701659499987727,0.2663051999988965,124.05712890625,2704.0,0
2,502,0.654460728696206,0.0548296421766281,0.21875,0.9732375741004944,0.87797611951828,481.7650969823101,1.0627586000045994,0.7638902000035159,0.2895495999982813,182.3486328125,2704.0,0
2,503,0.7018653651127962,0.0384769961237907,0.203125,0.9798529148101808,0.8277712464332581,371.2586895043167,1.3790922999905888,0.8261950000014622,0.5071758000121918,560.68310546875,2704.0,0
2,504,0.7226639576197733,0.0236973911523818,0.15625,0.93665874004364,0.7013909220695496,313.1439481146835,1.635030799996457,0.8867175000050338,0.7056547999964096,834.3154296875,2704.0,0
2,505,0.7408268128490347,0.0016487389802932,0.09375,0.9571852684020996,1.3972386121749878,278.7934711591113,1.836484899991774,0.9199461999960477,0.8442773999995552,1064.89794921875,2704.0,0
2,506,0.7196612288176603,0.0056735798716545,0.09375,0.97378671169281,1.819944143295288,376.7019552525404,1.3591646999993827,0.8339564999914728,0.5031449999951292,557.025390625,2704.0,0
2,507,0.6602864765594267,0.0587694719433784,0.265625,0.92416650056839,1.07268226146698,486.4422742702644,1.0525400999904375,0.7483448999992106,0.2965584000048693,125.24072265625,2704.0,0
2,508,0.7619386452416768,0.0433338582515716,0.203125,0.9678779244422911,0.9116921424865724,313.9754200170331,1.630700900001102,0.894385699997656,0.6899160999892047,811.3271484375,2704.0,0
2,509,0.6190727198008188,0.0503496527671813,0.234375,0.7970677614212036,1.105401635169983,514.0344971364151,0.9960420999996132,0.7448145000089426,0.2450294000009307,83.6943359375,2704.0,0
2,510,0.6943880114792088,0.0099593698978424,0.171875,0.9219659566879272,1.1939057111740112,468.460614632,1.0929413999983808,0.7539891000051284,0.3274178000137908,231.93310546875,2704.0,0
2,511,0.729940343512681,0.0311387926340103,0.25,0.9772096276283264,1.1074520349502563,391.556512077757,1.3076018000137992,0.8058833999966737,0.4735970000037923,518.0224609375,2704.0,0
2,512,0.668962846271579,0.0187955275177955,0.15625,0.9095960855484008,1.1369764804840088,516.5816661201671,0.991130799986422,0.7151100000046426,0.2691854000004241,101.63818359375,2704.0,0
2,513,0.6559683206683804,0.0380123481154441,0.1875,0.95568585395813,0.7510608434677124,493.5588640278178,1.03736360000039,0.7615678999864031,0.2682081999955699,122.25732421875,2704.0,0
2,514,0.6857366213791033,0.0016620084643363,0.25,0.9802069664001464,1.1025900840759275,486.3632114875346,1.052711199998157,0.7360566999996081,0.3056558999960543,228.4248046875,2704.0,0
2,515,0.6516302019437762,0.0300490409135818,0.171875,0.9715961217880248,1.419152021408081,505.6391105487285,1.0125799000088591,0.7373568000039086,0.2662083000031998,177.73193359375,2704.0,0
2,516,0.7017006944830227,0.0090064331889152,0.09375,0.982260286808014,0.7375321388244629,377.62169577948697,1.355854300010833,0.8289293999987422,0.5030127999925753,540.4921875,2704.0,0
2,517,0.6966216726211586,0.0030967146158218,0.21875,0.9770426750183104,0.8869819045066833,397.05817119642006,1.28948359999049,0.8426916999887908,0.3996825000067474,313.79931640625,2704.0,0
2,518,0.6135136931405039,0.0111606791615486,0.15625,0.95936918258667,1.371258020401001,478.0322251617405,1.0710574999975506,0.7685491000011098,0.2787378000066383,103.44580078125,2704.0,0
2,519,0.6513753529679388,0.0006323978304862,0.234375,0.9790383577346802,1.613128900527954,467.4224790769953,1.0953688000008697,0.7592184999957681,0.3251145999965956,221.22021484375,2704.0,0
2,520,0.580131175693382,0.0312851443886756,0.078125,0.9630427360534668,1.3524898290634155,505.898109944339,1.0120615000050748,0.7485858000000007,0.25704469998891,88.728515625,2704.0,0
2,521,0.6906915198063185,0.0052337870001792,0.046875,0.9690478444099426,0.8255936503410339,374.6108930561116,1.3667514999979176,0.8402114000055008,0.5044526999990921,526.43017578125,2704.0,0
2,522,0.7119761667300774,0.0470651015639305,0.140625,0.9894436597824096,1.7060348987579346,381.41530107379145,1.3423687999893446,0.8311881000117864,0.4897785000066506,535.51904296875,2704.0,0
2,523,0.6519581711195396,0.047765702009201,0.140625,0.9246185421943665,1.063149333000183,460.8324379982114,1.111032899993006,0.7917463000048883,0.3053874000033829,104.7197265625,2704.0,0
2,524,0.6768146845948898,0.0038394778966903,0.359375,0.9729580879211426,0.994911789894104,454.6066795442492,1.1262482999882195,0.8077005000086501,0.3057415999937802,171.9697265625,2704.0,0
2,525,0.6530773146371617,0.0234770625829696,0.171875,0.9674978852272034,0.8431893587112427,398.1773122461306,1.2858592999982648,0.9317626999982168,0.3155873999930918,179.37255859375,2704.0,0
2,526,0.7481701942769211,0.001955434679985,0.28125,0.9283143877983092,1.0084370374679563,290.8781190010059,1.7601873999956297,0.9674935000075492,0.7455736999982037,872.80224609375,2704.0,0
2,527,0.7198328537957643,0.0164356678724288,0.09375,0.9681479930877686,1.2041409015655518,308.9286721718989,1.6573404999944614,0.9079992999904788,0.7162768999987748,863.7080078125,2704.0,0
2,528,0.6723990849253251,0.0351088941097259,0.109375,0.9066591858863832,1.3446465730667114,477.9522583596865,1.0712366999941878,0.7647664999967674,0.2954412000108277,218.88134765625,2704.0,0
2,529,0.6476957854411227,0.0184280797839164,0.15625,0.9318767786026,1.4158271551132202,481.0384869355468,1.064363899989985,0.7571873999986565,0.2978877999994438,173.39794921875,2704.0,0
2,530,0.7746353407811196,0.0378682017326355,0.171875,0.9520490765571594,2.0004985332489014,312.1497650686321,1.6402382999949623,0.918677400011802,0.6900613000034355,820.28955078125,2704.0,0
2,531,0.6453035750701996,0.0169020667672157,0.15625,0.928622841835022,0.8858126997947693,466.99835711683545,1.0963635999942198,0.8088610999984667,0.2781054000079166,179.97607421875,2704.0,0
2,532,0.6595978691777026,0.0130898877978324,0.234375,0.8940314054489136,2.115828514099121,485.2096811810854,1.0552139000064926,0.7534296000085305,0.2911338999983854,220.36669921875,2704.0,0
2,533,0.6050084733059297,0.0332960449159145,0.125,0.926973521709442,0.9726384878158568,506.5294314847839,1.010800100004417,0.7410103000001982,0.2471698000008473,84.4189453125,2704.0,0
2,534,0.7596375061433761,0.0002082958817481,0.125,0.8988043069839478,1.3405743837356567,297.64089939296406,1.720193700006348,0.9305641999962972,0.7121939999924507,804.849609375,2704.0,0
2,535,0.6678357918277456,0.0026457458734512,0.15625,0.9810559749603271,1.4135385751724243,459.39846257519406,1.114500900002895,0.7937704000069061,0.309313599995221,233.93310546875,2704.0,0
2,536,0.6180402664796029,0.0359865203499794,0.21875,0.9389978647232056,1.807634115219116,507.6124014476983,1.0086435999983223,0.7498340999882203,0.2517099999968195,102.22119140625,2704.0,0
2,537,0.64420533739449,0.0401133298873901,0.125,0.9547931551933287,1.5709526538848877,492.8610235904181,1.038832399994135,0.7365254999895114,0.2932264999981271,167.04248046875,2704.0,0
2,538,0.6727895832025598,0.000993475317955,0.171875,0.991803765296936,1.4865610599517822,429.2489928352271,1.1927809000044365,0.7989330999989761,0.3784376999974483,330.4521484375,2704.0,0
2,539,0.6265320301908952,0.0346826985478401,0.1875,0.95401930809021,1.4851821660995483,479.18758238082006,1.0684750999935204,0.8099916000064695,0.2514403999957721,100.046875,2704.0,0
2,540,0.7469840840919494,0.0400822311639785,0.25,0.9143416285514832,1.765331149101257,275.47657986355455,1.8585972000000768,0.9628375999891432,0.8574054000055185,1047.78369140625,2704.0,0
2,541,0.7468359535010536,0.0245816111564636,0.28125,0.9370076656341552,3.029020071029663,305.8848115481898,1.6738326999911806,0.9462921999947866,0.6813139000005322,825.11181640625,2704.0,0
2,542,0.6265178524984333,0.0226016417145729,0.203125,0.9669923782348632,1.251839518547058,511.9736845533905,1.0000513999984832,0.7225536000041757,0.2681536000018241,169.09619140625,2704.0,0
2,543,0.6939931308139612,0.0119047611951828,0.140625,0.98747581243515,1.2379846572875977,428.924022307807,1.193684600002598,0.7820747999940068,0.3742225000023609,332.068359375,2704.0,0
2,544,0.5249592268524532,0.0216343253850936,0.15625,0.9033456444740297,1.7621461153030396,529.5865087801089,0.9667920000065352,0.7263413000036962,0.2342451000004075,83.5546875,2704.0,0
2,545,0.6511104940072434,0.0001215711236,0.09375,0.9741841554641724,1.4364372491836548,476.4607453556685,1.0745901000045706,0.7471861999947578,0.3164099999994505,231.93310546875,2704.0,0
2,546,0.61577700735634,0.0111946314573287,0.09375,0.9630931615829468,1.6298600435256958,473.3207490439901,1.0817188999935752,0.7831934999994701,0.28881790000014,171.2177734375,2704.0,0
2,547,0.7247155166095507,0.0266616940498352,0.203125,0.8522791266441345,0.9821078777313232,276.5443408064229,1.851420999999391,0.9458230000018376,0.8680083999934141,1064.17578125,2704.0,0
2,548,0.5642188771694733,0.0170825980603694,0.140625,0.9241241216659546,0.6364824771881104,545.5703629196996,0.93846739998844,0.6976364000001922,0.2347098000027472,89.9501953125,2704.0,0
2,549,0.7359344376597079,0.0045111775398254,0.25,0.9429194927215576,1.1484214067459106,300.61734001838033,1.7031619000044884,0.8968882000044687,0.7049728000129107,843.31982421875,2704.0,0
2,550,0.7333182200269167,0.0300798639655113,0.203125,0.9804214239120485,1.7304071187973022,386.740131177022,1.3238864000013564,0.8260646999988239,0.477885200001765,505.708984375,2704.0,0
2,551,0.6532287662581086,0.0152600780129432,0.15625,0.9802737832069396,1.6946903467178345,442.6651763602965,1.156630400000722,0.7876218000019435,0.3532207000098424,324.4228515625,2704.0,0
2,552,0.7461912055954698,0.002340979874134,0.046875,0.9006211757659912,0.5140231847763062,286.98383686860404,1.7840725999994902,0.9095320000051288,0.838129800002207,1037.1201171875,2704.0,0
2,553,0.7302529382017131,0.0031468272209167,0.171875,0.9524532556533812,1.695874571800232,303.02877856206175,1.6896084999898449,0.926771899990854,0.7292608999996446,851.2275390625,2704.0,0
2,554,0.7172627517640074,0.0183038264513015,0.171875,0.9082225561141968,1.272478461265564,369.1095930359456,1.3871218999993289,0.8300451000104658,0.5104680000076769,545.34619140625,2704.0,0
2,555,0.6057716053417195,0.017347551882267,0.109375,0.873776376247406,1.2649188041687012,501.9135453952906,1.0200959999929182,0.7571210000023711,0.2568554000026779,83.5546875,2704.0,0
2,556,0.5838076745665812,0.0210543498396873,0.1875,0.907406210899353,1.0364580154418943,533.8982644351298,0.9589841999986676,0.7176228000025731,0.2352928000036627,83.5546875,2704.0,0
2,557,0.6660265780849521,0.0045604705810546,0.234375,0.9677410125732422,1.0561355352401731,517.8641381356148,0.9886763000104112,0.722365900001023,0.2583172000013292,127.3173828125,2704.0,0
2,558,0.6732891665690912,0.001040942966938,0.09375,0.9914299249649048,0.9281575679779052,434.9508862278761,1.177144400004181,0.786319499995443,0.3669874999905005,341.203125,2704.0,0
2,559,0.6136329311546365,0.0184215977787971,0.171875,0.9262956976890564,1.2612663507461548,503.6010920679901,1.016677699997672,0.7401750999997603,0.2526402999938,97.5380859375,2704.0,0
2,560,0.745306663845347,0.0353793054819107,0.375,0.913865566253662,1.9152851104736328,313.9852591298448,1.630649799990351,0.9061925999994856,0.6934054000012111,823.45458984375,2704.0,0
2,561,0.6383953744548323,0.0366347804665565,0.171875,0.9365598559379578,1.3366526365280151,512.5082031332469,0.9990084000019124,0.7322352000046521,0.2588360000081593,118.4111328125,2704.0,0
2,562,0.6619788889584778,0.0130551755428314,0.265625,0.9741315245628356,0.974151849746704,470.279182342799,1.0887149999907706,0.7544625000009546,0.3222546000033617,227.6865234375,2704.0,0
2,563,0.6513891944151271,0.0102126896381378,0.15625,0.963202953338623,1.329097032546997,517.385569879711,0.989590799988946,0.7271365999913542,0.2546743999992031,120.68310546875,2704.0,0
2,564,0.6217203160504537,0.0135412886738777,0.203125,0.9643263816833496,0.7723414301872253,484.9962341717399,1.055678300006548,0.7842204000044148,0.2643953999941004,105.5439453125,2704.0,0
2,565,0.6935081416996471,0.0130389481782913,0.140625,0.9458036422729492,1.3738828897476196,457.5032226273444,1.1191178000008222,0.7714892000076361,0.3126765999913914,221.44091796875,2704.0,0
2,566,0.6868271068969694,0.0051896125078201,0.28125,0.9231301546096802,1.0549283027648926,370.20243493307146,1.3830271000042558,0.8614064000139479,0.499939400004223,537.41552734375,2704.0,0
2,567,0.7479966740602394,0.0042496845126152,0.234375,0.916654109954834,0.8519527912139893,282.27965743290787,1.8138041000056544,0.9133144000079484,0.8579596999916248,1055.732421875,2704.0,0
2,568,0.6190492037192352,0.0286199003458023,0.09375,0.9188119173049928,1.9161667823791504,426.02113813581,1.2018183000036515,0.8626074999920093,0.3313285000040196,124.4150390625,2704.0,0
2,569,0.712514845937327,0.0115121975541114,0.109375,0.9331969618797302,1.6251177787780762,286.1111371901985,1.7895143999921856,0.9525967999943532,0.7387336999963736,881.6953125,2704.0,0
2,570,0.6428673646961551,0.0441397801041603,0.25,0.9692817330360411,0.7857394814491272,515.3028335103393,0.9935905000020284,0.7146189000050072,0.2692356000043219,176.9814453125,2704.0,0
2,571,0.5917231355412903,0.015329860150814,0.296875,0.9793243408203124,1.532568335533142,502.7211747337891,1.0184571999998298,0.7346964000025764,0.274740799999563,175.90771484375,2704.0,0
2,572,0.7438085618017264,0.0351809561252594,0.140625,0.8922747373580933,0.8466411828994751,276.52387880986026,1.8515579999948384,0.9682781000010436,0.8437090999941574,1053.40087890625,2704.0,0
2,573,0.5892016468432517,0.0292988717555999,0.140625,0.9298946261405944,1.3741607666015625,525.7924832636742,0.9737681999977212,0.7279749000008451,0.2398427999869454,89.91796875,2704.0,0
2,574,0.6118576716567485,0.0451792329549789,0.125,0.9605022072792052,1.3455767631530762,508.572172692532,1.0067401000123937,0.7425625000032596,0.2560945000004722,118.8896484375,2704.0,0
2,575,0.709259143009214,0.0385803133249282,0.140625,0.9346786141395568,0.6582929491996765,377.5157516978947,1.3562347999977646,0.8401433999970322,0.4960903000028338,539.3310546875,2704.0,0
2,576,0.6085144048333064,0.0043137073516845,0.046875,0.9674051403999328,1.0497534275054932,467.706723398408,1.0947031000105198,0.8009152000013273,0.2858749000006355,120.9658203125,2704.0,0
2,577,0.7235022196775797,0.032944917678833,0.125,0.8488829731941223,1.101501226425171,303.54909963054945,1.6867122999974526,0.935628999999608,0.7205857999942964,835.703125,2704.0,0
2,578,0.5787470848148213,0.0310198292136192,0.25,0.9118808507919312,1.3884708881378174,513.1315577103294,0.9977948000014294,0.7506118000019342,0.2412880000047153,83.6943359375,2704.0,0
2,579,0.5866796340791465,0.018700860440731,0.3125,0.9345232844352722,2.575936317443848,489.7190093697473,1.0454975000029665,0.7384897000010824,0.2800667999981669,104.1533203125,2704.0,0
2,580,0.5783644481979566,0.0326985791325569,0.109375,0.9443554878234864,0.6142644286155701,503.465256961272,1.0169520000054035,0.7367054000060307,0.273303299996769,101.36767578125,2704.0,0
2,581,0.6074238361423036,0.0227178037166595,0.109375,0.9474514722824096,1.4092873334884644,511.08796353082994,1.0017844999965746,0.7402980000042589,0.2552877999987686,83.5546875,2704.0,0
2,582,0.7381305719624728,0.021185278892517,0.1875,0.7959927320480347,1.9289920330047607,277.3815699864862,1.845832800012431,0.9708682000054978,0.8367997000023024,1005.81787109375,2704.0,0
2,583,0.7224878015710391,0.0289061963558197,0.296875,0.9080711007118224,0.9123669266700744,378.8031241786935,1.351625600000261,0.8257092999992892,0.5048918000102276,526.66259765625,2704.0,0
2,584,0.6972480327554682,0.0121551677584648,0.0625,0.890241801738739,1.3111542463302612,372.0384341864968,1.376201899998705,0.8362775999994483,0.5179734999983339,561.810546875,2704.0,0
2,585,0.6181829321080047,0.0317682176828384,0.28125,0.9292268753051758,1.2284808158874512,498.72367649317937,1.026620600008755,0.7420203999936348,0.2767730000050505,124.81494140625,2704.0,0
2,586,0.7666220701280434,0.0469811782240867,0.28125,0.8464299440383911,0.788372814655304,265.3792731103258,1.929314200009685,0.979287199996179,0.8966498999943724,1084.673828125,2704.0,0
2,587,0.6806223981998087,0.0540107488632202,0.421875,0.9520002007484436,1.5132180452346802,468.2856729216208,1.0933496999932686,0.7713908000005176,0.3108543999987887,237.1494140625,2704.0,0
2,588,0.7666443404071632,0.0299628600478172,0.15625,0.9112573862075806,1.5343116521835327,277.00242046903423,1.848359300012817,0.9388687000027858,0.8585953000001609,1055.98095703125,2704.0,0
2,589,0.7522772175753338,0.0036113336682319,0.09375,0.9283871054649352,1.4761826992034912,281.5621087789314,1.8184265000018056,0.930605799992918,0.8496012999967206,1068.01171875,2704.0,0
2,590,0.7515029318301388,0.0016785785555839,0.1875,0.9370115995407104,2.3640379905700684,320.1862082902945,1.5990695000073174,0.8797345999919344,0.6878949999954784,822.22021484375,2704.0,0
2,591,0.7546240123995683,0.0485242307186126,0.40625,0.9475709199905396,0.8686553835868835,300.85924106557724,1.7017924999963725,0.9661061000078917,0.7034519999870099,833.74853515625,2704.0,0
2,592,0.6356601298321718,0.0050186440348625,0.1875,0.8514173030853271,0.8311001658439636,455.6804078307047,1.1235945000080392,0.8475246999878436,0.2675832000095397,121.58349609375,2704.0,0
2,593,0.662834229222086,0.0432620123028755,0.25,0.8929866552352905,0.8904033899307251,479.1884793322885,1.0684731000073953,0.7857992999925045,0.2735545000032289,177.81982421875,2704.0,0
2,594,0.7423539563448318,0.0471766665577888,0.09375,0.9843966960906982,0.6847684383392334,297.3535361048216,1.7218561000045156,0.9810835999960544,0.7106287999922642,851.61572265625,2704.0,0
2,595,0.678608217454506,0.0100025981664657,0.15625,0.8684875965118408,1.4836759567260742,458.51746795002464,1.116642299995874,0.8006110999995144,0.3049344000028213,222.70166015625,2704.0,0
2,596,0.6285956911577497,0.0046416893601417,0.125,0.920782208442688,1.00540030002594,468.2245619618282,1.093492400003015,0.8057098999997834,0.2784198000008473,129.2314453125,2704.0,0
2,597,0.659462942500705,0.0131852477788925,0.203125,0.9525974988937378,1.38835871219635,448.2474662150575,1.1422262000123735,0.7883327999879839,0.3260121000057552,238.1865234375,2704.0,0
2,598,0.7411643392600935,0.0087627656757831,0.15625,0.9446907043457032,1.2121886014938354,368.4609250436503,1.389563899996574,0.84624199999962,0.510038499996881,525.6591796875,2704.0,0
2,599,0.6915635355034968,0.0215128138661384,0.265625,0.9918783903121948,0.965481460094452,394.37701564351823,1.2982501000078628,0.911672300004284,0.3708331999951042,340.93701171875,2704.0,0
2,600,0.6631066232159114,0.007802590727806,0.0625,0.986924409866333,1.1477112770080566,390.55619856040624,1.3109508999914397,0.8952656000037678,0.3829738000058569,319.6923828125,2704.0,0
2,601,0.7216013303689363,0.0256864801049232,0.53125,0.98466557264328,1.2325023412704468,376.0419833241325,1.361550100002205,0.821846299993922,0.5168569999950705,521.39697265625,2704.0,0
2,602,0.6972057037025817,0.0006432831287384,0.203125,0.991512656211853,1.3342503309249878,440.6980140120496,1.161793299994315,0.7819088000105694,0.3656195000075968,341.85107421875,2704.0,0
2,603,0.6105725905427571,0.0553138181567192,0.171875,0.9072305560112,1.0224746465682983,524.925610767162,0.9753762999898754,0.7260679999890272,0.2429279000061797,83.6943359375,2704.0,0
2,604,0.7209796687836307,0.0088863596320152,0.21875,0.8824517726898193,0.4848908483982086,285.84107984026787,1.7912051000021163,0.916688500001328,0.8365950000006706,1029.66552734375,2704.0,0
2,605,0.5940985605411588,0.0101108476519584,0.203125,0.9406208395957948,0.9464889764785768,519.2086935005417,0.9861160000000382,0.7260515999951167,0.2532703000033507,99.04638671875,2704.0,0
2,606,0.5955786046719965,0.0009710304439067,0.140625,0.9568049907684326,1.4889180660247805,538.0893142042679,0.9515149000071688,0.7114548000099603,0.2340300000068964,83.5546875,2704.0,0
2,607,0.7097676374744258,0.0226579159498214,0.1875,0.97370046377182,1.8167288303375244,449.00445101855854,1.1403005000029225,0.77113150000514,0.3543742000038037,316.2568359375,2704.0,0
2,608,0.7121709795562544,0.0084049850702285,0.125,0.9786081314086914,1.739051342010498,381.5992541537249,1.3417216999951052,0.8235463000019081,0.4965502999984892,541.064453125,2704.0,0
2,609,0.6387579815537748,0.0420712269842624,0.234375,0.9742180109024048,1.1031146049499512,494.7680214388929,1.0348284000065178,0.7525995999894803,0.2727145999961067,182.1513671875,2704.0,0
2,610,0.6236227082847127,0.0305367931723594,0.296875,0.963099718093872,0.9847592115402222,502.1046717651499,1.0197076999902492,0.7322134999994887,0.2778127999918069,175.5947265625,2704.0,0
2,611,0.6445364395383314,0.0374158658087253,0.25,0.9595255255699158,1.0520460605621338,498.265365041207,1.027564899995923,0.7441976999980398,0.2581552999909036,127.2001953125,2704.0,0
2,612,0.7046524875500936,0.0826158598065376,0.1875,0.96192067861557,1.1769042015075684,374.26320586560416,1.3680211999890162,0.836998799990397,0.509351600005175,540.107421875,2704.0,0
2,613,0.7039490791726075,0.0212308689951896,0.234375,0.9864858388900756,1.4543890953063965,379.8689348319028,1.347833299994818,0.8420187999872724,0.4840761000086786,535.3818359375,2704.0,0
2,614,0.645727025324048,0.0114989131689071,0.25,0.9785049557685852,1.350568771362305,516.7351542594364,0.990836400000262,0.7173322000016924,0.2642734999972163,177.43896484375,2704.0,0
2,615,0.6895065776850268,0.0107946544885635,0.265625,0.9878342747688292,1.3794028759002686,454.7738508200537,1.1258343000081368,0.7645919999922626,0.3459973999997601,323.1416015625,2704.0,0
2,616,0.5920249190175142,0.02566983923316,0.28125,0.9266428351402284,0.8644297122955322,509.1697797823183,1.00555849999364,0.750697500014212,0.2483754999993834,84.4189453125,2704.0,0
2,617,0.620477994670177,0.0172512494027614,0.203125,0.9087114334106444,1.2380691766738892,501.0507386313264,1.0218525999953272,0.7597335999889765,0.2552094999991823,102.75830078125,2704.0,0
2,618,0.6483708423019593,0.0314481258392334,0.203125,0.9834963083267212,0.7559204697608948,493.2663364612449,1.0379787999991097,0.725757899999735,0.3024948999955086,171.0087890625,2704.0,0
2,619,0.6556324166843317,0.0091020837426185,0.25,0.9930416345596312,0.8731432557106018,473.4112107077901,1.0815122000058182,0.768965000010212,0.3007218000129796,218.9482421875,2704.0,0
2,620,0.744366292456749,0.0141422525048255,0.15625,0.8761377930641174,1.1535377502441406,274.3917225875977,1.865945500001544,0.9846415999927558,0.8436365999950795,1061.54296875,2704.0,0
2,621,0.6217782054695572,0.013079822063446,0.3125,0.9691976308822632,1.43456768989563,472.83101010576047,1.0828392999974312,0.7821833999914816,0.2753623000025982,106.2490234375,2704.0,0
2,622,0.6511905575847239,0.054278090596199,0.28125,0.9866043329238892,1.0683377981185913,436.1559294958429,1.173892099992372,0.7774855000025127,0.3817879999987781,333.19873046875,2704.0,0
2,623,0.6267267375613355,0.021323449909687,0.21875,0.9674577713012696,0.8089552521705627,506.5441647651568,1.0107706999988295,0.7228414999990491,0.2638864000036847,121.86279296875,2704.0,0
2,624,0.6842365716843597,0.0062681511044502,0.125,0.9876471757888794,0.5789990425109863,426.3975387528359,1.2007574000017485,0.80472300000838,0.3814646000100765,337.2109375,2704.0,0
2,625,0.6240695251659106,0.0379615575075149,0.25,0.979256272315979,1.0530699491500854,476.2426538187506,1.0750821999972686,0.749500200006878,0.3048203000071225,222.60986328125,2704.0,0
2,626,0.6948801154551428,0.0085508823394775,0.046875,0.9952793717384338,0.879023015499115,380.3989062043097,1.345955500000855,0.8177349999896251,0.5072727000078885,540.357421875,2704.0,0
2,627,0.7165471126317432,0.005816601216793,0.140625,0.927142858505249,0.4339048862457275,306.2618953137048,1.6717717999999877,0.8850188999931561,0.7014170000038575,831.23974609375,2704.0,0
2,628,0.6658141015464948,0.0057297423481941,0.1875,0.9645450115203856,1.21045184135437,505.01757648792216,1.01382609999564,0.7457194000016898,0.2592501000035554,122.0205078125,2704.0,0
2,629,0.5956955267739904,0.0353565067052841,0.0625,0.9313790202140808,1.695446252822876,512.5900423927947,0.9988489000097616,0.734780699989642,0.2462211999954888,83.5546875,2704.0,0
2,630,0.6094916756677502,0.0187295228242874,0.265625,0.966811180114746,1.4188123941421509,533.483764642396,0.9597292999969796,0.7231814000115264,0.2303329999995185,83.5546875,2704.0,0
2,631,0.6934680788476822,0.0323344692587852,0.125,0.990571141242981,0.974117398262024,372.0610357402416,1.3761183000024175,0.8291468999959761,0.5254443999874638,559.5595703125,2704.0,0
2,632,0.6621902044922056,0.0358815267682075,0.09375,0.960423469543457,0.8942670226097107,506.71576530712576,1.0104284000117332,0.7325901000003796,0.268888299993705,178.22021484375,2704.0,0
2,633,0.6174734877483774,0.0090633109211921,0.0625,0.967182159423828,1.0497444868087769,542.0815699304092,0.9445073000097182,0.7056833999959053,0.232957999993232,83.5546875,2704.0,0
2,634,0.6971722893354886,0.0080267116427421,0.15625,0.9646952152252196,0.9927775263786316,309.51689490581833,1.6541908000072,0.8919649000017671,0.7301314999931492,863.830078125,2704.0,0
2,635,0.7030954799046486,0.0154174789786338,0.109375,0.9646717309951782,1.0013552904129028,312.7812052706918,1.6369269999995597,0.908771300004446,0.6949529999983497,843.77197265625,2704.0,0
2,636,0.7184235511149741,0.0060091465711593,0.171875,0.9581052660942078,0.6600579023361206,464.0370809154421,1.103360099994461,0.7435449000040535,0.3454461000073934,317.6787109375,2704.0,0
2,637,0.6965015696234824,0.0074035376310348,0.046875,0.9684761166572572,1.3757537603378296,322.46926811346265,1.5877481999923475,0.8811239999922691,0.675745000000461,823.57275390625,2704.0,0
2,638,0.7467513486586456,0.0314606577157974,0.109375,0.9724092483520508,0.6699462532997131,279.75642613423804,1.8301634999952512,0.9355025999975624,0.8569363999995403,1086.0771484375,2704.0,0
2,639,0.7269739880069628,0.0123447924852371,0.09375,0.9707900881767272,0.8358631730079651,276.8267116154542,1.8495324999967124,0.9339372000104048,0.8502435000118567,1024.576171875,2704.0,0
2,640,0.6997750121346925,0.0186138823628425,0.125,0.9342013001441956,1.022989273071289,457.3233365346064,1.1195579999912295,0.7650458999996772,0.3224043999944115,224.7509765625,2704.0,0
2,641,0.6824350969730139,0.0383420921862125,0.34375,0.913577675819397,0.9126790761947632,455.1447311322084,1.12491690000752,0.7936670999915805,0.3057934999960707,127.4072265625,2704.0,0
2,642,0.6086600841181993,0.0269437953829765,0.265625,0.8691009879112244,0.8289399743080139,517.0091987230853,0.9903112000029068,0.7214928000030341,0.2616851999919163,100.03662109375,2704.0,0
2,643,0.6509306518276583,0.013126190751791,0.140625,0.9615249633789062,1.1570509672164917,497.1225150683038,1.0299271999974735,0.7501224000006914,0.2723487000039313,123.65283203125,2704.0,0
2,644,0.6811210843226997,0.0305648744106292,0.125,0.9640422463417052,1.067074418067932,492.312142054524,1.0399905999947805,0.7452384000062011,0.2854590999922948,178.53466796875,2704.0,0
2,645,0.6204565882699227,0.0541963912546634,0.15625,0.9334386587142944,1.058979034423828,494.3148482438415,1.0357770999980858,0.7350360000127694,0.2938380000123288,106.3330078125,2704.0,0
2,646,0.639567086587261,0.0394510142505168,0.296875,0.9469332695007324,0.7644312381744385,509.3403266867031,1.0052217999909772,0.7180370999994921,0.2794685999979265,120.86669921875,2704.0,0
2,647,0.6110320020808642,0.0165514908730983,0.1875,0.9466147422790528,0.7564721703529358,530.053242398879,0.9659406999999192,0.7186348999966867,0.2310329999891109,79.58251953125,2704.0,0
2,648,0.6845105346389585,0.0212440192699432,0.3125,0.9206323623657228,0.3072394430637359,302.9883408658397,1.689834000004339,0.9226924000104192,0.7354084000107832,863.830078125,2704.0,0
2,649,0.6772154289169614,0.0239712297916412,0.203125,0.983634352684021,0.976238489151001,485.01208457270656,1.0556437999912305,0.7735970999929123,0.272216400000616,183.59033203125,2704.0,0
2,650,0.6967590088928226,0.0057516023516654,0.15625,0.9803638458251952,1.4735976457595823,436.09834733432274,1.1740470999939134,0.7766059999994468,0.3831307999935234,325.20166015625,2704.0,0
2,651,0.6242295170245513,0.0328727886080741,0.25,0.9512482285499572,1.1330658197402954,393.0707160313343,1.3025646000023698,0.9565950999967754,0.3345279000059236,122.20458984375,2704.0,0
2,652,0.7062440719741615,0.0025407150387763,0.03125,0.8675411343574524,1.5277515649795532,227.90186510084945,2.2465809999994235,1.256203099997947,0.9457987000059802,1057.91796875,2704.0,0
2,653,0.6527640076614996,0.0262692011892795,0.28125,0.9379347562789916,0.7800925374031067,431.2052819293356,1.1873694999958389,0.871304100000998,0.2908898000023328,103.87158203125,2704.0,0
2,654,0.6695707485327531,0.0035800822079181,0.09375,0.9842408299446106,1.232020139694214,385.5824399731465,1.3278613000002224,0.9187225999921792,0.3931308000028366,315.2939453125,2704.0,0
2,655,0.6834862900672183,0.0399623662233352,0.296875,0.9800722002983092,1.0475236177444458,413.73907884616057,1.2374948999931803,0.9047016999975313,0.3206948000006377,223.93603515625,2704.0,0
2,656,0.6325063421404079,0.0336748473346233,0.1875,0.9311196804046632,1.2235177755355835,512.9946967140088,0.9980610000056912,0.724227399987285,0.2674450000049546,78.11376953125,2704.0,0
2,657,0.706677121435166,0.0013155043125152,0.125,0.9287857413291932,0.614467978477478,274.312851664602,1.866481999997632,1.049581400002353,0.7803526999923633,882.03076171875,2704.0,0
2,658,0.72795382838013,0.0158500000834465,0.140625,0.9599525928497314,1.059451937675476,268.31062824472974,1.908236000002944,1.0794768999912776,0.7750518000102602,878.96826171875,2704.0,0
2,659,0.6711277142685699,0.0188119038939476,0.0625,0.9730693101882936,1.000044345855713,410.267423044082,1.2479664999991655,0.8812776999984635,0.3546102000109385,175.00537109375,2704.0,0
2,660,0.6970860251772352,0.004289872944355,0.140625,0.9831576347351074,0.8538144826889038,451.9929224258447,1.1327611000015168,0.8129104999970878,0.3094703999959165,175.5126953125,2704.0,0
2,661,0.687292031499062,0.0163209550082683,0.15625,0.9500316977500916,1.4570817947387695,423.73551157477993,1.2083009000052698,0.8863376999943284,0.3117463999951724,174.7255859375,2704.0,0
2,662,0.678543285898925,0.0053643584251403,0.265625,0.9902310967445374,0.6377990245819092,371.3102225104911,1.3789009000029182,0.9296036000014284,0.3861619999952381,325.8134765625,2704.0,0
2,663,0.6445470335207899,0.0192190110683441,0.21875,0.9476329684257508,1.057468056678772,478.1495463180253,1.0707946999900742,0.7970138999953633,0.2668482999870321,79.58251953125,2704.0,0
2,664,0.6443187335904341,0.000631246715784,0.140625,0.933293640613556,0.8728525638580322,469.7424398575935,1.0899589999899035,0.8098783000023104,0.273298000000068,79.58251953125,2704.0,0
2,665,0.7158005055935601,0.0309761799871921,0.203125,0.9918376803398132,0.9262507557868958,420.8490250981832,1.2165882999979658,0.8683806999906665,0.3364619000058155,221.54248046875,2704.0,0
2,666,0.6951579027521666,0.010593943297863,0.0625,0.8900706171989441,0.5502883195877075,254.20322803322932,2.0141365000017686,1.1100181000074372,0.8634947999962606,1020.671875,2704.0,0
2,667,0.6190617933824514,0.0063044354319572,0.265625,0.988934338092804,0.7678235769271851,428.3965677108511,1.1951542999886442,0.8710661999939475,0.3133738999895286,179.01123046875,2704.0,0
2,668,0.6668395815452213,0.0102391168475151,0.25,0.9796582460403442,1.0555760860443115,434.7207008625136,1.1777677000063704,0.8631824999902165,0.2985017000028165,120.27685546875,2704.0,0
2,669,0.6416917814543794,0.0249328650534153,0.171875,0.9794275760650636,0.9682925939559937,428.6788135686813,1.1943674000067404,0.8816262000036659,0.30464979998942,104.21142578125,2704.0,0
2,670,0.6890933379797178,0.020843431353569,0.171875,0.9773147106170654,0.7115656137466431,430.3684449777954,1.1896783000120197,0.8707217999908607,0.3091065000044182,168.40869140625,2704.0,0
2,671,0.6015564585510672,0.0318119600415229,0.125,0.9542948007583618,1.3303664922714231,458.6832547523049,1.1162387000076706,0.8330045999900904,0.2760531999956583,79.58251953125,2704.0,0
2,672,0.6401763829374347,0.0093857422471046,0.1875,0.9796546697616576,1.7010666131973269,431.62357568120495,1.1862188000086462,0.8475035000010394,0.3046766000043135,124.50830078125,2704.0,0
2,673,0.7153580009051903,0.0051132962107658,0.1875,0.9778636693954468,1.008792519569397,308.5414828301375,1.659420299998601,1.0592819999874337,0.5755285000050208,565.15185546875,2704.0,0
2,674,0.7266063761936437,0.0852633640170097,0.109375,0.9244178533554076,0.7090286612510681,246.38465408660417,2.0780514999933075,1.0855790999921735,0.923867399993469,1098.787109375,2704.0,0
2,675,0.6753123407769758,0.0083712935447692,0.203125,0.990326762199402,1.001659870147705,332.9310200097962,1.5378560999961337,0.9809646000067004,0.5282423999888124,524.01318359375,2704.0,0
2,676,0.6835132461955794,0.0075363256037235,0.078125,0.9846529364585876,0.754889190196991,377.7729047705853,1.3553115999966394,0.8990160999965155,0.4312230999930762,339.02783203125,2704.0,0
2,677,0.7301471054373867,0.0393880158662796,0.15625,0.9608951210975648,0.6298370361328125,254.280188657764,2.0135269000020344,1.0861904000048526,0.885993400006555,1059.81201171875,2704.0,0
2,678,0.7108494256385939,0.0208283551037311,0.125,0.971618354320526,2.0812387466430664,389.2141758202601,1.315471099995193,0.9051520000066376,0.3948491000046488,339.09228515625,2704.0,0
2,679,0.7264635128485608,0.0169321075081825,0.171875,0.9684325456619264,0.7342615127563477,271.8737282469208,1.8832271999999648,1.0395386000018334,0.7473967000114499,849.66015625,2704.0,0
2,680,0.6648497923752203,0.0189735405147075,0.15625,0.9320685863494872,1.167266011238098,459.0505811867383,1.1153455000021495,0.8096208999922965,0.2978653000027407,99.97216796875,2704.0,0
2,681,0.7605432707382934,0.0338355079293251,0.171875,0.928876519203186,0.6606947183609009,246.65169124898097,2.075801699989825,1.0966855000006035,0.9343263000046136,1076.3173828125,2704.0,0
2,682,0.6706693795484394,0.0166437961161136,0.25,0.9261966943740844,0.791542112827301,448.8414936437614,1.1407144999975571,0.8380517000041436,0.2842745999951148,104.7900390625,2704.0,0
2,683,0.6754701000004939,0.0187644753605127,0.203125,0.8911596536636353,1.103928565979004,463.2149014039314,1.1053185000055237,0.8283408999996027,0.2698991000070236,79.58251953125,2704.0,0
2,684,0.7191650438776896,0.0131450444459915,0.078125,0.977375864982605,0.9981468915939332,330.9530996795787,1.5470470000000205,0.9616900999972132,0.5603685000096448,533.06298828125,2704.0,0
2,685,0.7216213703476334,0.0261428095400333,0.140625,0.9746143221855164,0.5171542763710022,343.5128536874365,1.4904827999998815,0.9556906999932836,0.5113010999921244,517.88134765625,2704.0,0
2,686,0.7129661742485253,0.0032337494194507,0.125,0.9782260656356812,1.0848336219787598,380.7569880218905,1.344689700010349,0.9280478000000584,0.4012152999930549,339.61962890625,2704.0,0
2,687,0.6946169832232233,0.0013824552297592,0.171875,0.9733821153640748,0.7743300795555115,429.8116702922847,1.1912194000033196,0.8414336999994703,0.3398844000039389,177.21826171875,2704.0,0
2,688,0.698217179930189,0.0207808911800384,0.28125,0.9760518670082092,1.087282419204712,425.085031534957,1.204464900001767,0.8798269999970216,0.3138218999956734,183.2099609375,2704.0,0
2,689,0.7011955723377566,0.0166623704135417,0.125,0.9819579720497132,0.7435435056686401,423.1531904612152,1.2099637000064831,0.8980825999897206,0.3028290000074776,127.1005859375,2704.0,0
2,690,0.6842249241844638,0.0136102922260761,0.21875,0.9843652248382568,0.9318267703056335,432.2674114269092,1.184452000001329,0.8485166000027675,0.301364700004342,124.31689453125,2704.0,0
2,691,0.6616637035067986,0.0338605046272277,0.09375,0.9583113789558412,1.0632176399230957,441.6544686931284,1.159277300001122,0.834780299992417,0.2984213000017917,121.69873046875,2704.0,0
2,692,0.6324593265522835,0.0022618733346462,0.171875,0.9587792158126832,0.8890340328216553,445.0629351128534,1.1503991000063252,0.878092300001299,0.2652948999893851,79.58251953125,2704.0,0
2,693,0.6436803205001894,0.0123170726001262,0.1875,0.958541214466095,1.8734591007232664,464.3409292688123,1.1026380999974208,0.8296315999905346,0.2665785999997752,83.5546875,2704.0,0
2,694,0.6384781052563446,0.010342713445425,0.171875,0.9426193833351136,1.5375391244888306,455.86736467540027,1.1231337000062922,0.8448340000031749,0.2717917000118177,83.5546875,2704.0,0
2,695,0.6180290321204802,0.0165391974151134,0.109375,0.964219331741333,0.9996525645256042,453.670736766626,1.128571799999918,0.8411725999903865,0.2644189999991795,83.5546875,2704.0,0
2,696,0.6774408881661691,0.0244717448949813,0.21875,0.9623759984970092,0.6681028008460999,433.3304218961866,1.1815463999955682,0.8490118999907281,0.3234010000014677,123.10107421875,2704.0,0
2,697,0.7178740811791179,0.0114063918590545,0.109375,0.920956254005432,0.9273877739906312,267.85859556551094,1.911456299989368,1.0599965000001248,0.7577664999989793,835.3681640625,2704.0,0
2,698,0.7343030985322356,0.0117988139390945,0.09375,0.9417887330055236,0.7820436358451843,269.60458433130594,1.899077499998384,1.0848003999999491,0.7773065000073984,877.86279296875,2704.0,0
2,699,0.666612841392108,0.0218381211161613,0.265625,0.9209500551223756,1.3082671165466309,451.2823116404133,1.1345447999919998,0.8373594000004232,0.2902164999977685,83.5546875,2704.0,0
2,700,0.7115391034120376,0.0210505202412605,0.203125,0.983712673187256,0.7951666712760925,332.7667632558622,1.5386151999991853,0.9890525999944656,0.5254977000004146,524.19091796875,2704.0,0
2,701,0.751686955096092,0.0818769559264183,0.546875,0.9631202816963196,0.8355227112770081,368.68544269300736,1.3887176999996882,0.9392709000094328,0.4126013999921269,333.1279296875,2704.0,0
2,702,0.7352875900819918,0.0085698515176773,0.28125,0.907983899116516,0.7880841493606567,278.7011871459086,1.8370930000091903,1.0454071999993175,0.7301433999964502,829.71240234375,2704.0,0
2,703,0.7393671614600944,0.0108652785420417,0.234375,0.9750269055366516,1.1687686443328855,414.5809076924834,1.23498209999525,0.8889123999979347,0.3328996000054758,235.00439453125,2704.0,0
2,704,0.7350559938816249,0.0173752307891845,0.21875,0.9642603397369384,0.6101692318916321,335.2674950051596,1.5271387999964643,0.9784232000092744,0.5241344999958528,523.3740234375,2704.0,0
2,705,0.7156039577457157,0.0062927640974521,0.1875,0.9786236882209778,0.8662649989128113,422.5560763681371,1.2116735000017798,0.8544696000026306,0.3224580999958562,228.05517578125,2704.0,0
2,706,0.7167144593349121,0.0153813920915126,0.171875,0.9610311985015868,0.9840711355209352,435.9700866601142,1.1743925000046147,0.864751700006309,0.3005866000021342,127.3173828125,2704.0,0
2,707,0.7092614878613392,0.0175323188304901,0.078125,0.9687384963035583,0.8247397541999817,421.2440967215345,1.2154472999973225,0.8727066000137711,0.3281449000060092,219.3056640625,2704.0,0
2,708,0.7311364309833608,0.006152868270874,0.078125,0.9826533198356628,0.7455779910087585,339.4173450493878,1.5084673999954248,0.9675389000040012,0.5179206000029808,535.62451171875,2704.0,0
2,709,0.7143097024720765,0.0318235494196414,0.1875,0.973863422870636,0.670285165309906,335.06382016702497,1.5280671000073198,0.9781608000048436,0.5267414000118151,540.07958984375,2704.0,0
2,710,0.7125816211257142,0.0386721305549144,0.1875,0.9231874346733092,1.2107099294662476,435.55255583636233,1.1755183000059333,0.8614577999978792,0.3056142999994335,127.07861328125,2704.0,0
2,711,0.734331473595177,0.0110484063625335,0.15625,0.9787951707839966,0.6341353058815002,320.2941301046095,1.5985306999937166,1.0246659999975236,0.5421882999944501,540.3779296875,2704.0,0
2,712,0.788147634982322,0.0580594465136528,0.28125,0.8905291557312012,0.6978166699409485,253.70081102947572,2.018125200003851,1.0894195000000764,0.8861750000069151,1056.6220703125,2704.0,0
2,713,0.7144889968927659,0.0023610331118106,0.015625,0.8938528895378113,1.0926178693771362,447.06981536968266,1.145234999989043,0.8474843000003602,0.2904291000013472,102.24462890625,2704.0,0
2,714,0.7186415007255345,0.0119452066719532,0.1875,0.9708364605903624,1.0404950380325315,431.37701609583513,1.1868968000053428,0.8584004000003915,0.3186660000064876,173.5478515625,2704.0,0
2,715,0.6877204702600561,0.0251286346465349,0.203125,0.910668671131134,1.0282061100006104,456.8842688090568,1.1206338999909349,0.8226432999945246,0.2908819000003859,98.66748046875,2704.0,0
2,716,0.7073075410561828,0.0108914654701948,0.078125,0.8699227571487427,1.1128528118133545,447.4513407575111,1.1442585000040708,0.8655732000042917,0.2714148000086425,83.5546875,2704.0,0
2,717,0.708396292193766,0.0185460671782493,0.265625,0.95699805021286,0.7725715637207031,417.1162683096958,1.227475499996217,0.8738028999941889,0.3332204000034835,221.54248046875,2704.0,0
2,718,0.7385361421094331,0.0061606355011463,0.140625,0.9865869879722596,0.7312416434288025,432.85139163458257,1.1828539999987695,0.8456737000087742,0.3254054999997606,223.48974609375,2704.0,0
2,719,0.7106790955826079,0.0244572050869464,0.0625,0.9765684008598328,0.9555447101593018,448.09160672360974,1.1426235000108136,0.8503399000037462,0.2837968999956501,118.0810546875,2704.0,0
2,720,0.7079457719992546,0.0207038484513759,0.125,0.930384397506714,0.7433139681816101,447.15618274927925,1.1450137999927392,0.8301649000059115,0.2892045000044163,99.59326171875,2704.0,0
2,721,0.7458703413143007,0.0188146606087684,0.25,0.9867648482322692,0.8123188018798828,377.6620007705525,1.3557096000004094,0.9201961000071606,0.4195581000094535,342.248046875,2704.0,0
2,722,0.747883495862867,0.0898704603314399,0.21875,0.9441928267478944,0.4755885303020477,347.2827498835666,1.474302999995416,0.932287500007078,0.5185116000066046,539.65478515625,2704.0,0
2,723,0.7473998720427502,0.042069599032402,0.109375,0.9593335390090942,1.7235909700393677,351.24803503588925,1.457659399995464,0.9262195000046632,0.5079504000023007,531.5615234375,2704.0,0
2,724,0.756042481279864,0.0248007848858833,0.15625,0.9835349917411804,0.9694042801856996,314.898951879744,1.6259183999936797,1.0389119000028586,0.5339377999916906,551.63916015625,2704.0,0
2,725,0.7796040972341497,0.0191913209855556,0.21875,0.9039356112480164,0.6074007153511047,248.10720130632032,2.063624100002926,1.0974624999944351,0.9149604999984148,1098.330078125,2704.0,0
2,726,0.7753216573367273,0.0128080174326896,0.109375,0.9587838053703308,0.4960220158100128,264.5759106526141,1.935172400000738,1.0726180999918142,0.809918099999777,882.29052734375,2704.0,0
2,727,0.688149834577235,0.0338372662663459,0.265625,0.9034445881843568,0.8976625204086304,453.0278274109479,1.1301734000007857,0.830778299990925,0.2907598000019789,126.13330078125,2704.0,0
2,728,0.6810820296313124,0.0039328150451183,0.28125,0.9254144430160522,0.9876652359962464,431.29238532110094,1.1871297000034249,0.847632800010615,0.308136799998465,123.65283203125,2704.0,0
2,729,0.7269349655774592,0.0146143622696399,0.21875,0.9839758276939392,1.4845243692398071,380.5282787855743,1.3454979000089224,0.9208983999997143,0.4083895999938249,336.95751953125,2704.0,0
2,730,0.6854847236846774,0.0093409530818462,0.296875,0.9809918999671936,0.7045983672142029,440.2674831385576,1.1629293999867514,0.8538159000017913,0.3007787999958964,128.3759765625,2704.0,0
2,731,0.6887818715329064,0.0116928592324256,0.171875,0.968472957611084,0.8720372915267944,434.5079049449278,1.1783445000037318,0.870528600004036,0.3000762000010581,105.5439453125,2704.0,0
2,732,0.7584615962753382,0.0477282330393791,0.140625,0.8597261905670166,0.7427651286125183,241.80701627701964,2.1173909999924945,1.1162108999997145,0.9565504000056536,1076.7099609375,2704.0,0
2,733,0.7590587775017524,0.0101587288081645,0.109375,0.9049217700958252,0.8711479306221008,250.44279950060331,2.044378999999026,1.084153999996488,0.9066413000109604,1083.4912109375,2704.0,0
2,734,0.7113439964685457,0.0073576383292675,0.25,0.9071124196052552,1.2765604257583618,443.9539754989812,1.1532727000012528,0.8386482999922009,0.2887074000027496,104.1533203125,2704.0,0
2,735,0.7487321222371084,0.0670390427112579,0.21875,0.97055321931839,0.5877851247787476,415.0932107202912,1.2334579000016674,0.883370499999728,0.337587900008657,224.21923828125,2704.0,0
2,736,0.6759722736368773,0.0150499567389488,0.234375,0.9189149141311646,1.2743499279022217,452.9677482511082,1.1303233000071486,0.8288388999935705,0.2926656999916304,98.72802734375,2704.0,0
2,737,0.7284217469721206,0.0081441514194011,0.234375,0.973323941230774,0.7966683506965637,417.379588227984,1.2267011000076309,0.8751993999903789,0.3395576000039,233.54638671875,2704.0,0
2,738,0.734057309737919,0.0327560864388942,0.296875,0.9875586032867432,0.8469458818435669,431.9719299238174,1.1852622000005797,0.8600168999982998,0.3151168000040343,171.9619140625,2704.0,0
2,739,0.6635230118955696,0.0205799676477909,0.1875,0.9572174549102784,1.1384541988372805,429.1591874646561,1.193030499998713,0.889028599995072,0.295672000007471,107.7880859375,2704.0,0
2,740,0.7311268913714828,0.0051631815731525,0.125,0.9568195939064026,0.955062985420227,379.3129531134138,1.3498089000058826,0.9078872000100092,0.4248327999957837,314.46728515625,2704.0,0
2,741,0.7242737106489799,0.0135980211198329,0.140625,0.985094428062439,0.5426833033561707,422.16282259519016,1.2128021999960763,0.8947034000011627,0.3087166000041179,176.24462890625,2704.0,0
2,742,0.7053500617919439,0.0118721202015876,0.25,0.9936550855636596,1.0125771760940552,438.6414315343795,1.1672403999982637,0.8228758000041125,0.3319281000003684,220.55224609375,2704.0,0
2,743,0.7851035911341961,0.0099260434508323,0.265625,0.9053393006324768,0.9698455929756165,281.36125653440456,1.819724599990877,1.027131200011354,0.7401823999971384,849.07568359375,2704.0,0
2,744,0.7637706286552486,0.0074256137013435,0.28125,0.8744183778762817,0.9147061705589294,253.66678558964773,2.0183958999987226,1.0787550999957602,0.8959589000005508,1069.65673828125,2704.0,0
2,745,0.685407794047575,0.0407111570239067,0.109375,0.8999424576759338,1.0199044942855835,441.8847731948796,1.1586730999988504,0.8512168000015663,0.3002078999998048,90.720703125,2704.0,0
2,746,0.7556651481633921,0.0253665000200271,0.21875,0.968672513961792,0.6716195940971375,379.3580047407167,1.3496486000076402,0.9284962999954588,0.4040080000122543,338.5908203125,2704.0,0
2,747,0.7300193017273513,0.0400200262665748,0.28125,0.9720246195793152,1.0274773836135864,414.0070219450354,1.236694000006537,0.8841805999982171,0.3282779000001028,234.60888671875,2704.0,0
2,748,0.7873230723719945,0.0050616785883903,0.296875,0.8814688920974731,0.7253904938697815,281.04038956475574,1.8218022000073688,1.0466291000047931,0.740695800006506,830.7275390625,2704.0,0
2,749,0.7296560910159811,0.0272873826324939,0.15625,0.9468541145324708,1.1049858331680298,454.8053202285541,1.1257563999970444,0.7942784999904688,0.3187285000021802,213.74462890625,2704.0,0
2,750,0.7615403022378443,0.0012058094143867,0.171875,0.992591917514801,0.892047643661499,388.3096939694774,1.318535200000042,0.9290566999989096,0.3729634000046644,317.4775390625,2704.0,0
2,751,0.7237759480841723,0.0463871583342552,0.515625,0.9938147664070128,1.0400962829589844,374.42205907344777,1.3674408000078984,0.928069500005222,0.4228320999973221,338.7021484375,2704.0,0
2,752,0.7634468837224648,0.0294446870684623,0.234375,0.9042885303497314,0.8426401019096375,279.00193813839763,1.835112699991441,1.052297999995062,0.7462624999898253,855.14990234375,2704.0,0
2,753,0.665026555292636,0.0291337072849273,0.1875,0.9068005681037904,0.7423006892204285,467.8968821074641,1.094258199998876,0.8203304000053322,0.2662815999938175,83.5546875,2704.0,0
2,754,0.7571397493639103,0.0355775095522403,0.1875,0.9702885150909424,1.012420654296875,330.07670544139694,1.5511546000052476,0.9527641000022412,0.5743245999910869,555.64892578125,2704.0,0
2,755,0.7353800844792067,0.0181501805782318,0.21875,0.9761145710945128,0.6496754288673401,402.0372294327784,1.273513899999671,0.8700648999947589,0.3873777999979211,323.07568359375,2704.0,0
2,756,0.7428816936606057,0.0609122887253761,0.28125,0.959226667881012,0.4404358565807342,336.7980334699297,1.5201988999906462,0.954874999995809,0.5419712000002619,561.28759765625,2704.0,0
2,757,0.7863807048571311,0.0051791295409202,0.15625,0.9175843000411988,0.7541083693504333,254.12104172359275,2.0147878999996465,1.0824476999987382,0.8887003999989247,1045.869140625,2704.0,0
2,758,0.7736351282166964,0.0112778693437576,0.046875,0.9690381288528442,0.569445013999939,286.0079865491678,1.7901598000025842,1.0467762999905972,0.7066204000002472,801.24609375,2704.0,0
2,759,0.7056207908845955,0.0470803938806057,0.265625,0.8192328214645386,0.8816741704940796,418.85289608298416,1.222386199995526,0.8937919000018155,0.30401159999019,125.67626953125,2704.0,0
2,760,0.733820147833495,0.0359358042478561,0.328125,0.991677701473236,0.4327979683876037,335.9571675630355,1.5240037999901688,0.9591103000129806,0.5408842000033474,541.3271484375,2704.0,0
2,761,0.7486258803800763,0.0174223110079765,0.078125,0.977733850479126,0.7058631777763367,273.5467083136168,1.871709600003669,1.1863596000039252,0.6623438999959035,544.98876953125,2704.0,0
2,762,0.7318871370184641,0.0631446540355682,0.296875,0.9355334043502808,1.1555677652359009,492.8294755190769,1.0388988999911817,0.7399460000015097,0.2868323000002419,222.47412109375,2704.0,0
2,763,0.6972207765227401,0.0342198349535465,0.234375,0.9635220766067504,0.7047654986381531,499.22775706197393,1.0255840000027092,0.7342326999932993,0.2825257000076817,173.0244140625,2704.0,0
2,764,0.6611581640127279,0.0324670486152172,0.1875,0.9182441234588624,0.983993113040924,495.9016921346821,1.032462700008182,0.715730199997779,0.2812475999962771,103.66064453125,2704.0,0
2,765,0.7341437095382329,0.0262522399425506,0.203125,0.9205506443977356,0.5343887805938721,306.9121348305142,1.6682299000094645,0.9104002000094624,0.7270960000023479,857.634765625,2704.0,0
2,766,0.771339220786999,0.0116205811500549,0.046875,0.9173035621643066,0.7270215749740601,263.3615207311448,1.9440957000042545,0.9345663000131026,0.9699748999992152,1061.83984375,2704.0,0
2,767,0.6308828358248871,0.0131550207734107,0.125,0.8041951656341553,0.978554666042328,541.7918899052014,0.9450122999987798,0.7162672999984352,0.2225046999956248,90.1748046875,2704.0,0
2,768,0.7112833528914811,0.0044961906969547,0.1875,0.9492107033729552,0.7082676291465759,485.50363890577887,1.0545750000019325,0.7309982999868225,0.3024048000079347,225.61181640625,2704.0,0
2,769,0.7240109229339474,0.0062850229442119,0.203125,0.9848798513412476,1.0643107891082764,441.9525914298578,1.1584953000128737,0.760036299994681,0.3524076000030618,333.81982421875,2704.0,0
2,770,0.7607690295683887,0.0029451102018356,0.171875,0.8673785924911499,0.3674097955226898,271.6659714056807,1.884667400008766,0.9320265999995172,0.8990946999983862,1103.7177734375,3544.0,0
2,771,0.7016058595287691,0.0513974167406559,0.1875,0.9360989332199096,0.9137020111083984,513.7596267228655,0.9965749999973924,0.6905586999928346,0.2994000000035157,107.50439453125,3544.0,0
2,772,0.7394648967428908,0.0039831846952438,0.21875,0.960732102394104,0.9030210375785828,521.4431795498632,0.981890299997758,0.7071090000099503,0.2657349000073736,174.3837890625,3544.0,0
2,773,0.7464084330129733,0.0293549634516239,0.265625,0.9493289589881896,0.9617857336997986,474.7791650961913,1.0783960999979172,0.7537999000051059,0.3132935000030556,223.44677734375,3544.0,0
2,774,0.756034784413877,0.0088383629918098,0.28125,0.960836946964264,0.32778400182724,350.4884659185809,1.4608183999953326,0.9006574000086403,0.5387159999954747,561.01611328125,3544.0,0
2,775,0.6720976716529745,0.0245696566998958,0.203125,0.9094430208206176,0.6070696711540222,477.5117162925599,1.0722249999962514,0.7669034999998985,0.2983389000000898,99.294921875,3544.0,0
2,776,0.6770779082419568,0.0243414379656314,0.203125,0.9690300226211548,0.8513916730880737,497.75645029329314,1.0286155000067083,0.7146404000086477,0.3026370999868959,234.56787109375,3544.0,0
2,777,0.7214561745395162,0.0037012621760368,0.28125,0.9605873823165894,1.0331568717956543,401.7965642778213,1.274276700001792,0.7872503999969922,0.4664449999982025,511.79833984375,3544.0,0
2,778,0.6917700406291166,0.0316694378852844,0.15625,0.978696584701538,1.046132206916809,506.39571858272,1.011066999999457,0.7286453999986406,0.2717683999944711,222.67724609375,3544.0,0
2,779,0.6768180309903727,0.011675089597702,0.109375,0.9475059509277344,1.176792860031128,549.4257856655443,0.931882000004407,0.6771639999933541,0.2473211000033188,121.71484375,3544.0,0
2,780,0.6654993086472406,0.0131131149828433,0.21875,0.936092495918274,1.0453577041625977,536.0203587209279,0.9551876000041376,0.6936145999934524,0.2479576000041561,102.970703125,3544.0,0
2,781,0.6681472770513824,0.0165443047881126,0.109375,0.9749496579170228,0.7692599892616272,535.5577389293787,0.9560127000004286,0.6958384000026854,0.2466143000056035,101.36767578125,3544.0,0
2,782,0.6993622245196454,0.0329933054745197,0.046875,0.9839435815811156,0.9630972146987916,512.3846471532332,0.9992493000027024,0.7045910000015283,0.2842335999885108,181.72119140625,3544.0,0
2,783,0.7103733070652588,0.0232500247657299,0.109375,0.9537387490272522,0.7772772908210754,534.4443652275254,0.958004300002358,0.6945298999926308,0.2559084000095026,119.48779296875,3544.0,0
2,784,0.7586600967631396,0.0337887033820152,0.0625,0.7682335376739502,0.7659760117530823,285.9780174522211,1.7903473999904236,0.9152557000052184,0.8376118000014685,1034.78271484375,3544.0,0
2,785,0.7441229324070334,0.013997346162796,0.09375,0.9179425239562988,0.4341997504234314,320.2481923474596,1.598760000008042,0.8773615999962203,0.6900918999890564,850.263671875,3544.0,0
2,786,0.6560690374324455,0.0040227398276329,0.21875,0.914328157901764,1.266073226928711,550.5488821850995,0.9299809999938587,0.7018860999960452,0.2218523000046843,83.5546875,3544.0,0
2,787,0.7492203817982114,0.0010487288236618,0.109375,0.9479789137840272,0.7712144255638123,314.8984095907348,1.6259212000004482,0.8784641999955056,0.7150020999979461,863.830078125,3544.0,0
2,788,0.6732676095619549,0.0175883993506431,0.25,0.900981307029724,0.967352330684662,555.9806853147165,0.9208953000052134,0.6962913000024855,0.2183262000035029,79.58251953125,3544.0,0
2,789,0.6942647904533703,0.0141309350728988,0.15625,0.9585959315299988,1.2227712869644165,536.2573884694361,0.9547653999907196,0.6961891000100877,0.2510192000045208,124.50830078125,3544.0,0
2,790,0.6924828047760906,0.0449307784438133,0.140625,0.9419204592704772,0.8105873465538025,488.9067348327363,1.0472345000016503,0.7671941999869887,0.2725662000011652,127.0751953125,3544.0,0
2,791,0.700514049007242,0.0409976541996002,0.359375,0.9672152996063232,0.8920730352401733,514.1554940829291,0.9958076999901097,0.7364693999988958,0.2523335000005318,104.1533203125,3544.0,0
2,792,0.7059005282752954,0.0306416600942611,0.171875,0.9894204139709472,0.9530327916145324,496.0630325603192,1.03212689999782,0.7219657999958145,0.2993267999991076,223.16748046875,3544.0,0
2,793,0.7412241180765227,0.0260649062693119,0.125,0.9890803694725036,1.1135330200195312,456.3241627023435,1.1220094000018437,0.7560118999972474,0.3518266000028234,335.5068359375,3544.0,0
2,794,0.685456281797055,0.0172927565872669,0.234375,0.959274172782898,0.7821547985076904,527.4621303829757,0.970685799999046,0.7245817999937572,0.2393481999897631,101.03662109375,3544.0,0
2,795,0.7322227374854242,0.0140751302242279,0.140625,0.9917145371437072,0.559035062789917,456.7698963646539,1.120914500002982,0.7433546999964165,0.3629638999991584,328.8251953125,3544.0,0
2,796,0.7151199618147358,0.0137871801853179,0.15625,0.9780595302581788,0.673682689666748,405.7818846313074,1.261761599991587,0.7755431999976281,0.4659977999981493,522.48779296875,3544.0,0
2,797,0.7564654174919556,0.0303752720355987,0.15625,0.9561532139778136,1.114771008491516,489.6760601569588,1.0455892000027234,0.7340037999965716,0.2819916000007652,179.84375,3544.0,0
2,798,0.7240730379330138,0.0154266953468322,0.25,0.9748606085777284,0.9163810014724731,499.80710569422325,1.0243952000018908,0.7283207000000402,0.2887112000025809,125.91455078125,3544.0,0
2,799,0.7554532968215751,0.0209435448050498,0.046875,0.9694464802742004,1.1609798669815063,441.568880435066,1.1595019999949727,0.7675063999922713,0.3773440000077244,316.72021484375,3544.0,0
2,800,0.7393012332228143,0.0214362554252147,0.15625,0.9817721843719482,0.9393299221992492,425.6842583461553,1.2027693999989424,0.8033035999978893,0.3857210999995004,337.41357421875,3544.0,0
2,801,0.7365837948066142,0.0087309628725051,0.0625,0.9724199771881104,0.5484050512313843,362.2305848121436,1.4134642999997595,0.8794527999998536,0.511499600004754,540.6318359375,3544.0,0
2,802,0.7164845417295403,0.0063637588173151,0.171875,0.9063560962677002,0.8658685684204102,526.5423087524938,0.9723815000033936,0.7214715000009164,0.2441856999939773,105.2978515625,3544.0,0
2,803,0.730739739114782,0.0082338824868202,0.203125,0.9851795434951782,0.7576552033424377,508.517873012004,1.0068476000014923,0.7048546000005445,0.2902715999953216,222.82177734375,3544.0,0
2,804,0.7330324434809554,0.0412282943725585,0.375,0.9712315797805786,0.9025143384933472,495.7823639326456,1.0327112000086345,0.7027823999960674,0.2922275000018999,223.16552734375,3544.0,0
2,805,0.7450404153031668,0.0176442116498947,0.078125,0.8340243101119995,1.217729926109314,287.6817107548076,1.7797446999902604,0.8991030000033788,0.8279747999913525,1045.59716796875,3544.0,0
2,806,0.7584259520636458,0.0428039990365505,0.078125,0.9240204095840454,1.0264129638671875,286.2467493945867,1.7886665999976683,0.9021810999984154,0.8492043000005651,1068.23876953125,3544.0,0
2,807,0.7293740410974837,0.0208031982183456,0.125,0.9449800848960876,0.9526389837265016,529.7415202862434,0.9665090999915265,0.7151152000005823,0.2441164000047138,119.75244140625,3544.0,0
2,808,0.7483195356002865,0.0208491086959838,0.15625,0.9722079634666444,1.098681926727295,304.70100083505395,1.6803358000033768,0.8822818999906303,0.7071054999978514,836.166015625,3544.0,0
2,809,0.7197587718594868,0.0374039188027381,0.234375,0.910029113292694,0.6749611496925354,547.3939451021508,0.9353409999894212,0.683780299994396,0.2439367000042693,121.49755859375,3544.0,0
2,810,0.6485976854895883,0.0048347786068916,0.21875,0.9602164030075072,0.914396345615387,533.7970138845604,0.959166100001312,0.7018704999936745,0.2497180000063963,122.25732421875,3544.0,0
2,811,0.7054920047970655,0.0082661844789981,0.109375,0.9607850313186646,1.7115144729614258,512.929222586692,0.9981883999862476,0.7054671000078088,0.2818572999967728,220.53662109375,3544.0,0
2,812,0.7164128323755157,0.0075908116996288,0.109375,0.9898269772529602,0.5891624093055725,513.3798623973564,0.9973121999937576,0.7154173000017181,0.2731052000017371,177.33935546875,3544.0,0
2,813,0.7037000710334934,0.005775298923254,0.09375,0.9927796721458436,0.7090395092964172,442.99827810394765,1.1557606999995187,0.7910427000024356,0.3429188000009162,316.46044921875,3544.0,0
2,814,0.73594344942784,0.008279450237751,0.21875,0.9768953919410706,0.8408541083335876,506.330215509776,1.0111978000059023,0.7107910000049742,0.2894268999953056,237.06103515625,3544.0,0
2,815,0.660467427629981,0.0192002840340137,0.171875,0.960503339767456,1.5560563802719116,557.8680201928073,0.9177798000018812,0.6867060999938985,0.2185720999987097,83.6943359375,3544.0,0
2,816,0.7129562829006868,0.0244131833314895,0.15625,0.9687353372573853,1.0098059177398682,513.8780186092067,0.9963453999953344,0.7079557999968529,0.2740863999933935,124.50830078125,3544.0,0
2,817,0.700020815063157,0.0519801564514637,0.1875,0.9775283932685852,0.7640849947929382,522.7940770272972,0.979353100003209,0.7115888999978779,0.2602446000091731,123.19677734375,3544.0,0
2,818,0.7194748944250783,0.0101113095879554,0.109375,0.9767446517944336,0.8894264698028564,455.4140727906641,1.124251600005664,0.760536099987803,0.3500411999993957,316.7158203125,3544.0,0
2,819,0.7099756801441874,0.0219628401100635,0.203125,0.9797748327255248,0.6787348985671997,504.2777427858253,1.0153135000000475,0.7137837000045693,0.2908232000045245,238.17333984375,3544.0,0
2,820,0.7583051784035568,0.0052675902843475,0.03125,0.7952855825424194,0.94054913520813,285.65149658184043,1.792393900002935,0.9242239000013796,0.8258734999981243,1034.333984375,3544.0,0
2,821,0.7174521970342607,0.0128468126058578,0.09375,0.9383553266525269,0.9083347916603088,525.0927142472045,0.9750658999982988,0.7014692999946419,0.2488190000003669,120.21826171875,3544.0,0
2,822,0.7067204568674254,0.0253361575305461,0.203125,0.9283595085144044,1.311650276184082,537.5260364154249,0.9525120000034804,0.6961773999937577,0.2486134000064339,126.16845703125,3544.0,0
2,823,0.6863810782951619,0.0149047300219535,0.109375,0.943841516971588,0.6561759114265442,558.3069864002053,0.9170582000078866,0.6851032999984454,0.225695099987206,79.58251953125,3544.0,0
2,824,0.7201899574929232,0.0034506320953369,0.078125,0.9133605360984802,0.8313466906547546,379.77378240450577,1.3481710000050953,0.8094969999947352,0.5169793999957619,555.64892578125,3544.0,0
2,825,0.6441955999359322,0.0238450095057487,0.1875,0.9596362113952636,1.2578986883163452,531.3238223577192,0.9636308000044664,0.6935450000019046,0.247784799998044,79.58251953125,3544.0,0
2,826,0.7037015243590037,0.0197972580790519,0.203125,0.9548197388648988,0.7082315683364868,530.3069379253997,0.9654786000028251,0.6963968999916688,0.2433503000065684,124.50830078125,3544.0,0
2,827,0.678618747448112,0.0305202938616275,0.21875,0.95541113615036,1.0849015712738037,489.858165963695,1.0452005000115605,0.7352284000080545,0.3016748000081861,124.54931640625,3544.0,0
2,828,0.6592232945736917,0.0573388114571571,0.15625,0.9669227004051208,0.6440252661705017,524.9653312714654,0.9753024999954504,0.6966907000023639,0.2712496000021929,98.58154296875,3544.0,0
2,829,0.7353055930225607,0.0320973508059978,0.25,0.955049455165863,0.611010730266571,421.31775686162393,1.215234800009057,0.8078030000033323,0.3926478000066709,334.17138671875,3544.0,0
2,830,0.7042978827590117,0.0325601175427436,0.28125,0.9859752058982848,1.5123430490493774,483.3694932073527,1.0592311000073096,0.7523747999948682,0.2763916999974753,215.7783203125,3544.0,0
2,831,0.6866023452831092,0.0248662419617176,0.21875,0.9843443036079408,0.742519199848175,517.8948343728894,0.9886177000007592,0.7143104999995558,0.2651577000069665,171.9482421875,3544.0,0
2,832,0.7044977330318232,0.0084516741335392,0.25,0.9513164758682252,0.7443934679031372,531.5242683379695,0.9632674000022234,0.7049222000059672,0.252259499990032,83.6943359375,3544.0,0
2,833,0.671011088713328,0.0365363955497741,0.21875,0.9868040680885316,0.4944199025630951,527.0540335366079,0.9714374000031968,0.7010005000047386,0.2632158000051277,124.50830078125,3544.0,0
2,834,0.7385199217938963,0.0113811641931533,0.234375,0.8542271852493286,0.6548091173171997,313.2331268742782,1.6345653000025775,0.8982672000129241,0.7058554000104778,845.8076171875,3544.0,0
2,835,0.7131054880797786,0.033691331744194,0.15625,0.9891998767852784,1.370490312576294,384.9731157944611,1.3299629999964964,0.7945802999893203,0.5132167999981903,564.490234375,3544.0,0
2,836,0.6747842435890494,0.0007871724665164,0.203125,0.9264230728149414,1.1611220836639404,521.7841307704058,0.9812487000017428,0.699998099997174,0.2745127999951364,99.97216796875,3544.0,0
2,837,0.7523146703357134,0.0139962173998355,0.296875,0.8935089111328125,1.034480333328247,375.2025140906632,1.3645964000024833,0.8278323999984423,0.5150541000039084,523.5654296875,3544.0,0
2,838,0.7497956470247094,0.0075275525450706,0.140625,0.9272133708000184,0.8899638056755066,316.78885002256646,1.616218499999377,0.8958145000069635,0.6885791000095196,848.65771484375,3544.0,0
2,839,0.7540589660731122,0.0463903918862342,0.296875,0.9473963975906372,0.4404069185256958,319.2330625200168,1.6038438999967184,0.8632232999952976,0.7082574999949429,871.69775390625,3544.0,0
2,840,0.699308973973779,0.076282151043415,0.234375,0.918960690498352,1.2300606966018677,526.4915211782193,0.9724752999900376,0.7152896000043256,0.249618100002408,125.04345703125,3544.0,0
2,841,0.6611009920212693,0.0085505731403827,0.21875,0.9399945139884948,0.8069279789924622,514.9595756755923,0.9942527999955928,0.7404696000012336,0.2472388000023784,79.58251953125,3544.0,0
2,842,0.7568625227426691,0.0035866200923919,0.125,0.8974570035934448,0.4131059348583221,310.06364237886925,1.6512739000027068,0.9003135999955703,0.7155173999926774,832.56982421875,3544.0,0
2,843,0.7202502911034774,0.0274237617850303,0.21875,0.8982138633728027,1.172133445739746,515.2883123669384,0.9936184999969556,0.7033285999932559,0.2812903000012738,176.94287109375,3544.0,0
2,844,0.6589763716148745,0.0331290513277053,0.28125,0.9358786344528198,0.7348982095718384,542.0959759705247,0.9444822000077692,0.6963338000059593,0.2206569999980274,84.4189453125,3544.0,0
2,845,0.6392551038757633,0.0069778393954038,0.140625,0.9344460368156432,0.972614049911499,550.1299467091385,0.9306892000022344,0.6818465999967884,0.2269100999983493,78.11376953125,3544.0,0
2,846,0.7841076546153792,0.023191824555397,0.09375,0.8652774095535278,0.8604585528373718,272.6996057261874,1.8775237999943784,0.9377930999908132,0.9016335000051184,1092.60009765625,3544.0,0
2,847,0.7206208555557856,0.010995402932167,0.25,0.9632856845855712,0.5743826627731323,515.9017130611555,0.9924371000088286,0.7074255000043195,0.2580963999935193,169.89892578125,3544.0,0
2,848,0.7411882472103958,0.0024675093591213,0.21875,0.9695528149604796,0.6419447064399719,379.4482807155504,1.349327500007348,0.8513155000109691,0.4776309000008041,550.43505859375,3544.0,0
2,849,0.7593913754438347,0.0101739466190338,0.109375,0.9407222270965576,0.844875156879425,316.7756397546758,1.6162859000032768,0.8614374000026146,0.7229892000032123,889.45947265625,3544.0,0
2,850,0.6799014104252747,0.0188673734664917,0.1875,0.9203011393547058,0.7791234254837036,508.4403077214581,1.0070011999923736,0.758819399998174,0.2246205999981612,83.6943359375,3544.0,0
2,851,0.7172565671428062,0.0176718533039093,0.296875,0.9660901427268982,0.8206733465194702,504.5399231508045,1.0147858999989694,0.712620499994955,0.2913568000076338,231.93310546875,3544.0,0
2,852,0.7383549490917083,0.0501786582171916,0.234375,0.9836017489433287,0.8764015436172485,499.0217905879383,1.026007299995399,0.7027956999954768,0.3007618999981787,234.78466796875,3544.0,0
2,853,0.663215825251565,0.028108024969697,0.34375,0.9230153560638428,0.6941076517105103,516.8498606679367,0.9906164999993052,0.7394251999940025,0.244175300002098,83.5546875,3544.0,0
2,854,0.6677241945565744,0.024687260389328,0.265625,0.9426721930503844,0.6019907593727112,527.1451435516933,0.97126949999074,0.7136013999988791,0.2504562999965856,99.97216796875,3544.0,0
2,855,0.6592687078941121,0.0214268192648887,0.203125,0.9806986451148988,1.034180760383606,541.3045503087499,0.9458631000015884,0.6915800999995554,0.2471449000004213,97.5380859375,3544.0,0
2,856,0.7547139722590082,0.0041505619883537,0.1875,0.8514274954795837,0.8454649448394775,309.32832736948274,1.6551992000022435,0.8872858999966411,0.7361111999925924,863.9423828125,3544.0,0
2,857,0.7119343918694361,0.0125583410263061,0.140625,0.970073938369751,1.1735647916793823,513.6497402328343,0.9967882000055396,0.7209392999939155,0.2669557000044733,170.56640625,3544.0,0
2,858,0.6491493875329848,0.0287273488938808,0.28125,0.955386221408844,0.5817215442657471,533.8071984276083,0.9591478000074858,0.7080375999939861,0.2438150999951176,98.58154296875,3544.0,0
2,859,0.7233232500407755,0.0070885121822357,0.15625,0.9784117937088012,0.6615515351295471,387.06829033843496,1.3227639999968233,0.7916321999946376,0.5100152999948477,540.2333984375,3544.0,0
2,860,0.7059398659421553,0.0075287222862243,0.140625,0.9764076471328736,0.7197780013084412,484.9710594459139,1.0557331000018166,0.7421493000001647,0.3030972999986261,229.68212890625,3544.0,0
2,861,0.7083411522504837,0.0180877484381198,0.109375,0.9922781586647034,0.6386539936065674,453.8614791729024,1.1280974999972386,0.7584573000058299,0.3552401000051759,325.7177734375,3544.0,0
2,862,0.6960171213275577,0.0358317717909812,0.25,0.987394630908966,1.1951448917388916,454.82459183364,1.125708699997631,0.7724706000008155,0.3388717000052565,321.9267578125,3544.0,0
2,863,0.6724096679266883,0.024880614131689,0.1875,0.9695261716842652,0.5564075708389282,509.5071851450588,1.0048926000017673,0.7324949999892851,0.2629393000097479,174.6591796875,3544.0,0
2,864,0.6626494483871913,0.0059715956449508,0.25,0.9275462627410888,0.9323951005935668,511.7968678180727,1.000396900009946,0.717004399994039,0.2581324999919161,101.36767578125,3544.0,0
2,865,0.6963697083320197,0.002718448638916,0.1875,0.961024820804596,1.3501070737838743,380.0313704012426,1.3472572000027867,0.8260783000005176,0.4998945999977877,522.36279296875,3544.0,0
2,866,0.6546556492697143,0.0072348341345787,0.140625,0.9713521599769592,0.79621422290802,529.1963956320612,0.96750470000552,0.7211815000046045,0.2396108999964781,104.6376953125,3544.0,0
2,867,0.6701321737079122,0.0015885345637798,0.140625,0.964600384235382,1.3169056177139282,514.1686089417133,0.9957823000004282,0.7145784000022104,0.2654104999965057,131.67333984375,3544.0,0
2,868,0.7176149770441995,0.0056698098778724,0.21875,0.9644359350204468,0.7455675005912781,380.8425770075824,1.3443875000084518,0.8276708999910625,0.4955542999960016,523.44873046875,3544.0,0
2,869,0.6964838719501852,0.0261887237429618,0.15625,0.9837225079536438,0.6725155711174011,448.64672986946255,1.1412096999993082,0.7619144000054803,0.3643895999994129,338.4013671875,3544.0,0
2,870,0.7185209157532751,0.0256995856761932,0.203125,0.9939597845077516,0.7507837414741516,440.6096109371345,1.1620263999939198,0.7589945000072476,0.3704380000126548,338.576171875,3544.0,0
2,871,0.6374973410650361,0.0327810049057006,0.21875,0.9500559568405152,0.8900570273399353,525.0394061582788,0.975164899995434,0.7110030000039842,0.2580068000097526,79.58251953125,3544.0,0
2,872,0.7461582582945047,0.0276392698287963,0.265625,0.8657168745994568,0.9388262629508972,273.88040552070413,1.869429099999252,0.9267374000046402,0.888373000008869,1084.54248046875,3544.0,0
2,873,0.7047488968597816,0.0119127742946147,0.09375,0.9352574348449708,0.9671525955200196,494.7244689071526,1.0349195000017062,0.7359031999949366,0.2751837999967392,175.0478515625,3544.0,0
2,874,0.7498101239568896,0.0145728588104248,0.125,0.9009237289428712,0.9682876467704772,264.2600967611147,1.9374851000029596,0.984863799996674,0.9148947999929078,1090.322265625,3544.0,0
2,875,0.7031135270806013,0.0131468996405601,0.21875,0.9719459414482116,1.1404529809951782,409.16618564104107,1.2513253000070108,0.8298962999979267,0.4074496000102954,338.0849609375,3544.0,0
2,876,0.6394389745130726,0.0362387187778949,0.140625,0.94472473859787,0.8288769721984863,555.2356443936478,0.9221309999993536,0.6982540000026347,0.2177866999991238,78.11376953125,3544.0,0
2,877,0.6838144246994922,0.0571803152561187,0.234375,0.9694148898124696,0.9855658411979676,520.6290622646821,0.9834257000038632,0.7088581999996677,0.2670893000031356,121.69873046875,3544.0,0
2,878,0.6423683232135852,0.030873566865921,0.3125,0.9552518129348756,0.4576075375080108,553.9214991565315,0.924318699995638,0.7018763999949442,0.2162079999980051,83.5546875,3544.0,0
2,879,0.7264154434541013,0.0062860697507858,0.171875,0.968198299407959,1.1455458402633667,501.1789451600075,1.021591199998511,0.7112376000004588,0.298931099998299,217.5087890625,3544.0,0
2,880,0.6780182746047595,0.0335219539701938,0.265625,0.9440969228744508,1.1503088474273682,539.8281406526819,0.948449999996228,0.6948473999946145,0.2467317999980878,100.39404296875,3544.0,0
2,881,0.6201295530465922,0.0310412719845771,0.140625,0.9537973403930664,0.7003060579299927,546.3361916047742,0.9371518999978434,0.7118801999895368,0.2193236000020988,83.6943359375,3544.0,0
2,882,0.6375697231919812,0.0073727518320083,0.296875,0.9748226404190063,0.945819616317749,558.6268515492692,0.9165331000112928,0.6849691999959759,0.2251316999900154,83.6943359375,3544.0,0
2,883,0.713743026878861,0.0031931921839714,0.171875,0.9261436462402344,1.018391728401184,381.4070044819151,1.342397999993409,0.8121844999986934,0.495918000000529,521.46728515625,3544.0,0
2,884,0.7399682715498593,0.0128472223877906,0.140625,0.9600948095321656,0.5815391540527344,388.9667159983261,1.3163079999940237,0.8136304999934509,0.4812025999999605,551.05908203125,3544.0,0
2,885,0.7007681887238172,0.0099430009722709,0.1875,0.9784049987792968,0.8423594832420349,528.0622271850939,0.9695826999959536,0.7048061999958009,0.2473048999963794,169.14306640625,3544.0,0
2,886,0.7247945681756518,0.0170314833521842,0.109375,0.9573548436164856,0.889427125453949,466.7586266231675,1.096926700003678,0.742275000011432,0.3404558000038378,322.3525390625,3544.0,0
2,887,0.7298936210913795,0.0158233866095542,0.078125,0.9187966585159302,1.1302428245544434,324.31250499749854,1.578724199993303,0.8901227999886032,0.6581015999981901,812.759765625,3544.0,0
2,888,0.7447305587341209,0.0150839760899543,0.109375,0.916690230369568,0.9847005605697632,282.064385163025,1.8151883999962592,0.9068540000007488,0.8564044999948237,1080.62744140625,3544.0,0
2,889,0.6709658017604051,0.0198511630296707,0.140625,0.9335575103759766,1.5441899299621582,548.4533935674557,0.9335341999976664,0.6918647999991663,0.234095799998613,107.2001953125,3544.0,0
2,890,0.6766939702928988,0.006353385746479,0.171875,0.9284874796867372,0.6483314037322998,538.2476464803723,0.9512350000004516,0.690616099993349,0.2537047000078019,101.67041015625,3544.0,0
2,891,0.7298674587596845,0.0043115764856338,0.078125,0.9693573117256165,0.5255366563796997,315.8128544849956,1.621213299993542,0.881007399992086,0.7089515999978175,833.912109375,3544.0,0
2,892,0.6882079832869527,0.061748806387186,0.140625,0.9858471751213074,1.2177826166152954,498.44459972979706,1.0271954000054393,0.7666421000030823,0.2515360999968834,174.2646484375,3544.0,0
2,893,0.7153172256383408,0.0159089863300323,0.1875,0.952292501926422,0.8210459351539612,329.2574010888494,1.5550144000008004,0.8413234000036027,0.6825724999944214,820.23046875,3544.0,0
2,894,0.7029283362493942,0.0155804306268692,0.03125,0.9668897986412048,0.7603944540023804,319.51575390445925,1.602424900003825,0.8784010999952443,0.6919821999908891,857.77197265625,3544.0,0
2,895,0.7090019380385616,0.027335949242115,0.21875,0.989159882068634,0.850062370300293,460.3042845094373,1.1123076999938348,0.7501846999948611,0.341505699994741,327.51513671875,3544.0,0
2,896,0.6899777775174947,0.0092632994055747,0.234375,0.9811500310897828,1.1110262870788574,481.06415902221033,1.0643070999940392,0.7482531999994535,0.3048724999971455,222.63427734375,3544.0,0
2,897,0.6379692477050922,0.0395712666213512,0.203125,0.9654114842414856,0.7280220985412598,508.2052315345615,1.0074670000030892,0.7143323999916902,0.287139300009585,83.6943359375,3544.0,0
2,898,0.6670380149141929,0.014210220426321,0.078125,0.9785049557685852,0.8455612063407898,453.141255723321,1.1298905000003288,0.7937113999942085,0.3269986000086646,164.24169921875,3544.0,0
2,899,0.6462612457766832,0.0171874836087226,0.171875,0.9775541424751282,0.4152346849441528,481.9537047716995,1.0623426999954972,0.796164300001692,0.2597635999991325,83.6943359375,3544.0,0
2,900,0.6846838123647556,0.0369955375790596,0.203125,0.9869590401649476,0.8398106694221497,484.1947760503634,1.0574256999971112,0.7660446999943815,0.262269800005015,130.1259765625,3544.0,0
2,901,0.6972024633254692,0.0281015187501907,0.3125,0.9873698949813844,0.7316820621490479,471.12344538794144,1.0867639999923997,0.7855335999920499,0.2919764999969629,179.66357421875,3544.0,0
2,902,0.703339645486903,0.0212998464703559,0.328125,0.9735183119773864,0.5497271418571472,489.751987486637,1.0454271000053268,0.7313549999962561,0.3042584000068018,167.43701171875,3544.0,0
2,903,0.6339454209501505,0.0279164724051952,0.34375,0.980397403240204,0.9014718532562256,530.9962308570483,0.9642253000056372,0.6922434000007343,0.2493310999998357,83.5546875,3544.0,0
2,904,0.6641931376839632,0.0281185358762741,0.328125,0.9909031987190248,0.9773388504981996,540.3926057880959,0.9474592999904417,0.6796619999950053,0.2524986000062199,121.69873046875,3544.0,0
2,905,0.7008026594217865,0.0469678677618503,0.265625,0.9336163997650146,0.9635565876960754,487.6977759708864,1.0498305000073742,0.7204284000035841,0.3184661000123014,221.14990234375,3544.0,0
2,906,0.6028084065468624,0.0261616371572017,0.25,0.9687302112579346,1.2247389554977417,549.3434326741253,0.93202169999131,0.6743729000008898,0.243488599997363,79.58251953125,3544.0,0
2,907,0.7038278322904441,0.0157300308346748,0.203125,0.9613916873931884,0.7724573612213135,470.53819736407615,1.088115699996706,0.757266399989021,0.3116402000014204,221.54248046875,3544.0,0
2,908,0.6737996624659405,0.0174672305583953,0.140625,0.9649285078048706,1.1271206140518188,493.844688932837,1.0367631999979494,0.7334947000053944,0.2955420000071171,119.99951171875,3544.0,0
2,909,0.6845499115671878,0.0175057761371135,0.28125,0.9750578999519348,0.7903497219085693,370.1391672664266,1.3832634999998843,0.8506024999951478,0.5106643000035547,526.64697265625,3544.0,0
2,910,0.6132062151523264,0.0460488609969615,0.1875,0.9594088196754456,0.7259421348571777,520.6006877802441,0.9834793000045464,0.7534616000048118,0.2233591999975033,83.5546875,3544.0,0
2,911,0.6599219939603017,0.0197125095874071,0.125,0.9786782264709472,1.3309298753738403,493.3245575461432,1.0378563000122083,0.7547495000035269,0.2660017000016523,121.69873046875,3544.0,0
2,912,0.6873524273708035,0.0028739720582962,0.15625,0.9893926978111268,0.6955471634864807,490.6961799989125,1.0434154999966267,0.7290157999959774,0.3054652999999234,170.38720703125,3544.0,0
2,913,0.6980480343004791,0.0237952098250389,0.171875,0.96259343624115,1.421012282371521,498.8898239846494,1.0262786999956006,0.7103957000072114,0.3045543000043835,223.34130859375,3544.0,0
2,914,0.6262926837221393,0.0273418091237545,0.28125,0.9740029573440552,0.8599281907081604,550.4975013649776,0.9300677999999608,0.7080156000010902,0.2159304999950109,84.4189453125,3544.0,0
2,915,0.7056185579816555,0.0217668935656547,0.203125,0.98573237657547,0.6939892768859863,520.3963875519862,0.9838654000050155,0.7092009000043618,0.2659729000006336,174.7724609375,3544.0,0
2,916,0.7156192799818064,0.040775366127491,0.21875,0.9714537262916564,0.7120170593261719,510.3957241544648,1.003143200010527,0.7099441000027582,0.282842000000528,219.75537109375,3544.0,0
2,917,0.6925442132887825,0.0037905946373939,0.1875,0.9912911653518676,0.8169631958007812,430.68060995344126,1.1888159999944037,0.771422599995276,0.3469198999955551,319.24169921875,3544.0,0
2,918,0.676694753797645,0.031590674072504,0.109375,0.975139021873474,0.7243478894233704,506.27369016905294,1.0113107000070158,0.7205568999925163,0.2527549000078579,174.7294921875,3544.0,0
2,919,0.6504509793105022,0.0186710134148597,0.0625,0.959215521812439,0.8718259334564209,535.1343390934815,0.9567691000120248,0.7053608999995049,0.2447907000023406,103.59619140625,3544.0,0
2,920,0.7404688609109442,0.0162297710776329,0.15625,0.8730604648590088,1.2787498235702517,283.98034168388546,1.802941699992516,0.9366850999940652,0.82749120000517,1028.11474609375,3544.0,0
2,921,0.676497446910453,0.0011586844921112,0.125,0.9614956974983216,1.0416356325149536,492.8626366815967,1.0388289999973497,0.7503766000008909,0.2772436999948695,230.2919921875,3544.0,0
2,922,0.638519040617416,0.0153482481837272,0.28125,0.9655975103378296,0.9119204878807068,541.569133095444,0.9454010000044946,0.6870397000020603,0.2430912999989232,118.0810546875,3544.0,0
2,923,0.723707852499615,0.0238470584154129,0.078125,0.9158554077148438,0.970256805419922,261.69233159509923,1.9564960000134304,1.0326391999988118,0.8869782999972813,1066.34130859375,3544.0,0
2,924,0.6006136479044051,0.000199120491743,0.25,0.9166322946548462,0.691804051399231,543.9949544524118,0.9411851999902864,0.691169900004752,0.2435355999914463,90.66943359375,3544.0,0
2,925,0.651571240110923,0.029699619859457,0.1875,0.9422975182533264,1.510725498199463,518.251827270099,0.987936699995771,0.720320400010678,0.2610159000032581,101.36767578125,3544.0,0
2,926,0.6673372989713975,0.0022720769047737,0.15625,0.949712574481964,1.3210262060165403,495.9412247621213,1.0323804000072414,0.7440803999925265,0.2701483999990159,177.00146484375,3544.0,0
2,927,0.6706401672896789,0.0208571031689643,0.03125,0.9615964889526368,1.4791853427886963,511.5407387263613,1.000897799996892,0.728306099990732,0.2632385000033537,171.70166015625,3544.0,0
2,928,0.6791149517084021,0.031524408608675,0.265625,0.9728000164031982,1.363522171974182,509.4607964444405,1.0049841000000015,0.7138675999885891,0.2732465000008233,178.37255859375,3544.0,0
2,929,0.6513410887537957,0.0095817632973194,0.171875,0.9792345762252808,1.2095550298690796,486.6259136438997,1.0521429000073113,0.7331140999885974,0.3105574000073829,128.3916015625,3544.0,0
2,930,0.6865242509602466,0.0254434198141098,0.1875,0.9764639139175416,0.9946815967559814,386.75587734900233,1.3238324999983888,0.8020669999968959,0.5007477000035578,532.62255859375,3544.0,0
2,931,0.593535914066274,0.01399602368474,0.1875,0.94160658121109,1.907533049583435,524.2628219670024,0.976609399993322,0.7157978999894112,0.254916999998386,83.6943359375,3544.0,0
2,932,0.7024520381345188,0.0065680406987667,0.15625,0.9885708689689636,0.9604622721672058,445.27973046461545,1.1498390000051586,0.7433220999955665,0.3921191999979783,337.19384765625,3544.0,0
2,933,0.6538403360375051,0.0160317979753017,0.171875,0.976296365261078,1.3707729578018188,516.948280635076,0.9904279000038514,0.6939826000016183,0.2888698000024305,126.4384765625,3544.0,0
2,934,0.7096492098671829,0.0386136919260025,0.140625,0.964641809463501,0.7185923457145691,384.2103071192168,1.3326034999918193,0.7973289000074146,0.5130762000044342,547.72412109375,3544.0,0
2,935,0.6948011375722088,0.0076129622757434,0.234375,0.9757369756698608,0.830539882183075,455.5350624083523,1.123953000002075,0.7626099000044633,0.3458940999989863,330.14599609375,3544.0,0
2,936,0.5942402716166476,0.0393975973129272,0.140625,0.9493609070777892,1.1965605020523071,520.7721993911739,0.9831553999974858,0.7400934999895981,0.2370919000095455,83.5546875,3544.0,0
2,937,0.7037810676668135,0.0015727132558822,0.15625,0.9016571044921876,1.5703734159469604,276.99641105734486,1.848399399998016,0.9505310999957146,0.8595401999918977,1029.66552734375,3544.0,0
2,938,0.6930770506516113,0.0408848002552986,0.234375,0.9483630657196044,1.121121168136597,283.671282603429,1.8049060000048485,0.9294329999975162,0.8214619999926072,1026.427734375,3544.0,0
2,939,0.6779807497706201,0.003267552703619,0.28125,0.9530219435691832,1.065923810005188,524.6640792063836,0.9758625000104076,0.7084596999920905,0.2586221999954432,169.56494140625,3544.0,0
2,940,0.6226812509047429,0.0296215340495109,0.109375,0.9311715364456176,0.9793522953987122,526.9533553625348,0.9716230000049108,0.7175855999958003,0.2477214000100502,84.4189453125,3544.0,0
2,941,0.6763172505454271,0.026221863925457,0.25,0.9904412627220154,0.9188746213912964,503.5581497527679,1.0167644000030125,0.7061152000096627,0.2996713000029558,238.1669921875,3544.0,0
2,942,0.6418753219288647,0.0860829129815101,0.5,0.976768970489502,1.498196363449097,512.8891960004703,0.99826629999734,0.7390656999923522,0.2501884000084828,175.9208984375,3544.0,0
2,943,0.6391278051622883,0.0420216247439384,0.171875,0.9787066578865052,0.9423341155052184,374.21262776128384,1.368206099999952,0.8490851999958977,0.4995806999941123,527.78466796875,3544.0,0
2,944,0.693287585880949,0.0022952482104301,0.09375,0.9477001428604126,0.6373950839042664,272.3254910876424,1.8801030999893555,0.9599127000110456,0.8820782999973744,1097.46630859375,3544.0,0
2,945,0.6101232481077102,0.0173009745776653,0.1875,0.9327518343925476,0.8688525557518005,557.1890335590826,0.91889820000506,0.6927453000098467,0.2200935000000754,92.92822265625,3544.0,0
2,946,0.5906253154603929,0.0269117504358291,0.140625,0.9503697752952576,0.636634111404419,520.2222161732736,0.9841947999957484,0.6988094999978784,0.2782086999941384,83.5546875,3544.0,0
2,947,0.5686132476335497,0.0304337441921234,0.140625,0.951157808303833,0.892603874206543,530.6076680695119,0.9649313999980222,0.7317038000037428,0.2271097999910125,79.58251953125,3544.0,0
2,948,0.64282537344114,0.0083805564790964,0.109375,0.9675899744033812,1.0394803285598757,552.9650319792298,0.9259175000042889,0.6651893999951426,0.2532904999970924,120.29248046875,3544.0,0
2,949,0.6626000958818983,0.0583710707724094,0.1875,0.9846819639205932,1.1377981901168823,537.8298711705751,0.9519739000097616,0.6937496999889845,0.2505463999987114,121.86279296875,3544.0,0
2,950,0.6265471767847333,0.0668746083974838,0.25,0.9633784294128418,0.8284861445426941,510.8471711824748,1.0022567000123672,0.7104490000056103,0.2666197000071406,102.36767578125,3544.0,0
2,951,0.6598426735915685,0.0026018321514129,0.25,0.9749977588653564,0.7891976237297058,384.8510017752535,1.3303850000083912,0.7996608000103151,0.5099938999919686,547.72412109375,3544.0,0
2,952,0.6599791975073308,0.0161777734756469,0.125,0.985909104347229,0.8327386379241943,437.77689709347777,1.1695455000008224,0.7758766999904765,0.3555378000019118,339.14501953125,3544.0,0
2,953,0.6811176184559676,0.0116933360695838,0.046875,0.962717831134796,1.291617512702942,308.69160400538385,1.658613299994613,0.9176241000095616,0.7100280000013299,856.5361328125,3544.0,0
2,954,0.6726309295760357,0.0219524651765823,0.078125,0.9771926999092102,0.964782416820526,319.93161461633906,1.600342000005185,0.8801118999981554,0.6899216000019806,835.2177734375,3544.0,0
2,955,0.6534473013347937,0.002769336104393,0.203125,0.9338430166244508,0.6333177089691162,538.279335437524,0.9511789999960456,0.6912864000041736,0.2515663999947719,103.79931640625,3544.0,0
2,956,0.7000610196653195,0.0163603276014328,0.09375,0.9391870498657228,0.9084787964820862,314.3207736822209,1.628909199993359,0.8795640000025742,0.7171744999941438,844.54345703125,3544.0,0
2,957,0.7133619818639366,0.0261939279735088,0.21875,0.8611775040626526,1.124752163887024,316.84893731957646,1.6159119999938412,1.1945658999902662,0.4068457999965176,319.39208984375,3544.0,0
2,958,0.6191486124498611,0.0218562372028827,0.234375,0.9470946788787842,1.023674249649048,446.2696952476334,1.1472882999951253,0.8592563999991398,0.2806915999972261,85.63818359375,3544.0,0
2,959,0.6985520001298988,0.0119649097323417,0.140625,0.9545943140983582,1.198126196861267,265.9747997183556,1.924994400003925,1.106965500002843,0.7837938000011491,867.82080078125,3544.0,0
2,960,0.6166912067702314,0.007422424852848,0.171875,0.9498645663261414,1.4501559734344482,415.38319749234233,1.232596799993189,0.9088297000125748,0.315730899994378,101.86865234375,3544.0,0
2,961,0.6977337048258138,0.0203304439783096,0.28125,0.967803716659546,0.8614527583122253,376.3319265222528,1.360501100003603,0.9721478999999816,0.3756606999959331,218.7939453125,3544.0,0
2,962,0.7008583014995139,0.0101937800645828,0.125,0.9827769994735718,0.7387723326683044,355.4316728086966,1.4405018999968888,1.0233516000007512,0.4003677000000607,337.85205078125,3544.0,0
2,963,0.6932364270776796,0.0271371603012084,0.28125,0.9837894439697266,1.454029560089111,375.5204111491283,1.3634411999955771,0.9770377999957418,0.3726603999966755,228.1123046875,3544.0,0
2,964,0.6179077009853011,0.0613401532173156,0.328125,0.930871605873108,0.8104334473609924,335.32899933639504,1.5268587000027765,1.087825599999633,0.4291908000013791,105.5439453125,3544.0,0
2,965,0.6560491419453596,0.0179669633507728,0.140625,0.9880141019821168,1.4300146102905271,383.1797845132485,1.336187399996561,0.9559608999988995,0.3699782999901799,174.1181640625,3544.0,0
2,966,0.6025276849342014,0.0547439791262149,0.328125,0.9720585346221924,1.7129658460617063,369.0796062903844,1.3872345999989193,1.041111800004728,0.339127200000803,83.6943359375,3544.0,0
2,967,0.6258408189327489,0.0112063437700271,0.375,0.9788596034049988,0.6469429135322571,377.9334128585342,1.3547359999938635,1.0332111999887277,0.313215800008038,101.36767578125,3544.0,0
2,968,0.6862183534302684,0.0045775771141052,0.046875,0.987779974937439,1.0549906492233276,346.83698891785644,1.47619780000241,0.9591748999955598,0.4521280000044498,326.06201171875,3544.0,0
2,969,0.6108800473739386,0.0003104768693447,0.09375,0.936315655708313,0.9350148439407348,368.47760455069664,1.3895009999978356,1.0289598000090336,0.3532700000068871,85.63818359375,3544.0,0
2,970,0.6174075299001658,0.0485282614827156,0.359375,0.973293960094452,0.6522610783576965,416.30812264837806,1.2298583000083454,0.9089770999999018,0.3118536999973003,125.91064453125,3544.0,0
2,971,0.6638119745706894,0.0135554298758506,0.15625,0.9689027070999146,0.6919611692428589,401.4807740128956,1.2752789999940433,0.9202681999886408,0.3417073000018717,224.74658203125,3544.0,0
2,972,0.6618028955248968,0.0146888755261898,0.25,0.9681013822555542,1.0001710653305054,275.2619948502079,1.8600461000023645,1.4206945000041742,0.4104517000087071,333.7646484375,3544.0,0
2,973,0.629556964667219,0.032237883657217,0.28125,0.9592799544334412,0.6107231974601746,415.13851234458434,1.2333232999953907,0.9213485000072978,0.3035672999976668,103.21142578125,3544.0,0
2,974,0.6740943711499605,0.0457701981067657,0.1875,0.9711700677871704,0.7418453693389893,341.8839259968657,1.4975843000138411,1.0295230999909109,0.4505271999951219,336.126953125,3544.0,0
2,975,0.671236647112258,0.0059628412127494,0.25,0.9831836223602296,0.834610641002655,315.45066903083426,1.6230746999935943,1.0695471000071848,0.5174869999900693,511.3056640625,3544.0,0
2,976,0.6106869473419988,0.0240133479237556,0.203125,0.9673787355422974,1.148200750350952,418.84737945869887,1.222402300001704,0.8760673999931896,0.3381042999972123,101.36767578125,3544.0,0
2,977,0.6736683622987403,0.0495377704501152,0.25,0.982368230819702,1.2177928686141968,368.8882529391069,1.3879542000067886,0.9572559999942314,0.4123342999955639,327.7998046875,3544.0,0
2,978,0.6769778242529803,0.029265321791172,0.109375,0.975821852684021,1.0620630979537964,314.46726297383435,1.6281504000071436,1.0518558000039775,0.5513543999986723,555.70068359375,3544.0,0
2,979,0.6868807186876574,0.0056971684098243,0.125,0.8921175003051758,1.2006951570510864,240.83429137792152,2.1259431000071345,1.1976354000071296,0.8828659999999218,1028.78564453125,3544.0,0
2,980,0.6539145838231619,0.0125733613967895,0.15625,0.981140434741974,1.650313377380371,309.0370086918381,1.656759499994223,1.0414594000030777,0.526607799998601,525.65576171875,3544.0,0
2,981,0.7165189331243215,0.0450955927371978,0.15625,0.9634220600128174,0.5744425058364868,204.2622999209742,2.5065810000087367,1.5208183000067947,0.9351888000092003,1031.990234375,3544.0,0
2,982,0.6579703606540193,0.0311779603362083,0.0625,0.8209143280982971,1.110419988632202,332.43703028910056,1.5401413000072353,0.9291998999979114,0.6015849000104936,89.44580078125,3544.0,0
2,983,0.6865387825766728,0.0349122658371925,0.265625,0.945689022541046,0.7533879280090332,219.55473699031336,2.3319924999959767,1.4768670000048587,0.7960730999911902,837.9453125,3544.0,0
2,984,0.6675199011787984,0.0944457426667213,0.40625,0.8856111168861389,0.9043633341789246,341.1984007411056,1.5005931999912718,1.172978200003854,0.312179800006561,105.5439453125,3544.0,0
2,985,0.6065075030877448,0.0142818912863731,0.203125,0.8449444770812988,1.3486324548721311,378.66019078858073,1.3521357999998145,1.0194336999993538,0.3254392000089865,83.5546875,3544.0,0
2,986,0.7338106763459501,0.0291820988059043,0.140625,0.9137855768203736,0.8541219830513,224.9868160815054,2.2756888999865623,1.285740999999689,0.9436390000046232,1076.7099609375,3544.0,0
2,987,0.6748022843477863,0.0064269602298736,0.21875,0.9183045625686646,1.48161780834198,398.9831540276897,1.2832621999987168,0.9098680000024616,0.365335700000287,127.1630859375,3544.0,0
2,988,0.69793259660797,0.0267821699380874,0.171875,0.9667522311210632,1.2817813158035278,374.3076678891102,1.3678587000031257,0.93563889998768,0.4145908000064082,337.19384765625,3544.0,0
2,989,0.6893103694739253,0.0336979404091835,0.1875,0.9693787097930908,1.334096908569336,300.0274361012136,1.7065106000081869,1.168147599993972,0.5190034999977797,324.4404296875,3544.0,0
2,990,0.6959271924584503,0.0470747202634811,0.296875,0.9505223631858826,0.9044202566146852,307.781331221578,1.6635187000065343,1.0749933999904897,0.5446395000035409,537.31884765625,3544.0,0
2,991,0.6661974805556721,0.0095211416482925,0.046875,0.9929569959640504,1.8854107856750488,325.5920433441236,1.572520000001532,1.1403162999922642,0.4143186000001151,325.384765625,3544.0,0
2,992,0.6575042172658365,0.005822442471981,0.21875,0.9447644352912904,1.9908194541931152,397.9732280614789,1.286518699998851,0.952291099994909,0.320870499999728,127.8291015625,3544.0,0
2,993,0.6404703474673761,0.002600722014904,0.125,0.9674659371376038,1.4029556512832642,371.3455823201497,1.3787696000072174,0.9913570000062464,0.3405143999989377,169.03564453125,3544.0,0
2,994,0.6759384759061117,0.0021629333496093,0.109375,0.9786861538887024,1.2810637950897217,307.6386373240194,1.6642902999883518,1.07754980000027,0.5628896999987774,561.3544921875,3544.0,0
2,995,0.6816993871732655,0.0015960782766342,0.1875,0.8802810311317444,1.5689109563827517,266.109361592359,1.924020999998902,1.1181127000018023,0.769555400009267,849.96875,3544.0,0
2,996,0.6400305175704244,0.0183453857898712,0.296875,0.921467423439026,1.4890906810760498,343.3189758485735,1.491324500006158,1.1053077000105986,0.3777585999923758,118.646484375,3544.0,0
2,997,0.6262961640240392,0.0066519789397716,0.296875,0.8520112037658691,2.207418441772461,368.28480845123175,1.3902284000068903,1.0865557000070112,0.2964075000054436,79.58251953125,3544.0,0
2,998,0.7140089668368736,0.0211816653609275,0.09375,0.94122576713562,1.5055627822875977,261.1715892236786,1.9603970000025583,1.162288899999112,0.762917899992317,815.47314453125,3544.0,0
2,999,0.6924173694458822,0.0286689549684524,0.25,0.9458031058311462,1.0068964958190918,401.1765756777388,1.2762459999939892,0.9342441000044346,0.3321205999964149,175.541015625,3544.0,0
2,1000,0.6783810423155798,0.0170040391385555,0.140625,0.9657644629478456,1.7292606830596924,383.3191772242203,1.335701500007417,0.9853234000038356,0.3394917999976314,125.95166015625,3544.0,0
2,1001,0.6656724319008224,0.0314830467104911,0.140625,0.9471539855003356,1.1009501218795776,328.50212781866355,1.5585896000120556,1.0836799000098836,0.4662412000034237,171.5546875,226.0,0
2,1002,0.6386778714037197,0.009675059467554,0.21875,0.9767327904701232,1.1524035930633545,492.8857904665234,1.038780200004112,0.7277098000049591,0.3023265999945579,179.40673828125,350.0,0
2,1003,0.662492470581801,0.0246952809393405,0.1875,0.9854916334152222,1.1948542594909668,451.5409673308319,1.1338949000055436,0.7917580999928759,0.3296932999946875,221.65283203125,510.0,0
2,1004,0.6756475753448535,0.0283551588654518,0.015625,0.977605640888214,1.0043729543685913,443.2326724800951,1.1551495000021532,0.7589907000074163,0.3812355999980354,322.416015625,748.0,0
2,1005,0.637466271031257,0.00222809612751,0.15625,0.9668492078781128,1.4039114713668823,508.7136588897062,1.0064601000049151,0.7399685000127647,0.2593769000086467,105.23046875,748.0,0
2,1006,0.6556620806863123,0.0278051309287548,0.171875,0.9811462163925172,1.5568004846572876,489.0985941557167,1.0468237000022782,0.7286147999984678,0.3093861000088509,178.22314453125,748.0,0
2,1007,0.6782831603422781,0.0269714370369911,0.15625,0.8735455274581909,0.3952115774154663,268.2595134160689,1.908599599992158,0.9421102999913272,0.9220062000094912,1092.68896484375,1972.0,0
2,1008,0.7074313842563127,0.077474221587181,0.265625,0.9631170034408568,0.7721040844917297,441.4109321065493,1.1599169000110123,0.7633129000023473,0.3825661000009859,328.486328125,1972.0,0
2,1009,0.621512264458879,0.0181697569787502,0.28125,0.9285290837287904,1.155356764793396,534.7973410601422,0.9573719999898458,0.7118026999960421,0.2393450000090524,82.86328125,1972.0,0
2,1010,0.6514167246489737,0.0025097876787185,0.234375,0.9755482077598572,1.841225504875183,528.4470695216648,0.9688766000035683,0.703863899994758,0.2582551999948919,100.46728515625,1972.0,0
2,1011,0.6105390907501858,0.0368405953049659,0.25,0.9682174921035768,1.2747994661331177,534.3227209025555,0.9582224000041606,0.7045021999947494,0.247474499992677,81.47265625,1972.0,0
2,1012,0.6816242701003561,0.0166434347629547,0.203125,0.9778095483779908,1.158884882926941,446.0275713013803,1.1479110999935074,0.779450200003339,0.3579581000085454,224.09033203125,1972.0,0
2,1013,0.6715758331403269,0.0012881308794021,0.125,0.9590944051742554,1.068121075630188,369.89708191386495,1.3841688000102297,0.8336976999999024,0.5287681000045268,556.23388671875,1972.0,0
2,1014,0.6163679408758193,0.0363920666277408,0.3125,0.984043836593628,1.277240753173828,482.4489864376877,1.0612521000002744,0.7250415999878896,0.3273308000061661,169.66259765625,1972.0,0
2,1015,0.6197715354389842,0.0026450380682945,0.203125,0.940742254257202,1.0453912019729614,537.3054760046795,0.9529029999976046,0.6740693000028841,0.2712797999993199,120.89892578125,1972.0,0
2,1016,0.6089943151230187,0.0244745314121246,0.15625,0.9546071887016296,1.0155401229858398,522.4062808694764,0.980080100009218,0.6825838999939151,0.273694899995462,100.90087890625,1972.0,0
2,1017,0.6381640813995558,0.0133090429008007,0.09375,0.9845544695854188,1.52179753780365,492.9561192047829,1.0386319999961415,0.7359193000011146,0.2936886000097729,173.60546875,1972.0,0
2,1018,0.6599550634186827,0.0166361406445503,0.078125,0.9065130352973938,1.0409152507781982,282.1810078729706,1.814438200002769,0.8985539999994216,0.8790014999976847,1054.03515625,1972.0,0
2,1019,0.63352296163739,0.0020700376480817,0.109375,0.958024561405182,1.3955810070037842,545.578036739107,0.938454199989792,0.6791028000006918,0.2523244000039994,101.53857421875,1972.0,0
2,1020,0.6710590991303916,0.0110871493816375,0.09375,0.984877347946167,1.598366618156433,444.52204286759553,1.1517988999985391,0.7528085000085412,0.3851781999983359,331.77685546875,1972.0,0
2,1021,0.6425271956251365,0.0245234705507755,0.109375,0.9896413087844848,1.02039635181427,422.16804398544537,1.2127872000128264,0.8005733000027249,0.3958449000056134,327.26318359375,1972.0,0
2,1022,0.6242528481999754,0.038970448076725,0.203125,0.9885971546173096,1.0270318984985352,371.97278089171175,1.376444800000172,0.8140720999945188,0.5415396999887889,535.84228515625,1976.0,0
2,1023,0.6328692718088592,0.0336113981902599,0.265625,0.9884173274040222,1.3745037317276,464.3242114811121,1.102677799994126,0.7269133999943733,0.357146800000919,228.34765625,1976.0,0
2,1024,0.634251612826635,0.0431197024881839,0.375,0.9830192923545836,0.4343467652797699,437.06140738438313,1.1714600999985123,0.7774229999922682,0.3788065999979153,316.91064453125,1976.0,0
2,1025,0.6213542334293544,0.0268092267215251,0.234375,0.9884926676750184,1.2051129341125488,504.6764383378942,1.0145113999897148,0.7259254999953555,0.279354800004512,172.18359375,1976.0,0
2,1026,0.5958435014098563,0.024209352210164,0.125,0.9563759565353394,1.652848720550537,509.679835453033,1.0045522000000346,0.7216561999957776,0.274983199997223,100.59619140625,1976.0,0
2,1027,0.6239681144248123,0.0027896407991647,0.125,0.9674007892608644,0.8455972671508789,506.37608591115605,1.0111062000069069,0.7227698000060627,0.280596799988416,125.92919921875,1976.0,0
2,1028,0.6512372225087645,0.0121818110346794,0.140625,0.880874514579773,0.5304988622665405,267.1300677690338,1.916669300000649,0.9361300000018672,0.9444702000037069,1093.52685546875,2808.0,0
2,1029,0.6079093926682606,0.0216851793229579,0.140625,0.9893659949302672,1.1860501766204834,476.784328094628,1.0738608000101522,0.7503415999963181,0.3127533000078983,219.09375,2808.0,0
2,1030,0.6248556335185792,0.0027752295136451,0.09375,0.906712770462036,0.6311213970184326,273.8645399666902,1.8695373999944425,0.9602510999975492,0.87007750000339,1063.48681640625,2808.0,0
2,1031,0.6311073671914201,0.0461803078651428,0.125,0.98517107963562,0.3769593238830566,309.1807790294862,1.6559890999924392,0.8990778000006685,0.72419790001004,854.4345703125,2808.0,0
2,1032,0.6412219722254199,0.0103906877338886,0.25,0.962581217288971,0.8600608706474304,410.0338486148716,1.2486773999989964,0.8698708000010811,0.3638251000083983,314.9736328125,2808.0,0
2,1033,0.6414777422784602,0.0040456876158714,0.09375,0.9357506632804872,1.0954349040985107,382.06759760798417,1.340077000000747,0.8098376000125427,0.5087476000044262,539.6474609375,2808.0,0
2,1034,0.6218501400122253,0.0087516941130161,0.125,0.9568334817886353,0.6351090669631958,313.12933568504127,1.6351071000099182,0.8833885000058217,0.7199952000082703,851.65087890625,2808.0,0
2,1035,0.592728941545789,0.0272098630666732,0.109375,0.9090741276741028,0.9618811011314392,541.6460772390776,0.9452667000005022,0.6979924999905052,0.2411225999967428,84.2578125,2808.0,0
2,1036,0.6426293205099858,0.0426720529794693,0.265625,0.9813005328178406,1.2171372175216677,434.271189463525,1.1789868000050774,0.7779029000084847,0.3874402999936137,328.169921875,2808.0,0
2,1037,0.6394842394923578,0.0070922598242759,0.078125,0.9019429683685304,0.4703309535980224,308.6549066338921,1.658810499997344,0.8868652999954065,0.7408092999976361,878.14404296875,2808.0,0
2,1038,0.5921962144334537,0.0020187236368656,0.203125,0.936773419380188,1.275876522064209,535.4241646897273,0.9562512000120478,0.7041262999991886,0.2448399999993853,81.47265625,2808.0,0
2,1039,0.6463460438514582,0.0194131135940551,0.078125,0.8687885403633118,1.6885836124420166,286.27496609713177,1.7884903000085617,0.8832952999946428,0.8674542999942787,1016.576171875,2808.0,0
2,1040,0.6556760441874684,0.0223232693970203,0.078125,0.9389008283615112,0.8335449695587158,498.3397111767093,1.0274115999927744,0.7073563000012655,0.3089635000069393,231.06884765625,2808.0,0
2,1041,0.5889383604305386,0.0410062707960605,0.296875,0.9049836993217468,1.527565598487854,532.410100946554,0.96166469999298,0.6989612000033958,0.25607659999514,100.44189453125,2808.0,0
2,1042,0.6457611021205628,0.0399564951658248,0.28125,0.9192728996276855,0.7942206859588623,518.1961753056477,0.9880428000033136,0.7163918000005651,0.2648966999986442,105.7265625,2808.0,0
2,1043,0.5882712248628482,0.0159328207373619,0.234375,0.9697235226631165,1.1064651012420654,541.2519050830587,0.94595510000363,0.7017590000032214,0.2381123999948613,85.66845703125,2808.0,0
2,1044,0.6503979523402156,0.009146936237812,0.203125,0.9844149351119996,1.4370077848434448,515.0313198374806,0.9941143000032752,0.7069327000062913,0.2799915000068722,121.07470703125,2808.0,0
2,1045,0.6713106595490187,0.0310923308134078,0.09375,0.9183441400527954,1.330180287361145,307.69680110225016,1.6639756999938982,0.8955134999996517,0.7372900000045775,855.4228515625,2808.0,0
2,1046,0.6117788138083488,0.0002307631075382,0.125,0.9595887064933776,1.0583304166793823,557.3054195889812,0.9187062999990304,0.6696860999945784,0.242660000003525,80.07763671875,2808.0,0
2,1047,0.6744218884287622,0.0116153974086046,0.328125,0.9712050557136536,0.764775812625885,510.019797138415,1.0038825999945402,0.7076611999946181,0.2872704000037629,172.0439453125,2808.0,0
2,1048,0.5764187917338178,0.0429637767374515,0.234375,0.9713337421417236,0.812055230140686,508.3864905009247,1.0071078000037232,0.7270273999893107,0.2659151999978348,118.544921875,2808.0,0
2,1049,0.6054581736057926,0.0763114616274833,0.265625,0.9482372403144836,0.9603315591812134,560.4779212762511,0.9135060999979032,0.6657256000034977,0.2419490000029327,80.07763671875,2808.0,0
2,1050,0.6976906648797669,0.0201264359056949,0.171875,0.9570053815841676,1.163122057914734,446.942667732502,1.1455607999960191,0.7515130999963731,0.3796880000008968,327.35888671875,2808.0,0
2,1051,0.6788249965512068,0.0080367065966129,0.15625,0.9659061431884766,1.0149168968200684,481.2234956983173,1.063954700002796,0.7317751000082353,0.3215589000028558,218.53515625,2808.0,0
2,1052,0.6896224194366948,0.0001616440713405,0.296875,0.9614900946617126,1.2092090845108032,500.4935531155702,1.0229901999991853,0.7210550000017975,0.2920784000016283,178.85009765625,2808.0,0
2,1053,0.649491914382616,0.0019677765667438,0.15625,0.9657061100006104,1.0870320796966553,488.78332950678686,1.047498900006758,0.7586072000121931,0.269745800003875,123.47900390625,2808.0,0
2,1054,0.6751447236515852,0.0019938051700592,0.3125,0.992702305316925,0.8729698061943054,425.7365033644813,1.2026217999955406,0.7928842999972403,0.3959299999987706,331.49169921875,2808.0,0
2,1055,0.6517059937058928,0.0687953978776931,0.28125,0.9846287369728088,1.220007061958313,500.8953994384947,1.022169500007294,0.702684899995802,0.3127233999985037,100.14306640625,2808.0,0
2,1056,0.6719867308011334,0.0065567567944526,0.203125,0.9690235257148744,1.3082438707351685,361.4031080369251,1.416700600006152,0.844830500005628,0.5508788000006462,560.8232421875,2808.0,0
2,1057,0.662986349763164,0.0132987592369318,0.15625,0.9565810561180116,0.9854663610458374,507.80708766129953,1.0082568999932846,0.72872460000508,0.2638314000068931,84.2578125,2808.0,0
2,1058,0.6821697629420536,0.025690421462059,0.125,0.9705918431282043,1.2560811042785645,473.1884668087604,1.0820212999969954,0.7481804999988526,0.3229549000097904,218.06640625,2808.0,0
2,1059,0.6818870927509068,0.0251323580741882,0.234375,0.9651573300361632,0.8407674431800842,418.851456949162,1.2223903999984032,0.7973736000130884,0.4096604000078514,328.8642578125,2808.0,0
2,1060,0.6663697127508235,0.0328724309802055,0.296875,0.9791528582572936,0.8180947303771973,472.92971552825566,1.0826133000082336,0.7618343999929493,0.303163400007179,100.58056640625,2808.0,0
2,1061,0.6844816750051561,0.0158733315765857,0.390625,0.98207426071167,2.501187562942505,365.705064722026,1.4000353000010364,0.8466598000086378,0.5320555000071181,532.7705078125,2808.0,0
2,1062,0.7400247818886267,0.007574938237667,0.0625,0.868829607963562,0.7971835732460022,256.72781050612264,1.9943301000021163,1.0335231000062777,0.9228793000074802,1055.7919921875,2808.0,0
2,1063,0.6936422000185932,0.0052247941493988,0.125,0.9766643047332764,0.9668676853179932,345.0432149784004,1.483872099997825,0.9213393999962136,0.5410252000001492,540.955078125,2808.0,0
2,1064,0.6548342818979138,0.0156093537807464,0.140625,0.9589774012565612,0.6344526410102844,444.0022151574847,1.1531473999930313,0.799610300004133,0.3433692999969935,176.30908203125,2808.0,0
2,1065,0.6151607220904116,0.0089393872767686,0.171875,0.9202516078948976,1.000472068786621,439.2653458713414,1.1655824999907054,0.85848709999118,0.3010334999999031,80.07763671875,2808.0,0
2,1066,0.6810262341983078,0.0102983377873897,0.359375,0.9798550605773926,2.3438491821289062,366.33425410272696,1.397630700012087,0.8358910999959335,0.5399508999980753,514.14599609375,2808.0,0
2,1067,0.6721254679429881,0.0323682576417923,0.1875,0.9855597019195556,1.0380982160568235,417.8721298227367,1.2252551999990828,0.8173750999994809,0.3934260999958496,322.99609375,2808.0,0
2,1068,0.6566497421556123,0.0081119500100612,0.125,0.9899526834487916,0.8952909111976624,371.3870639505809,1.3786155999987386,0.8174023999890778,0.5398274000035599,525.69189453125,2808.0,0
2,1069,0.6806142915647798,0.013462372124195,0.109375,0.9251967668533324,1.9260889291763303,264.2961231578452,1.937221000000136,1.00645300000906,0.8947489000129281,1043.1875,2808.0,0
2,1070,0.6446854547779598,0.0112026929855346,0.25,0.9276344776153564,1.8152514696121216,444.11733198742365,1.152848499987158,0.8003610000014305,0.3428139000025112,176.48291015625,2808.0,0
2,1071,0.5852002978160218,0.028539951890707,0.09375,0.908655881881714,0.4915118515491485,460.41977153654034,1.1120287000085227,0.8184344000037527,0.2872519000084139,99.28369140625,2808.0,0
2,1072,0.692937790099649,0.0073707066476345,0.125,0.8818475604057312,0.8247438669204712,370.1099761550635,1.3833726000011666,0.9131367000081808,0.4548993000062182,342.80126953125,2808.0,0
2,1073,0.6396490623966574,0.0180680155754089,0.171875,0.9558092951774596,1.119571089744568,447.1343925255292,1.1450696000101743,0.7846795999939786,0.3513567000045441,169.67431640625,2808.0,0
2,1074,0.6933187112318057,0.0154846236109733,0.171875,0.9691295027732848,0.4876656532287597,365.8791142568656,1.3993692999938503,0.8538113999966299,0.5246026999957394,518.64892578125,2808.0,0
2,1075,0.5849833496048481,0.0210066232830286,0.25,0.9065591096878052,0.5928243398666382,452.75901795058513,1.1308444000023885,0.7884657999966294,0.3183333000051789,124.80224609375,2808.0,0
2,1076,0.682323466339323,0.0278008952736854,0.203125,0.9712793231010436,1.2298142910003662,488.0889610753336,1.0489891000033822,0.7197065000073053,0.3183451999939279,223.99365234375,2808.0,0
2,1077,0.6635329390038804,0.0053767338395118,0.0625,0.9691545963287354,1.157315731048584,379.5455771989164,1.3489815999928396,0.8207607999938773,0.5064125999924727,550.78369140625,2808.0,0
2,1078,0.6581957927729108,0.0232437588274478,0.171875,0.9770961999893188,1.3927500247955322,379.0486766617349,1.350749999997788,0.8185013000038452,0.5110125000064727,537.80908203125,2808.0,0
2,1079,0.5997769408136605,0.0323657244443893,0.234375,0.94625985622406,0.918979823589325,490.6703630466785,1.0434704000072088,0.7774178000108805,0.2587638000113657,122.45068359375,2808.0,0
2,1080,0.6885549649959468,0.0190908536314964,0.0625,0.9827621579170228,1.3530839681625366,364.3835828935793,1.4051127000129782,0.8439358000032371,0.5401842999999644,538.8369140625,2810.0,0
2,1081,0.6456779474246039,0.0165382884442806,0.265625,0.9627511501312256,1.0113043785095217,430.0986387528326,1.190424600004917,0.8151306999934604,0.3643887999933213,218.8427734375,2810.0,0
2,1082,0.6412508846179547,0.0283985882997512,0.296875,0.9826172590255736,1.029149889945984,485.6566708958173,1.0542427000036696,0.7234991999866907,0.3218754999979865,178.89111328125,2810.0,0
2,1083,0.6332732320731367,0.0039691813290119,0.15625,0.9645181894302368,1.0708078145980835,533.1484529948694,0.9603329000092344,0.685328000006848,0.2682205999881262,99.09814453125,2810.0,0
2,1084,0.6468230369810344,0.0210106037557125,0.25,0.9547516107559204,0.8623338937759399,498.2065537112494,1.0276862000027904,0.7309033000055933,0.2901733000035165,99.06494140625,2810.0,0
2,1085,0.6998914394082565,0.0537760183215141,0.09375,0.879015326499939,0.4335707128047943,260.6903273350465,1.964016099998844,0.9698971000034362,0.9552083000016864,1103.37451171875,3650.0,0
2,1086,0.6884233171381103,0.0101603493094444,0.09375,0.9893115758895874,0.9514230489730836,419.26510034112255,1.2211843999975829,0.808099800007767,0.3990558000077726,319.82421875,3650.0,0
2,1087,0.6899864197611336,0.0452602580189704,0.03125,0.9395501613616944,0.7086276412010193,262.1935088465845,1.9527562000002945,1.0003140000044368,0.9144902999978513,1072.13720703125,3650.0,0
2,1088,0.6772591473395914,0.0340484529733657,0.328125,0.9567158818244934,0.854162871837616,394.8254728751215,1.2967754999990575,0.9017781000002288,0.3803106999985175,339.01416015625,3650.0,0
2,1089,0.6158784088897877,0.0162509158253669,0.25,0.9018848538398744,0.8238359093666077,459.7463349601041,1.1136575999989873,0.822906299988972,0.2830444999999599,128.58349609375,3650.0,0
2,1090,0.6656271016655452,0.0032465234398841,0.046875,0.9630943536758424,1.0195105075836182,449.9069474667055,1.1380131000041729,0.7503837999975076,0.376584500001627,224.09033203125,3650.0,0
2,1091,0.6651078269717271,0.0572314634919166,0.296875,0.9865428805351256,1.0161043405532837,461.6548740306054,1.1090535999974236,0.7719648999918718,0.3260929999960353,231.06884765625,3650.0,0
2,1092,0.6941022653264038,0.0138737112283706,0.171875,0.9678180813789368,0.8260307312011719,368.6694876586525,1.38877780000621,0.8272116000007372,0.5399957000045106,561.70068359375,3650.0,0
2,1093,0.633668165320887,0.0178171023726463,0.21875,0.9308177828788756,0.6623560786247253,517.2537985561462,0.9898429000022588,0.7241493000037735,0.2588301999930991,102.50341796875,3650.0,0
2,1094,0.6566475370452646,0.0005712658166885,0.140625,0.9005482196807861,1.4752044677734375,506.20061145563005,1.0114566999982344,0.7280403000040678,0.2757457999978214,123.15673828125,3650.0,0
2,1095,0.6900679165448307,0.0086960867047309,0.21875,0.9514958262443542,0.8474872708320618,287.6315134707335,1.7800552999979118,0.959679399995366,0.7802656999992905,858.5341796875,3650.0,0
2,1096,0.6812967884365767,0.0290474221110343,0.28125,0.9709296822547911,1.1195815801620483,394.4146874454163,1.29812610000954,0.8638778000022285,0.4194612999999663,331.56982421875,3650.0,0
2,1097,0.6529944601250958,0.009293645620346,0.203125,0.9655365943908693,0.7009545564651489,444.53566687096,1.151763599991682,0.81334799999604,0.3291509999980917,170.35888671875,3650.0,0
2,1098,0.6384895918232467,0.0204767137765884,0.21875,0.94919353723526,0.6689649820327759,481.5705218643933,1.063188000000082,0.766428500006441,0.2879147000057855,125.99560546875,3650.0,0
2,1099,0.6768753120096018,0.0070157200098037,0.171875,0.9617767930030824,0.92364239692688,468.8139812060549,1.0921175999974366,0.727344400002039,0.3540192999935243,223.98583984375,3650.0,0
2,1100,0.6442180955015665,0.0016475021839141,0.21875,0.9523555040359496,1.248247504234314,506.1556735167132,1.011546499998076,0.7146332999982405,0.2891682000044966,122.10986328125,3650.0,0
2,1101,0.6302327600029415,0.003722459077835,0.234375,0.9539849758148192,0.961444079875946,508.4100656865169,1.0070610999973724,0.7623063999926671,0.2382138999964809,81.47265625,3650.0,0
2,1102,0.7156028584770393,0.0089020654559135,0.125,0.8735998272895813,1.3868041038513184,302.7871199565314,1.690956999998889,0.88916920000338,0.7703641999978572,850.45166015625,3650.0,0
2,1103,0.6839573869732117,0.0069487765431404,0.078125,0.9830898642539978,1.00224769115448,408.6330108392733,1.2529580000118583,0.8485243000031915,0.3898144999984652,336.705078125,3650.0,0
2,1104,0.6162498943522831,0.0263869483023881,0.15625,0.9216358661651612,1.19024395942688,526.1203331792177,0.9731613999902038,0.7190005000011297,0.2478101000015158,81.47265625,3650.0,0
2,1105,0.6836802816243832,0.02761722356081,0.3125,0.9779967665672302,1.4796103239059448,429.0304816144276,1.19338839998818,0.7781112000084249,0.4011018000019248,329.4375,3650.0,0
2,1106,0.6450793852859142,0.0222970321774482,0.34375,0.9837594032287598,0.9494364857673644,366.29790293245736,1.3977693999913754,0.8281140999897616,0.5478100000036648,540.83203125,3650.0,0
2,1107,0.7020151085777964,0.0285809598863124,0.234375,0.9432360529899596,0.5315922498703003,500.7300193796887,1.022507100002258,0.738331400003517,0.2735567000054288,176.28173828125,3650.0,0
2,1108,0.6701926073932026,0.024679996073246,0.015625,0.9632434844970704,1.027036190032959,381.1485987475827,1.3433080999966478,0.8105587000027299,0.5109085000003688,518.84814453125,3650.0,0
2,1109,0.7254449957081822,0.0197759121656417,0.109375,0.8865020871162415,1.1738532781600952,274.4569116871167,1.865502299988293,0.9589727999991736,0.8694971000077203,1053.630859375,3650.0,0
2,1110,0.6886355786929014,0.0207899138331413,0.078125,0.9211323261260986,1.3946294784545898,500.65138460773306,1.0226677000027848,0.7397583000129089,0.2738750000135042,175.63720703125,3650.0,0
2,1111,0.6928444953354225,0.0015062093734741,0.234375,0.9534243941307068,0.802067756652832,507.4650386807313,1.0089365000021644,0.7204239999991842,0.2792894000012893,172.48681640625,3650.0,0
2,1112,0.6326014653492363,0.0212974902242422,0.203125,0.9295971393585204,1.0228890180587769,519.5776239789984,0.9854158000089228,0.7436907000083011,0.2354644000006374,81.47265625,3650.0,0
2,1113,0.6642260944799996,0.0383100621402263,0.265625,0.9569746255874634,0.9721781015396118,494.3248227724704,1.035756199999014,0.7365928000072017,0.2901845000014873,178.89111328125,3650.0,0
2,1114,0.6813626181487717,0.0220034718513488,0.3125,0.9112029671669006,0.5195639729499817,344.47230274583126,1.4863313999958336,0.8643832999950973,0.5381068999995477,540.2177734375,3650.0,0
2,1115,0.6871697468464535,0.0361339561641216,0.171875,0.9881999492645264,0.8452261686325073,433.8919070142992,1.180017400009092,0.7910810000030324,0.3745521000091685,341.63330078125,3650.0,0
2,1116,0.6861329807654573,0.021576564759016,0.3125,0.9754870533943176,0.9367635846138,492.8701329586738,1.0388131999934558,0.7397406999953091,0.2895948000077624,183.794921875,3650.0,0
2,1117,0.6527731644758867,0.0145761910825967,0.34375,0.925240159034729,0.8835331201553345,515.5364771219078,0.993140200007474,0.7190880000125617,0.2671197000017855,100.27197265625,3650.0,0
2,1118,0.6577442957154678,0.0015143118798732,0.078125,0.9871132969856262,1.0923954248428345,477.7082840782309,1.0717837999982294,0.7445508999953745,0.3164270999986911,224.43798828125,3650.0,0
2,1119,0.6885170814581041,0.0092035382986068,0.0625,0.8791007399559021,0.6264615654945374,312.80136532973694,1.6368214999965858,0.8799391999928048,0.7262072000012267,850.1826171875,3650.0,0
2,1120,0.6673414632640378,0.0121315643191337,0.265625,0.9412062168121338,1.0157440900802612,511.9903233762596,1.000018900012947,0.7266532999929041,0.2663987999985693,105.794921875,3650.0,0
2,1121,0.6029343217917839,0.030322428792715,0.296875,0.9642885327339172,0.6582111716270447,499.88981921084167,1.024225699991803,0.7401665000070352,0.2771319000021321,101.79833984375,3650.0,0
2,1122,0.6505810253648106,0.0238920282572507,0.15625,0.9594563245773317,1.10956609249115,474.40567485481694,1.0792451000015717,0.7840141000051517,0.2885378999926615,104.32421875,3650.0,0
2,1123,0.6366042566580139,0.0060328990221023,0.03125,0.969140887260437,1.1789056062698364,368.9121745470479,1.3878642000054242,0.8356903999956558,0.5310230000031879,534.70361328125,3650.0,0
2,1124,0.6037334468898208,0.0225908569991588,0.265625,0.9843620657920836,2.595120906829834,500.8853539932273,1.0221900000033202,0.7281030000012834,0.284915500000352,177.00048828125,3650.0,0
2,1125,0.6823034081132051,0.0279030688107013,0.140625,0.991060435771942,0.858986496925354,495.4616391217571,1.033379700005753,0.7391892999876291,0.2779256000067107,174.76953125,3650.0,0
2,1126,0.6478189573702974,0.0224333573132753,0.125,0.9783472418785096,0.7173923254013062,491.2846864278144,1.042165599996224,0.7310831000067992,0.3034866999951191,122.29736328125,3650.0,0
2,1127,0.6498116181882768,0.0003619939088821,0.203125,0.9746387600898744,1.023912787437439,445.3824151678027,1.1495739000092726,0.7528242000116734,0.3827177000057418,323.708984375,3650.0,0
2,1128,0.7170458953022127,0.0290059223771095,0.046875,0.8614853620529175,0.9831280708312988,275.7005702244262,1.8570872000127563,0.9421041000023253,0.8781684999994468,1083.67529296875,3650.0,0
2,1129,0.729420864168303,0.0074899122118949,0.296875,0.876185417175293,0.768592357635498,276.7330325078244,1.8501586000056705,0.9425245999882464,0.8702625000005355,1064.5888671875,3650.0,0
2,1130,0.626646885864661,0.041350819170475,0.203125,0.9113121032714844,0.778822124004364,521.2490430177629,0.9822560000029624,0.7021281000052113,0.2731768000085139,100.58642578125,3650.0,0
2,1131,0.6914934586586913,0.0074315629899501,0.078125,0.9345359802246094,1.3606648445129397,483.7404626635853,1.058418799992069,0.727820599990082,0.3198974999977508,219.2890625,3650.0,0
2,1132,0.6685443267799828,0.0594673566520214,0.234375,0.9458892345428468,1.2221444845199585,520.474575223573,0.9837176000000908,0.7040230999991763,0.2724563000083435,124.89208984375,3650.0,0
2,1133,0.7249092178188307,0.0101577714085578,0.203125,0.9452371001243592,0.4482230246067047,278.9454380545915,1.835484399998677,0.9363378999987616,0.8623173000087263,1027.17626953125,3650.0,0
2,1134,0.6606429714678032,0.03113554418087,0.1875,0.9353929162025452,0.6792569756507874,522.766747093015,0.9794043000001692,0.684260499998345,0.2862688000022899,172.45751953125,3650.0,0
2,1135,0.719073758485757,0.024691104888916,0.125,0.9666212797164916,1.4999467134475708,314.20037171611074,1.6295333999878494,0.8804552999936277,0.7186225000041304,846.31787109375,3650.0,0
2,1136,0.6741195334245633,0.0528804585337638,0.25,0.946686327457428,0.6284879446029663,379.50987633722286,1.3491084999986924,0.8136060999968322,0.5012484999897424,534.79150390625,3650.0,0
2,1137,0.690389118878118,0.0005497708916664,0.09375,0.9580754041671752,1.4407347440719604,314.86453968007385,1.6260960999934468,0.8819940999965183,0.7111480000021402,839.41259765625,3650.0,0
2,1138,0.6787998984063032,0.0069144815206527,0.15625,0.956441044807434,0.5324084162712097,441.37200488111023,1.1600191999896197,0.770272699999623,0.3753455999976722,338.369140625,3650.0,0
2,1139,0.7187743363687693,0.0071372836828231,0.125,0.9568633437156676,0.7686550617218018,283.9417256197167,1.8031868999969447,0.9183683000010204,0.8474467000050936,1034.88720703125,3650.0,0
2,1140,0.6581306083707864,0.0196831002831459,0.15625,0.9132186770439148,1.0555402040481567,501.0273997431614,1.0219001999939792,0.7189536000078078,0.293952400010312,176.99853515625,3650.0,0
2,1141,0.7408487460223456,0.0021046251058578,0.109375,0.944810688495636,0.9622603058815002,279.32896889053904,1.832964200002607,0.9187432999897284,0.8762415999954101,1080.736328125,3650.0,0
2,1142,0.6829628672236109,0.013466790318489,0.25,0.8839207887649536,0.6931600570678711,500.9574451308586,1.0220429000037257,0.7241133000061382,0.2891471999901114,170.23388671875,3650.0,0
2,1143,0.659597805475607,0.0153590589761734,0.15625,0.8937078714370728,0.659023642539978,501.5075100211473,1.0209219000098528,0.7536996999988332,0.2602869999973336,102.77880859375,3650.0,0
2,1144,0.6712765074136338,0.0012944191694259,0.125,0.9543811678886414,1.3013163805007937,508.6397225378307,1.006606399998418,0.7072373000119114,0.2752001000044402,127.09814453125,3650.0,0
2,1145,0.6395027112346592,0.0155864991247653,0.203125,0.9222798943519592,0.8878493309020996,532.1616906743849,0.9621136000059778,0.7121977999922819,0.2435106000048108,82.86328125,3650.0,0
2,1146,0.7465211098339695,0.0079879909753799,0.046875,0.8592777252197266,1.2350844144821167,269.9546296948088,1.896615000005113,0.9613896000082603,0.8993865999946138,1067.833984375,3650.0,0
2,1147,0.7069125107711792,0.001017477363348,0.125,0.9808183908462524,0.5457591414451599,437.64233526171023,1.169905100003234,0.7629318999970565,0.3924819999956526,337.82666015625,3650.0,0
2,1148,0.6768442044063643,0.0167509168386459,0.140625,0.948686957359314,0.9954948425292968,380.0534019553932,1.3471791000047233,0.817386800001259,0.5093930000002729,532.61767578125,3650.0,0
2,1149,0.6508229371189889,0.0156872682273387,0.125,0.9175867438316344,0.8426077365875244,493.1175905365636,1.0382918999966932,0.760533900000155,0.27106339999591,84.2578125,3650.0,0
2,1150,0.6952009369958722,0.0230110771954059,0.09375,0.9766757488250732,0.8136089444160461,457.11714430559465,1.1200629999948433,0.7649436999927275,0.3435988999990513,231.77978515625,3650.0,0
2,1151,0.6693056035944803,0.0232936851680278,0.203125,0.973212718963623,0.5611451864242554,477.8557715499962,1.0714530000113882,0.7493709999980638,0.3150629000010667,105.263671875,3650.0,0
2,1152,0.6173177131478912,0.0279603712260723,0.1875,0.965742528438568,1.505645990371704,452.56908086638055,1.131319000007352,0.8146310000010999,0.3096447999996599,84.2578125,3650.0,0
2,1153,0.7087852576518134,0.0439694076776504,0.1875,0.8541258573532104,0.7461378574371338,285.85384683561034,1.7911251000041375,0.9896116999880178,0.7709504999947967,832.33056640625,3650.0,0
2,1154,0.6886721135854461,0.0107191056013107,0.25,0.8547559976577759,0.3109148442745209,276.1717205550578,1.853919000001042,0.9453164999868022,0.8692714000062551,984.0908203125,3650.0,0
2,1155,0.6127082294699936,0.0019196607172489,0.203125,0.976378619670868,0.7150735259056091,411.8040742373042,1.2433097000030102,0.8082247999991523,0.4200067000056151,318.71875,3650.0,0
2,1156,0.6193466684097141,0.0103121921420097,0.09375,0.926200270652771,0.9920849800109864,485.3826355642544,1.0548379000101704,0.7461074000020744,0.3019808999961242,103.12451171875,3650.0,0
2,1157,0.6632589485566581,0.0188974514603614,0.078125,0.9631969332695008,1.0486377477645874,288.9107477942801,1.7721736000094097,0.9577760000101988,0.7826845000090543,868.51123046875,3650.0,0
2,1158,0.6351847874445302,0.0394941046833992,0.203125,0.9621859788894652,0.999153971672058,393.7259765642052,1.300396799997543,0.87022139999317,0.4041537000011885,333.818359375,3650.0,0
2,1159,0.7020890691567113,0.0002956911921501,0.125,0.9610552787780762,0.4763852953910827,272.7583261074904,1.8771196000016064,0.9454745999973966,0.8942830999876605,1052.56201171875,3650.0,0
2,1160,0.6094190911344601,0.0066594965755939,0.1875,0.934707760810852,1.4254205226898191,423.025195281421,1.2103298000001814,0.8502204000105849,0.3505482000036863,179.12646484375,3650.0,0
2,1161,0.631696828850684,0.0199727192521095,0.140625,0.9350314140319824,0.904106080532074,445.160449478829,1.1501470999937735,0.7766117999999551,0.3625523999944562,235.92626953125,3650.0,0
2,1162,0.5814692488973284,0.0407305732369422,0.203125,0.9896128177642822,1.4481867551803589,403.60717607306174,1.2685601999983191,0.86494520000997,0.3892794999992475,316.50537109375,3650.0,0
2,1163,0.711014603105792,0.0254541710019111,0.046875,0.9542715549468994,0.6815497875213623,261.5649245531031,1.9574489999940847,1.0411805000039749,0.8796590999991167,1043.8974609375,3650.0,0
2,1164,0.5783632947326014,0.0208846814930439,0.046875,0.9506000876426696,1.0989162921905518,454.3145462725009,1.1269725000020117,0.7631763999961549,0.3346615000045858,218.49609375,3650.0,0
2,1165,0.705121014303774,0.0083478167653083,0.09375,0.9479635953903198,0.3056160509586334,262.0003718168176,1.9541956999892136,0.9468233999941732,0.9119834000011906,1091.7841796875,3650.0,0
2,1166,0.595646951990411,0.0007432773709297,0.171875,0.8920910358428955,0.7385457158088684,536.1646737662332,0.954930499996408,0.7031682999950135,0.2455768999934662,92.96533203125,3650.0,0
2,1167,0.6388303133479122,0.0139935053884983,0.09375,0.9485914707183838,0.7628833055496216,520.790686386578,0.9831205000082264,0.7119422999967355,0.2646965000021737,105.361328125,3650.0,0
2,1168,0.6470115326333823,0.0229872614145278,0.296875,0.9845374226570128,0.6094158887863159,476.1685100874356,1.0752495999913665,0.737167600003886,0.3271853999904124,238.75390625,3650.0,0
2,1169,0.6519142773970265,0.0273894034326076,0.375,0.949934720993042,0.8497005105018616,519.9416406081726,0.9847259000089252,0.7085975000081817,0.2689462999987881,130.552734375,3650.0,0
2,1170,0.6620055536633329,0.0392429456114769,0.296875,0.7915606498718262,0.4645332992076874,275.06529846001894,1.8613762000022689,0.9631318999890937,0.860574500009534,1039.68798828125,3650.0,0
2,1171,0.6737388253096568,0.0072262585163116,0.21875,0.9782804250717164,1.2581191062927246,431.9344674434119,1.185364999997546,0.7531915999861667,0.3686699000099906,328.74951171875,3650.0,0
2,1172,0.6880854134707894,0.007826343178749,0.34375,0.8955801129341125,0.4173280596733093,274.7555266102281,1.8634748000040415,0.9178809000004547,0.906941299996106,1100.5751953125,3650.0,0
2,1173,0.6576946196392538,0.0106956958770751,0.21875,0.977174997329712,1.6688050031661987,378.34542893077327,1.353260700008832,0.8216394999908516,0.5102227000024868,542.0947265625,3650.0,0
2,1174,0.635100509708311,0.0169515907764434,0.140625,0.9244126081466676,1.8559099435806277,520.354711174878,0.9839441999938572,0.7130165000125999,0.2635179000062635,126.67138671875,3650.0,0
2,1175,0.654128236451097,0.0431869141757488,0.28125,0.9456638097763062,0.951013684272766,520.6779308017411,0.9833333999995376,0.7012278999900445,0.2747595999971963,122.55908203125,3650.0,0
2,1176,0.6016697647141138,0.0124589167535305,0.1875,0.9877996444702148,0.7809411287307739,467.0986051511905,1.096128300006967,0.7583267000009073,0.3291304000013042,168.84130859375,3650.0,0
2,1177,0.621126137156815,0.0047976225614547,0.09375,0.9401497840881348,1.2693194150924685,515.8885616232529,0.9924623999977484,0.7488536999881035,0.2374213000002782,82.86328125,3650.0,0
2,1178,0.6732936361462771,0.0006239712238311,0.140625,0.9712840914726256,1.391507863998413,445.5523304244409,1.149135500003467,0.7970950000017183,0.3407824000023538,224.92529296875,3650.0,0
2,1179,0.5878720665038377,0.0190819390118122,0.15625,0.9507142901420592,0.8024088144302368,470.1696632938285,1.0889686000009533,0.7765289999952074,0.3062739000015426,82.86328125,3650.0,0
2,1180,0.6027636644497693,0.0525999180972576,0.265625,0.9763476252555848,0.941501796245575,476.6659007718338,1.0741276000044309,0.792473900000914,0.2741008999873884,124.77880859375,3650.0,0
2,1181,0.6488675843995697,0.0379824116826057,0.296875,0.9763861894607544,0.9572890996932985,466.6511663170057,1.0971792999916945,0.7546453999966616,0.3321160999912536,225.18896484375,3650.0,0
2,1182,0.6749658951826806,0.032308954745531,0.296875,0.9816370606422424,0.6381729245185852,474.0962863653279,1.0799493999948029,0.7366126999986591,0.3325354999979026,235.98583984375,3650.0,0
2,1183,0.6734720622091592,0.0135764703154563,0.09375,0.9431670308113098,1.1642742156982422,372.3218280079147,1.3751543999969726,0.8290420999983326,0.5253786000102991,543.95751953125,3650.0,0
2,1184,0.6411248102408039,0.0058247596025466,0.078125,0.9507219195365906,0.6560849547386169,487.0681040076626,1.0511877000099048,0.7461867000092752,0.2919760999939171,169.14453125,3650.0,0
2,1185,0.6587711655542274,0.0057716965675354,0.140625,0.9881576895713806,0.6732946038246155,421.380934453587,1.2150526000041282,0.7968182999902638,0.403511399999843,327.3583984375,3650.0,0
2,1186,0.6981965081077369,0.0076943933963775,0.15625,0.9889739155769348,0.5604212880134583,488.8911890503764,1.0472678000078304,0.7495484999963082,0.2886653000023216,180.6318359375,3650.0,0
2,1187,0.7089001815066446,0.0191764235496521,0.015625,0.8971606492996216,0.9548662304878236,310.5493241492298,1.6486913999979151,0.8830165000108536,0.7353962000051979,832.0771484375,3650.0,0
2,1188,0.5729155963371245,0.0215299874544143,0.1875,0.8660756945610046,1.4013386964797974,499.2205042342819,1.0255988999997498,0.6998451000108616,0.3188750000117579,99.14111328125,3650.0,0
2,1189,0.6958325084279393,0.0177422389388084,0.21875,0.970336377620697,0.8544691801071167,411.281086767753,1.2448906999925384,0.8082608999975491,0.4223074000037741,332.95849609375,3650.0,0
2,1190,0.6432997538405318,0.0078966990113258,0.03125,0.980329155921936,0.5452189445495605,378.9627980658202,1.351056100000278,0.8133200000011129,0.5166666000004625,511.29736328125,3650.0,0
2,1191,0.6867094354684992,0.0207875594496727,0.21875,0.9763691425323486,0.8857121467590332,419.2159760552765,1.221327500010375,0.8328149000008125,0.3739960999955656,319.115234375,3650.0,0
2,1192,0.6811161081098839,0.0273530259728431,0.296875,0.9187328815460204,1.0760418176651,495.3473628209299,1.0336181000020588,0.755706600000849,0.2711408000031952,101.80810546875,3650.0,0
2,1193,0.708756652139341,0.0213759541511535,0.078125,0.9302279949188232,0.5290747284889221,306.4873922928989,1.6705418000055945,0.8975443999952404,0.7417921000014758,845.7158203125,3650.0,0
2,1194,0.6622419647646945,0.0091213434934616,0.3125,0.9654117822647096,1.247420072555542,509.931767748336,1.0040558999899076,0.7395655000000261,0.2575383999937912,103.60205078125,3650.0,0
2,1195,0.6740574151546753,0.0047224089503288,0.0625,0.9943999648094176,1.0105822086334229,435.244723574535,1.176349699991988,0.7700887999963015,0.3918407000019215,330.3544921875,3650.0,0
2,1196,0.6027078047335734,0.0435071513056755,0.21875,0.9633603692054749,0.873425304889679,519.6612093129901,0.9852572999952828,0.7224701000086498,0.2559336999984225,100.74560546875,3650.0,0
2,1197,0.7052418476077655,0.0172762498259544,0.078125,0.9465160965919496,0.758345365524292,306.9968049550135,1.6677697999984955,0.902354000005289,0.7346380999952089,850.86767578125,3650.0,0
2,1198,0.6909701169253419,0.0187101811170578,0.234375,0.9731127619743348,1.2114083766937256,494.79441484949655,1.0347732000082033,0.7224392000061926,0.3006351000076392,220.89794921875,3650.0,0
2,1199,0.6449248730471129,0.0329446420073509,0.140625,0.9761350154876708,1.3918533325195312,470.276849775838,1.088720400002785,0.7920278999954462,0.2871173000021372,179.43017578125,3650.0,0
2,1200,0.7007354616193244,0.0160642266273498,0.078125,0.9821662902832032,1.2463068962097168,441.216516668984,1.1604279999883147,0.7736474000121234,0.3725088000064716,320.875,3650.0,0
2,1201,0.6365090241764122,0.0343278646469116,0.1875,0.9674803614616394,0.8111122250556946,558.7418878750242,0.9163444000005256,0.6505729000054998,0.2590838000032818,100.09814453125,3650.0,0
2,1202,0.6000287143540171,0.0090115964412689,0.1875,0.9800394177436828,0.6506054401397705,511.4680221158027,1.0010400999890408,0.7264002000010805,0.2681193000025814,102.14013671875,3650.0,0
2,1203,0.650169836417658,0.0112531930208206,0.359375,0.9892572164535522,0.8417024612426758,454.0583817990047,1.1276082999975188,0.7901965000055498,0.3277532000065548,180.67822265625,3650.0,0
2,1204,0.578457712856277,0.0116161108016967,0.171875,0.9715878367424012,0.7668555974960327,531.5350285221419,0.96324789999926,0.7140608999907272,0.2428763000061735,80.07763671875,3650.0,0
2,1205,0.6821621163456268,0.0389028191566467,0.203125,0.8193280696868896,0.6692880392074585,276.52196718517024,1.8515708000049929,0.9588573000073666,0.8557766000012634,997.39892578125,3650.0,0
2,1206,0.606806015943969,0.0481567233800888,0.25,0.974311351776123,0.7521648406982422,529.8195260850536,0.9663667999993776,0.7196129999938421,0.2409610000031534,86.80712890625,3650.0,0
2,1207,0.7136642508363443,0.0360956192016601,0.09375,0.8591496348381042,0.8061644434928894,275.4718369866369,1.8586291999963576,0.9255196000012802,0.8950577000068733,1043.7841796875,3650.0,0
2,1208,0.6326796351108631,0.0043439865112304,0.1875,0.9476812481880188,1.9601597785949707,523.6190009072733,0.9778101999982028,0.6840578999981517,0.286846399991191,104.794921875,3650.0,0
2,1209,0.5926834360605862,0.0316187627613544,0.1875,0.9764559268951416,1.621385931968689,521.303335722785,0.9821536999952514,0.7024834000039846,0.2631212999986019,99.69775390625,3650.0,0
2,1210,0.6498870815401292,0.0028654262423515,0.375,0.9733372926712036,1.080603003501892,471.98527700855226,1.0847796000016388,0.7459738000034122,0.3277090999908978,226.14990234375,3650.0,0
2,1211,0.6878566739505491,0.0308403745293617,0.140625,0.9044666290283204,0.7932550311088562,438.0243834182841,1.168884699989576,0.7561777999944752,0.3806365999917034,327.84912109375,3650.0,0
2,1212,0.6042880132472547,2.442300319671631e-05,0.21875,0.9510464072227478,0.6552721261978149,477.95158910900864,1.0712381999910576,0.7446919999929378,0.3175591000035638,170.04931640625,3650.0,0
2,1213,0.6148224690162056,0.0121234916150569,0.265625,0.9581655859947203,1.2335379123687744,511.2033407104549,1.0015584000066156,0.7308075000037206,0.2644776999950409,81.47265625,3650.0,0
2,1214,0.647741173936085,0.0383588150143623,0.125,0.9641932845115662,0.7407820224761963,423.96280852817154,1.2076530999911483,0.7733588000119198,0.4199989000044297,339.74609375,3650.0,0
2,1215,0.7153111669728293,0.0051783546805381,0.125,0.901419758796692,1.6059386730194092,273.5377643453471,1.8717708000040147,0.940210400003707,0.8940586000098847,1063.3818359375,3650.0,0
2,1216,0.6396637018580074,0.00857525318861,0.1875,0.9747937917709352,0.9036042094230652,418.6272786344315,1.2230450000060955,0.8248699999967357,0.3836468000081368,319.8212890625,3650.0,0
2,1217,0.5577082617983387,0.0084037631750106,0.109375,0.871088981628418,0.8286254405975342,506.6157887195761,1.010627800002112,0.7308710000070278,0.2737761000025784,80.07763671875,3650.0,0
2,1218,0.6001897396577877,0.0125211998820304,0.296875,0.9623305201530457,1.0890648365020752,499.4732118436106,1.0250800000067102,0.7320482999930391,0.2750042999978177,102.79052734375,3650.0,0
2,1219,0.6301917582339353,0.0136005878448486,0.109375,0.990131974220276,0.6709276437759399,462.2713032359953,1.1075746999995315,0.7320810999954119,0.3641974999918602,238.380859375,3650.0,0
2,1220,0.6841614963078155,0.0058473646640777,0.34375,0.9400864243507384,0.7158682942390442,312.8694892416295,1.6364651000039885,0.8849939999927301,0.7199835000064922,837.0419921875,3650.0,0
2,1221,0.6567478958096161,0.0129488036036491,0.109375,0.9728798866271972,1.2116997241973877,397.8035340022872,1.2870675000012852,0.8943542000051821,0.3740104000025894,320.7080078125,3650.0,0
2,1222,0.6905448783419649,0.0243144631385803,0.09375,0.9634376168251038,1.164131999015808,297.32813504824185,1.7220031999895582,0.9222808999911648,0.7692993999953615,869.5888671875,3650.0,0
2,1223,0.5991057028404234,0.0230279266834259,0.21875,0.932084858417511,0.8537667393684387,502.5547843648798,1.018794399991748,0.7431894000037573,0.268853699992178,103.76708984375,3650.0,0
2,1224,0.7166592754909903,0.0456455796957016,0.25,0.8921598792076111,2.127476930618286,278.4862466693847,1.8385108999937076,0.9334954000078142,0.8668025999941165,1016.31103515625,3650.0,0
2,1225,0.640048023114092,0.014486938714981,0.296875,0.8506786823272705,0.8283442258834839,494.4187176110647,1.0355595000000903,0.7394383999926504,0.2872418000042671,177.78955078125,3650.0,0
2,1226,0.6794028947876808,0.0902189463376998,0.390625,0.959660828113556,0.7345948219299316,354.5298318151045,1.4441662000026554,0.8236136000050465,0.5396921999927144,556.82568359375,3650.0,0
2,1227,0.6796668395002842,0.0068485736846923,0.25,0.917139768600464,2.2605581283569336,377.2707628803366,1.357115499995416,0.8156314999941969,0.5204458000080194,534.26416015625,3650.0,0
2,1228,0.6837819921341123,0.0341454744338989,0.21875,0.9346998929977416,0.9321009516716005,388.7671502685277,1.3169837000023108,0.7970935000048485,0.4984069000056479,525.5625,3650.0,0
2,1229,0.625865260696013,0.0236912816762924,0.1875,0.9233505129814148,0.9338726997375488,530.093303670443,0.965867699997034,0.702579999997397,0.2564120000024559,105.19384765625,3650.0,0
2,1230,0.6907714700202661,0.0038489699363708,0.015625,0.9841851592063904,0.6949408054351807,309.0468951504594,1.6567064999981085,0.8983092999988003,0.7272975999949267,835.89453125,3650.0,0
2,1231,0.6511629370219647,0.0374954715371131,0.125,0.9585152268409728,0.6912566423416138,489.5152899918056,1.0459325999981957,0.730586100005894,0.3049203999980818,226.69091796875,3650.0,0
2,1232,0.6609500672338968,0.0368002727627754,0.171875,0.9738005995750428,0.629594087600708,511.6660867156656,1.0006525999924634,0.7116817000060109,0.2800210999994306,175.1953125,3650.0,0
2,1233,0.670046476190306,0.024184450507164,0.296875,0.9851359128952026,1.1058800220489502,477.7381933067439,1.0717167000111658,0.7446906000113813,0.3165179000061471,228.283203125,3650.0,0
2,1234,0.6382483205723528,0.0204758569598197,0.0625,0.9733254313468932,0.7005131244659424,502.38470835211854,1.019139299998642,0.703930700008641,0.3049132000014651,220.12890625,3650.0,0
2,1235,0.6177023055300463,0.0415271334350109,0.265625,0.9525205492973328,0.7092956900596619,523.7942221222631,0.9774830999958796,0.7072165999998106,0.263016199998674,124.49951171875,3650.0,0
2,1236,0.6256049093356392,0.0892547667026519,0.375,0.9145801067352296,1.3892320394515991,506.7280018682774,1.0104040000005623,0.7149987000011606,0.2862963999941712,168.84130859375,3650.0,0
2,1237,0.59372307592248,0.0507852286100387,0.359375,0.9117488861083984,0.64593905210495,501.4879598287863,1.0209617000073197,0.750232699996559,0.2633981999970274,124.33544921875,3650.0,0
2,1238,0.7037180507278663,0.0277276113629341,0.109375,0.8878577351570129,1.4599121809005735,274.70571479615177,1.86381270000129,0.919764500009478,0.9074767000129214,1067.4677734375,3650.0,0
2,1239,0.6562411562722869,0.0101754888892173,0.0625,0.9891937971115112,1.1141163110733032,428.6693383744187,1.1943937999894845,0.7913426000013715,0.388402299999143,345.3720703125,3650.0,0
2,1240,0.5753810015419739,0.0183966681361198,0.234375,0.9343385696411132,1.0471142530441284,520.930520285434,0.982856599992374,0.7294429000030505,0.2473767999908886,82.86328125,3650.0,0
2,1241,0.691420701318939,0.0438827127218246,0.25,0.9298288822174072,0.8515447378158569,307.0312863084703,1.6675824999983888,0.8941631000052439,0.7327068999875337,829.93212890625,3650.0,0
2,1242,0.6132307471022231,0.0118619874119758,0.203125,0.9536113142967224,0.8334586024284363,536.1079151754668,0.9550315999949816,0.6677383999922313,0.2814599999983329,82.86328125,3650.0,0
2,1243,0.6610559226680175,0.0107511021196842,0.15625,0.968346357345581,1.181784749031067,511.392312516565,1.0011882999970112,0.7115029999986291,0.282183499992243,128.66796875,3650.0,0
2,1244,0.6783198986483135,0.0055471286177635,0.046875,0.959165334701538,0.7702347040176392,387.5893584605239,1.3209857000038028,0.7880023000034271,0.5126090999983717,536.65771484375,3650.0,0
2,1245,0.6787567502744842,0.0998507142066955,0.546875,0.9141815900802612,1.5197499990463257,317.60111904756263,1.6120850000006612,0.876502300001448,0.7046150999958627,824.109375,3650.0,0
2,1246,0.6858797829049974,0.016272485256195,0.40625,0.9600771069526672,2.1067471504211426,370.82376035575743,1.3807098000106637,0.8282393999979831,0.5312428999895928,552.59228515625,3650.0,0
2,1247,0.6446768532164662,0.0025430917739868,0.265625,0.9350013136863708,1.084457278251648,543.7528847081634,0.9416041999938898,0.6706190000113565,0.2634377000067616,122.18408203125,3650.0,0
2,1248,0.6449671275751748,0.0034877695143222,0.03125,0.9727104902267456,0.9203567504882812,486.3726366808476,1.0526907999883406,0.7191146999975899,0.3227790999953868,219.439453125,3650.0,0
2,1249,0.7213209789246966,0.0186029449105262,0.140625,0.8453185558319092,1.015012502670288,283.3363317921215,1.807039699997404,0.9321273999958066,0.8384979999973439,1003.60986328125,3650.0,0
2,1250,0.6701930530385902,0.0014510229229927,0.078125,0.947461187839508,1.2227551937103271,480.1363737361378,1.0663636999961454,0.730847700004233,0.3246557999955257,230.509765625,3650.0,0
2,1251,0.6673434959476536,0.039355844259262,0.109375,0.959577739238739,0.9999691843986512,437.99687944501,1.168958099995507,0.7800567000085721,0.3698965000075986,224.11474609375,3650.0,0
2,1252,0.6146360833649235,0.0480768643319606,0.265625,0.9342086315155028,0.9845662713050842,467.8939317322365,1.0942651000077603,0.7897399999928894,0.2974885000003269,82.86328125,3650.0,0
2,1253,0.6884412961361489,0.0243576951324939,0.234375,0.980504870414734,1.51022469997406,449.4164257476958,1.1392552000033902,0.7843865999893751,0.3457291000086115,178.89111328125,3650.0,0
2,1254,0.6042009201298524,0.0203289426863193,0.15625,0.9380197525024414,1.069953203201294,444.7313193068548,1.1512569000042276,0.8309795999957714,0.3040409999957774,84.2578125,3650.0,0
2,1255,0.623772116358024,0.0442175976932048,0.1875,0.9759204983711244,1.2078896760940552,485.4655685888669,1.0546577000059187,0.7672077000024728,0.2702946999925188,99.14111328125,3650.0,0
2,1256,0.6569163604690296,0.0265717655420303,0.09375,0.9915941953659058,1.1129229068756104,389.9316896034673,1.313050500000827,0.866218299997854,0.4321131000033347,322.56298828125,3650.0,0
2,1257,0.6649099473032387,0.0173446238040924,0.15625,0.9640687704086304,1.5589110851287842,400.560471723664,1.2782089999964228,0.7887139999947976,0.4184533999941777,335.6962890625,3650.0,0
2,1258,0.6695101925042134,0.0001986101269721,0.125,0.9343798756599426,1.419252872467041,370.8171266828262,1.3807344999950146,0.8330033999955049,0.522750799995265,523.25,3650.0,0
2,1259,0.6897585141034241,0.0089838802814483,0.171875,0.9051077365875244,0.9890189170837402,276.11397834038826,1.8543066999991424,0.922037199998158,0.8937034999980824,1075.6962890625,3650.0,0
2,1260,0.6425064674938682,0.0339999720454216,0.125,0.8773530125617981,1.3206095695495603,498.0566549170007,1.027995500000543,0.7398823999974411,0.2787584000034258,173.6298828125,3650.0,0
2,1261,0.5996633638748109,0.0083746314048767,0.28125,0.9413081407546996,1.4698880910873413,468.7644056978699,1.0922330999892438,0.7538318000006257,0.3105567000020528,226.1611328125,3650.0,0
2,1262,0.6057528016713039,0.0021366998553276,0.171875,0.910776674747467,1.3710238933563232,533.8450460540662,0.9590797999990172,0.6877400999946985,0.2644691000023158,101.75634765625,3650.0,0
2,1263,0.5826116582160196,0.0217387899756431,0.15625,0.9705943465232848,1.3316477537155151,509.68617766325553,1.004539699992165,0.7255678999936208,0.2715266000013798,126.3828125,3650.0,0
2,1264,0.6339727796177077,0.0458874739706516,0.140625,0.954821228981018,1.087134599685669,503.0818182919777,1.0177271000138717,0.7155875000025844,0.2926975000009406,174.2373046875,3650.0,0
2,1265,0.648398188865439,0.0272712036967277,0.140625,0.9719352722167968,0.7922441959381104,483.407326754773,1.0591482000018004,0.7487197000009473,0.3008892999932868,176.10498046875,3650.0,0
2,1266,0.5960821398562839,0.0156107284128665,0.140625,0.9770957827568054,1.3619320392608645,512.1603574066665,0.9996869000024162,0.7110053999931552,0.2714841999986674,103.87841796875,3650.0,0
2,1267,0.7203695753914451,0.0292755216360092,0.15625,0.8999959230422974,0.792127788066864,274.29302713283124,1.8666169000061927,0.9375415999966208,0.890542799999821,1075.87158203125,3650.0,0
2,1268,0.6061022335470508,0.0015169531106948,0.09375,0.9456806182861328,1.2127799987792969,510.54423417042665,1.0028514000005089,0.7287361000053352,0.2666281999991042,121.80126953125,3650.0,0
2,1269,0.6246190361520019,0.0004720464348793,0.390625,0.9191921949386596,0.8305105566978455,512.9494694647072,0.9981490000063786,0.7092600000032689,0.2713703000044916,125.32568359375,3650.0,0
2,1270,0.6213820623721976,0.0445470958948135,0.1875,0.9417179822921752,1.0140562057495115,526.2960966488946,0.972836400003871,0.7062177999905543,0.2597222000040347,104.455078125,3650.0,0
2,1271,0.650076840556837,0.0373637154698371,0.234375,0.9926361441612244,0.849664568901062,484.0968969126883,1.0576394999952754,0.7300818999938201,0.316026900007273,224.02099609375,3650.0,0
2,1272,0.5858309993577024,0.0327207222580909,0.15625,0.9735710620880128,1.9250155687332156,511.5759035700901,1.0008290000114357,0.7273528000077931,0.2658052999904612,121.95556640625,3650.0,0
2,1273,0.6836496182608347,0.0344467461109161,0.171875,0.980748176574707,0.4358156323432922,287.76405865165566,1.7792353999975603,0.8263052999973297,0.9319293000007748,556.47998046875,3650.0,0
2,1274,0.615503113127749,0.0061283782124519,0.046875,0.9638567566871644,1.2816743850708008,409.2460839834821,1.2510810000094352,0.8272522000042954,0.4120129000075394,218.26171875,3650.0,0
2,1275,0.6623659638107435,0.0019395351409912,0.046875,0.9834662079811096,0.8656548261642456,330.9054225133884,1.547269899994717,0.9819413000077476,0.543619200005196,533.97509765625,3650.0,0
2,1276,0.690524103668853,0.0289927572011947,0.25,0.9846050143241882,0.8060945868492126,321.7037025942947,1.5915266000083648,0.9891793999995572,0.5772759999963455,533.50830078125,3650.0,0
2,1277,0.687191894820455,0.0032473281025886,0.03125,0.9647889137268066,0.6813244223594666,320.89035039013874,1.595560599991586,0.9968842000089352,0.5720380000129808,541.96826171875,3650.0,0
2,1278,0.6316472951920669,0.0330456718802452,0.28125,0.9129897356033324,1.0616192817687988,428.6192775021837,1.1945333000039682,0.8536006999929668,0.3334070999990217,104.037109375,3650.0,0
2,1279,0.618689531850927,0.0342567451298236,0.203125,0.939499855041504,0.6565797924995422,423.7882263979236,1.2081506000104127,0.8410978999891086,0.3589868999988539,102.6416015625,3650.0,0
2,1280,0.6166148134387828,0.0108356475830078,0.140625,0.9791579246520996,1.0751999616622925,408.8022795868201,1.2524391999904765,0.9082242000004044,0.336019700000179,119.51416015625,3650.0,0
2,1281,0.6390830060693395,0.0147323608398437,0.265625,0.9906708598136902,0.5553324818611145,379.49198623694826,1.349172099988209,0.9601261999923736,0.3757334999972954,223.2255859375,3650.0,0
2,1282,0.6725118211038962,0.001430656760931,0.125,0.9830114245414734,1.2400798797607422,387.9544095988405,1.3197426999977324,0.9296355000115,0.3787969000113662,223.900390625,3650.0,0
2,1283,0.6697408435352387,0.0044107660651206,0.1875,0.9920861124992372,2.0497334003448486,350.3655708899184,1.4613307999970857,1.0153655000030994,0.4280672000022605,338.22998046875,3650.0,0
2,1284,0.695719489687913,0.0132287815213203,0.0625,0.959636688232422,1.3198822736740112,317.2161310603664,1.6140414999972563,1.029716699995333,0.5591510999947786,522.4404296875,3650.0,0
2,1285,0.7062292032363522,0.0449630096554756,0.25,0.9303794503211976,1.148813247680664,241.79407805727203,2.1175042999966536,1.1483686999999918,0.9285094999941066,1047.060546875,3650.0,0
2,1286,0.7066849102987786,0.0054364949464797,0.15625,0.9595693945884703,2.0568883419036865,270.6317459403945,1.8918696999899112,1.097772300010547,0.7558229999995092,815.92333984375,3650.0,0
2,1287,0.7422046591774581,0.0070797950029373,0.171875,0.934474527835846,0.427164614200592,229.66936090045647,2.2292917000013404,1.167463300007512,0.9885868999990636,1051.15966796875,3650.0,0
2,1288,0.7000672834038663,0.0490116216242313,0.34375,0.953926146030426,1.3191907405853271,348.53127084449034,1.469021700002486,0.9759721000009448,0.4608111999987159,322.306640625,3650.0,0
2,1289,0.7330565388757921,0.0307372584939003,0.203125,0.97270667552948,0.8403394222259521,317.4290823435084,1.6129587000032188,1.0318696000031196,0.5549109999992652,536.21826171875,3650.0,0
2,1290,0.6098014835968946,0.0421050190925598,0.1875,0.922104835510254,1.3807339668273926,401.4811517931369,1.2752777999994578,0.9544796999980464,0.3114358999882824,82.86328125,3650.0,0
2,1291,0.6684172061587208,0.0441269353032112,0.21875,0.9362956881523132,1.4470603466033936,415.5047884096773,1.2322360999969533,0.8965988999989349,0.3274000999954296,105.361328125,3650.0,0
2,1292,0.6590214292512175,0.0522618666291236,0.296875,0.9473612904548644,1.1620585918426514,408.1694151826241,1.2543810999923153,0.9385877000022448,0.3067581999930553,122.05712890625,3650.0,0
2,1293,0.697078548554055,0.0176354348659515,0.125,0.9218233227729796,2.054044008255005,325.8588608553894,1.571232399990549,0.9777594999904976,0.5699141000077361,527.6328125,3650.0,0
2,1294,0.6644191238025758,0.0419690273702144,0.359375,0.953428328037262,1.627155303955078,430.1723562863504,1.1902205999940634,0.8706375000037951,0.3119160000060219,103.86865234375,3650.0,0
2,1295,0.725031538454171,0.0169865563511848,0.15625,0.8604965209960938,2.2971761226654053,322.3965549413666,1.5881062999978894,0.9891252999950666,0.5739718999975594,533.41748046875,3650.0,0
2,1296,0.7219129922262532,0.0231133848428726,0.21875,0.9584221839904784,0.8718610405921936,335.38542925938543,1.5266017999965698,0.9664022000069964,0.5346579000033671,523.00830078125,3650.0,0
2,1297,0.6857338340145263,0.0063575506210327,0.0625,0.970780074596405,1.5205342769622805,404.01620515378175,1.2672758999979123,0.8745629000040935,0.3802561999909812,232.23095703125,3650.0,0
2,1298,0.6561371098575973,0.0054090321063995,0.25,0.9763283729553224,0.751864492893219,416.6365920678464,1.2288887000031536,0.8594620000076247,0.3379163999925367,171.42626953125,3650.0,0
2,1299,0.7078035184480441,0.0152870416641235,0.21875,0.9772347807884216,0.8259853720664978,431.46008029476087,1.186668299997109,0.8500881000072695,0.3276249000045936,126.03271484375,3650.0,0
2,1300,0.731024218380691,0.0229440927505493,0.234375,0.8447098135948181,0.5041763782501221,243.93587097427925,2.098912300003576,1.1472976000077324,0.9116007999982684,1025.59228515625,3650.0,0
2,1301,0.7439661483872764,0.0237217247486114,0.34375,0.8217880725860596,1.2139283418655396,325.5145418534947,1.572894400000223,0.9948001000011572,0.55456740000227,522.38818359375,3650.0,0
2,1302,0.738331755724292,0.0066706389188766,0.171875,0.9363126158714294,0.8680137991905212,328.0118955572572,1.56091899999592,0.9793639999988956,0.5573596000031102,553.998046875,3650.0,0
2,1303,0.6692165875864676,0.0323499217629432,0.140625,0.9510144591331482,0.8512939810752869,432.24343544806896,1.184517700006836,0.8531197999982396,0.3220163999940268,166.12158203125,3650.0,0
2,1304,0.6430138961085873,0.0302277766168117,0.171875,0.9506385326385498,0.7459393739700317,439.7321721891591,1.1643450999981724,0.8421317999891471,0.3139786000101594,104.982421875,3650.0,0
2,1305,0.6905711910674757,0.021242469549179,0.328125,0.9674695134162904,0.8760082125663757,395.83889820850834,1.2934554999956165,0.9049933000060264,0.3762380999978632,229.515625,3650.0,0
2,1306,0.7010147188984719,0.0494460836052894,0.28125,0.9929518699645996,0.9738688468933104,371.37184396697546,1.3786720999924,0.9285890000028304,0.4327628000028198,342.69189453125,3650.0,0
2,1307,0.6542469854946446,0.0188773125410079,0.03125,0.9547215700149536,1.1301860809326172,425.4275027093641,1.2034952999965751,0.8687733999977354,0.327671699997154,101.79833984375,3650.0,0
2,1308,0.6776646660925896,0.0293319597840309,0.265625,0.9683783054351808,0.8294404149055481,417.30056415411184,1.226933400001144,0.8793416999978945,0.3360297000035643,166.63916015625,3650.0,0
2,1309,0.7301260459909146,0.0202561691403388,0.109375,0.825203537940979,0.7583836913108826,246.14501806955624,2.080074599987711,1.131386699998984,0.906536700000288,1042.16357421875,3650.0,0
2,1310,0.6809258336353964,0.0216246992349624,0.171875,0.8370732069015503,0.9973517060279846,416.0332384566378,1.2306708999967668,0.876374700004817,0.3346118000044953,173.55078125,3650.0,0
2,1311,0.7269544340742845,0.0185920447111129,0.140625,0.9205784201622008,1.2863974571228027,329.56812478613955,1.5535483000130623,0.9678559000021778,0.5619090999971377,532.7333984375,3650.0,0
2,1312,0.7217430899099766,0.0124271214008331,0.046875,0.9736630320549012,0.6749380826950073,321.8706114097523,1.5907012999959989,0.9952829999965616,0.5660949000011897,566.78759765625,3650.0,0
2,1313,0.6717798846487395,0.0306805446743965,0.296875,0.9613436460494996,0.7812447547912598,425.880916374373,1.20221400000446,0.8642515999963507,0.3302606000070227,103.03125,3650.0,0
2,1314,0.6973700363804312,0.0477747172117233,0.203125,0.9710373878479004,0.9495055675506592,373.9404685310889,1.3692019000009168,0.9473396999965188,0.4067389999981969,321.09765625,3650.0,0
2,1315,0.6551562785463796,0.0348953232169151,0.25,0.9272593855857848,1.0047149658203125,447.56840978434366,1.1439591999951515,0.8319515000039246,0.3044685000058962,101.12744140625,3650.0,0
2,1316,0.6050783782539887,0.0022272616624832,0.328125,0.957294225692749,0.9353380799293518,446.1923020802418,1.1474873000115622,0.8470701000042027,0.2934157999989111,81.47265625,3650.0,0
2,1317,0.6726218833651145,0.0191667228937149,0.171875,0.9747670292854308,0.6215545535087585,372.5239435747839,1.374408300005598,0.9193520999979228,0.4391466999950353,331.97705078125,3650.0,0
2,1318,0.6868582955785899,0.0109039843082427,0.28125,0.9088304042816162,0.6725292205810547,372.1583673418589,1.3757583999977214,0.9493903999973554,0.4105444000015268,332.87451171875,3650.0,0
2,1319,0.6046158154594792,0.0327423326671123,0.265625,0.9573041200637816,1.4612616300582886,452.23849220718057,1.1321460000035586,0.8250826000003144,0.2992672000109451,100.14306640625,3650.0,0
2,1320,0.6691288622350847,0.0428707227110862,0.15625,0.9615440368652344,1.2156786918640137,363.6978409733786,1.4077619999879971,0.9495906999945872,0.430750600004103,326.39453125,3650.0,0
2,1321,0.6303898081265968,0.0091063417494297,0.390625,0.9731235504150392,0.7883822321891785,407.5384747777639,1.2563230999949155,0.8959142999956384,0.3486820999969495,227.462890625,3650.0,0
2,1322,0.670856566874628,0.0457883439958095,0.34375,0.9432750940322876,1.2285200357437134,418.13476614064086,1.2244856000033906,0.8769616000063252,0.336862199997995,175.63720703125,3650.0,0
2,1323,0.6121501484246902,0.026295106858015,0.40625,0.9652099609375,0.9719985127449036,448.6926131355939,1.1410929999983637,0.8560299999953713,0.276836999997613,82.86328125,3650.0,0
2,1324,0.6606140375597098,0.0444604158401489,0.21875,0.9780970811843872,0.6983279585838318,435.7936751863872,1.174867900001118,0.8446473999938462,0.3222914000070886,124.77880859375,3650.0,0
2,1325,0.684042542542502,0.0435150042176246,0.265625,0.9659682512283324,0.8479036688804626,414.9518497816435,1.2338780999998562,0.8662727999908384,0.3577281999896513,176.79541015625,3650.0,0
2,1326,0.716533177472392,0.0805832594633102,0.375,0.7888398766517639,0.4136516451835632,237.77254678174975,2.153318399999989,1.13612650000141,0.9660115000006044,1086.1572265625,3650.0,0
2,1327,0.6533312548811719,0.0298300310969352,0.078125,0.9265726208686828,0.80046546459198,410.2973084799024,1.2478756000055,0.8703486000013072,0.3651883999991696,224.35693359375,3650.0,0
2,1328,0.6937519148405923,0.0327681973576545,0.140625,0.9176345467567444,0.9831668734550476,278.9220360622565,1.835638399992604,1.0388528000039514,0.7634385999990627,833.7578125,3650.0,0
2,1329,0.6655957578191813,0.0513242036104202,0.15625,0.8410518169403076,1.0573211908340454,445.17585445737615,1.150107300010859,0.8344978999957675,0.3081721999915316,103.50927734375,3650.0,0
2,1330,0.7230765387405026,0.0014321878552436,0.1875,0.954407274723053,1.2599064111709597,373.4256044667594,1.3710896999982651,0.9341873999946984,0.4210482000053162,310.990234375,3650.0,0
2,1331,0.7024517221050407,0.0097517967224121,0.03125,0.8658944368362427,1.226158857345581,284.6026677151239,1.7989993000082904,1.0134851000038907,0.7506028999923728,816.302734375,3650.0,0
2,1332,0.705870898369959,0.0015424415469169,0.234375,0.8979979753494263,1.405195236206055,405.47245262002167,1.2627245000039693,0.8928950999979861,0.3570609000016702,224.09033203125,3650.0,0
2,1333,0.7152910649512696,0.0078166648745536,0.109375,0.9203644394874572,0.834815502166748,269.20797593852865,1.9018752999982096,1.0673525999882258,0.7973287000058917,843.94580078125,3650.0,0
2,1334,0.6967086004243593,0.0131881907582283,0.203125,0.9552368521690368,1.1512749195098877,376.5001545703358,1.3598932000022614,0.937072700005956,0.4072842000023229,338.37255859375,3650.0,0
2,1335,0.6508602239843347,0.0023741796612739,0.203125,0.9556751251220704,1.0322779417037964,423.46176686071294,1.2090820000012172,0.8489841999980854,0.3434047000046121,224.66162109375,3650.0,0
2,1336,0.6937706802810217,0.0043536648154258,0.109375,0.955154836177826,1.404504656791687,277.63791948325513,1.8441285000008063,1.0351629000069806,0.7747557999973651,852.27783203125,3650.0,0
2,1337,0.6836550796007963,0.0091444328427314,0.3125,0.9179154634475708,0.7875977158546448,439.77575903042623,1.1642296999925748,0.842269299988402,0.3132081000076141,128.8046875,3650.0,0
2,1338,0.6604354166629126,0.0362588688731193,0.15625,0.965285062789917,0.7487380504608154,406.1082810009943,1.2607474999967965,0.8837752999970689,0.3643368999910308,236.42138671875,3650.0,0
2,1339,0.7270903589014417,0.0109948813915252,0.140625,0.9587782621383668,0.9554424285888672,242.409527981164,2.112128200009465,1.1099162000027718,0.953439699995215,1080.8662109375,3650.0,0
2,1340,0.714575502326495,0.0002785548567771,0.1875,0.977361261844635,1.1912611722946167,381.1655387064691,1.343248399993172,0.9227803999965544,0.4044355000078212,324.19580078125,3650.0,0
2,1341,0.6666559398643362,0.0036617368459701,0.21875,0.942786693572998,1.007988214492798,442.7334257956728,1.156452099996386,0.8457734000112396,0.3029918999964138,102.53076171875,3650.0,0
2,1342,0.7211545453537161,0.0058578923344612,0.109375,0.924471378326416,1.267875909805298,277.2896925574764,1.8464443999982905,1.031793900008779,0.7794005000032485,832.85595703125,3650.0,0
2,1343,0.7147135143867713,0.0092817470431327,0.203125,0.9635592103004456,2.244791030883789,330.6056644123457,1.548672799995984,0.9682390999951168,0.5569074000086403,555.43310546875,3650.0,0
2,1344,0.6801162429664133,0.0314079448580741,0.21875,0.9777476191520692,1.4945582151412964,334.9714878422548,1.5284882999985712,0.9622086000017588,0.5422470999910729,525.548828125,3650.0,0
2,1345,0.6406980296246564,0.0138059891760349,0.109375,0.9257283806800842,1.1302075386047363,442.1087134919158,1.158086200011894,0.8644105999992462,0.286590800009435,82.86328125,3650.0,0
2,1346,0.7374805219044195,0.0193671137094497,0.140625,0.9185368418693542,0.4714463949203491,244.84681149652312,2.0911034000018844,1.113076199995703,0.9351170000009006,1067.833984375,3650.0,0
2,1347,0.7699534433555214,0.0165315121412277,0.28125,0.9372265934944152,0.9003661274909973,250.0221699334497,2.047818400009419,1.076041599997552,0.9320251000026474,1060.19970703125,3650.0,0
2,1348,0.6673580853097227,0.0184489451348781,0.203125,0.921643078327179,1.2047053575515747,442.06744930792206,1.1581942999910098,0.8479718999878969,0.3020351000013761,106.27490234375,3650.0,0
2,1349,0.6942733784341214,0.0504213720560073,0.34375,0.9636472463607788,1.7516939640045166,421.2819114890556,1.2153381999960402,0.8652266999997664,0.3402294999978039,182.0029296875,3650.0,0
2,1350,0.710364923258791,0.0121591389179229,0.265625,0.9222568273544312,0.7897851467132568,431.3502315351802,1.1869704999990065,0.8420769999938784,0.334354099992197,177.72705078125,3650.0,0
2,1351,0.719711495550825,0.0179653689265251,0.296875,0.9818786382675172,0.9066336750984192,363.5766110605708,1.408231399997021,0.9387867999903392,0.4523231000057421,338.76220703125,3650.0,0
2,1352,0.6824107746997466,0.0302496030926704,0.234375,0.984467089176178,1.1443334817886353,381.5854891982298,1.3417700999998488,0.909755699991365,0.4155031999980565,315.40625,3650.0,0
2,1353,0.6367076140936424,0.0335898511111736,0.1875,0.9463375210762024,1.1509816646575928,431.02795115595615,1.1878579999902286,0.8638230000069598,0.3160262000019429,120.56884765625,3650.0,0
2,1354,0.6651083670400149,0.019900195300579,0.3125,0.9596033096313475,0.9706276655197144,434.9559853423065,1.1771306000009645,0.864237800007686,0.305320399987977,101.85302734375,3650.0,0
2,1355,0.6971956285359099,0.0238458514213562,0.15625,0.9624363780021667,1.4543312788009644,423.2493863889324,1.2096887000079732,0.861012599998503,0.338776799995685,175.63720703125,3650.0,0
2,1356,0.6738168364434393,0.0195533633232116,0.21875,0.9482237100601196,1.5035171508789062,443.25274098267306,1.155097199996817,0.8449180999887176,0.3031093000026885,98.75244140625,3650.0,0
2,1357,0.731811071303576,0.0008075460791587,0.109375,0.957822859287262,1.0708048343658447,400.7492759134286,1.2776067999948282,0.8953518000053009,0.3692774000082863,226.27294921875,3650.0,0
2,1358,0.712914151240471,0.0590045899152755,0.203125,0.953140139579773,0.7846137285232544,380.94866783387874,1.3440131000097608,0.9155935999879148,0.4126825999992434,327.478515625,3650.0,0
2,1359,0.6597891139970371,0.036831647157669,0.203125,0.911133348941803,1.9764012098312376,458.3157362176868,1.117133799998555,0.81536180000694,0.2943051000038394,82.86328125,3650.0,0
2,1360,0.6234405765490294,0.043619655072689,0.15625,0.9665817618370056,1.683309555053711,444.81427353432497,1.1510421999992104,0.8269765000004554,0.3160615000088,102.79052734375,3650.0,0
2,1361,0.7222667372392505,0.0088967978954315,0.125,0.8794790506362915,1.674385666847229,327.7507312311627,1.56216279999353,0.9787947000004352,0.5601293999934569,523.333984375,3650.0,0
2,1362,0.7495581539019074,0.0072834566235542,0.328125,0.7586761713027954,1.6451375484466553,254.9550412691534,2.0081971999898087,1.070789599994896,0.8955675000033807,1050.33642578125,3650.0,0
2,1363,0.7228525177624066,0.0036991909146308,0.0625,0.8348100781440735,0.905652105808258,275.67757590692133,1.8572420999989845,1.0602662000019336,0.7623568999988493,845.45068359375,3650.0,0
2,1364,0.6056074140325421,0.0162367112934589,0.203125,0.9040924310684204,1.4540913105010986,472.7535595733697,1.0830166999949142,0.7946088000026066,0.2813017000007676,81.47265625,3650.0,0
2,1365,0.6890981258819768,0.0042023956775665,0.0625,0.9275200963020324,1.3908631801605225,427.5646236367111,1.1974798000010196,0.8661805000010645,0.3230594999913592,124.77880859375,3650.0,0
2,1366,0.5905738706958172,0.0200471058487892,0.15625,0.9550154805183412,0.9923970699310304,482.33881569899455,1.0614944999979343,0.7533397000079276,0.3013952000037534,80.07763671875,3650.0,0
2,1367,0.7033006889396861,0.0256808251142501,0.234375,0.880221962928772,1.084009885787964,433.0115488071073,1.1824164999998177,0.8378745000081835,0.3339565000060247,176.48876953125,3650.0,0
2,1368,0.7508773866983419,0.0163270607590675,0.203125,0.6527538299560547,1.1281079053878784,250.292969876114,2.045602800004417,1.0713180000020657,0.9221104000025662,1030.78759765625,3650.0,0
2,1369,0.69589969607346,0.0028695687651634,0.015625,0.8892079591751099,1.3707700967788696,432.1189272306866,1.18485900000087,0.8430515000072774,0.3316723000025376,173.02734375,3650.0,0
2,1370,0.7359383411668518,0.0041101723909378,0.09375,0.9535417556762696,1.9045324325561523,382.6596580195479,1.3380035999871325,0.899908300008974,0.4218899999978021,340.603515625,3650.0,0
2,1371,0.672339487743096,0.0076300129294395,0.28125,0.94771146774292,0.9638172388076782,426.4082987702652,1.20072710000386,0.8633893000078388,0.3275154000002658,174.708984375,3650.0,0
2,1372,0.6864214393785142,0.0379475802183151,0.15625,0.938615083694458,0.8492792844772339,417.8225130763863,1.225400700001046,0.8654314000013983,0.3501269999978831,177.96337890625,3650.0,0
2,1373,0.6312084611729545,0.0119101107120513,0.21875,0.9217614531517028,1.6416023969650269,432.68297926130026,1.1833144000120228,0.8610804999916581,0.3137108000082662,123.22314453125,3650.0,0
2,1374,0.7345045317894027,0.0504558086395263,0.1875,0.9294250011444092,2.183888435363769,273.18102388506355,1.874215100004221,1.0577208999893628,0.7811260000016773,845.89990234375,3650.0,0
2,1375,0.5809404395024023,0.0421199575066566,0.109375,0.8971008658409119,1.1397444009780884,455.1660547116643,1.1248641999991378,0.8383209000021452,0.2793143000017153,82.86328125,3650.0,0
2,1376,0.6159734721772648,0.0308185592293739,0.15625,0.9567141532897948,1.315479755401611,425.622862067496,1.2029428999958327,0.8752626000059536,0.3185298999887891,105.361328125,3650.0,0
2,1377,0.6577009010945557,0.0225972682237625,0.21875,0.9704638123512268,1.1321748495101929,429.1478565217376,1.1930620000057388,0.8702102000097511,0.3147616000060225,125.49169921875,3650.0,0
2,1378,0.6218893066302698,0.0069745182991027,0.203125,0.9335237145423888,1.1485801935195925,437.9825667558058,1.1689962999953425,0.849930399999721,0.3107927999953972,101.19775390625,3650.0,0
2,1379,0.6231791222738706,0.0213559195399284,0.125,0.9613975286483764,2.004592180252075,442.26960668639344,1.1576649000053294,0.8240400999929989,0.3249378000036813,122.85205078125,3650.0,0
2,1380,0.7065984696495019,0.0171209499239921,0.234375,0.985159158706665,1.1680583953857422,403.3391757120574,1.269403099999181,0.8878763000102481,0.3691968000057386,226.50732421875,3650.0,0
2,1381,0.6607769005224456,0.0520608872175216,0.09375,0.9732783436775208,0.6771314740180969,436.070750432689,1.1741214000066975,0.8513761999929557,0.3143322999967495,127.24365234375,3650.0,0
2,1382,0.7131023307752536,0.0209359601140022,0.09375,0.91856050491333,1.8899142742156985,319.7694662005046,1.601153499999782,0.982989899988752,0.5909395999915432,564.4501953125,3650.0,0
2,1383,0.7358902442460878,0.0190721750259399,0.046875,0.9094443321228028,1.1352980136871338,274.91726305770067,1.862378500009072,1.0524216999911005,0.7759125000011409,841.79931640625,3650.0,0
2,1384,0.7235447192522473,0.0405482575297355,0.28125,0.9809920191764832,1.1671205759048462,410.1520318242933,1.2483175999950618,0.9082155999931274,0.3316032000002451,123.94873046875,3650.0,0
2,1385,0.6548875489215205,0.0021840333938598,0.234375,0.9729655981063844,1.4053261280059814,421.52507938446206,1.2146370999980718,0.8677725000015926,0.3389317999972263,104.455078125,3650.0,0
2,1386,0.6309696739482549,0.0621450170874595,0.296875,0.9763535261154176,1.380407214164734,447.07563201482014,1.1452200999920024,0.8452277000033064,0.2936049999989336,81.47265625,3650.0,0
2,1387,0.6910577464608842,0.0300924181938171,0.375,0.9884788990020752,1.342544674873352,427.80133841474526,1.196817200005171,0.8395937000022968,0.3465260000084527,173.8984375,3650.0,0
2,1388,0.6990397855380204,0.018962062895298,0.25,0.9593753814697266,1.233578085899353,406.732697177963,1.2588120000000345,0.8926188999903388,0.3545307000022148,224.10693359375,3650.0,0
2,1389,0.697229434041352,0.0007867142558097,0.203125,0.943023443222046,1.0257073640823364,438.25575578539787,1.1682676000054926,0.8519459000090137,0.3086024999938672,103.78466796875,3650.0,0
2,1390,0.7682022900679027,0.067715086042881,0.28125,0.8756126761436462,2.116433620452881,265.9866966146034,1.9249082999886011,1.0655398999952013,0.8244909999921219,888.35205078125,3650.0,0
2,1391,0.7646778029583181,0.0014395490288734,0.1875,0.9697885513305664,0.9248747229576112,274.38116463191363,1.866017300009844,1.05465049999475,0.7777864999952726,845.8173828125,3650.0,0
2,1392,0.6629129594223553,0.0255406200885772,0.21875,0.9145461320877076,1.2699832916259766,420.77604745867006,1.216799299989361,0.8808681000082288,0.3254073999996763,175.064453125,3650.0,0
2,1393,0.7396359053795277,0.0232589617371559,0.15625,0.967590630054474,1.6425893306732178,228.1757168716032,2.243884700001217,1.27659660000063,0.9318425999954344,859.05712890625,3650.0,0
2,1394,0.7625498232549486,0.0003194734454154,0.3125,0.954982042312622,1.3500627279281616,272.48301531506337,1.8790161999932025,0.9445549999945796,0.8960006999986945,1049.81005859375,3650.0,0
2,1395,0.6914995852824888,0.0143835470080375,0.171875,0.8692307472229004,1.965489387512207,531.2557360320372,0.963754299998982,0.6875914999982342,0.2686314000020502,118.51171875,3650.0,0
2,1396,0.6738748986592746,0.0103748515248298,0.140625,0.9484338164329528,1.752222776412964,509.5837576539031,1.00474160000158,0.7254366999986814,0.2717380999965826,124.64013671875,3650.0,0
2,1397,0.6606587569272822,0.0106332227587699,0.15625,0.9758676290512084,1.6467530727386477,517.8834669111233,0.9886394000059228,0.7117733999912161,0.2692683000059332,123.47900390625,3650.0,0
2,1398,0.675244043380718,0.0318430885672569,0.09375,0.9806691408157348,1.9723870754241943,488.672066109438,1.047737400003825,0.773601900000358,0.2666577000054531,128.37109375,3650.0,0
2,1399,0.6568392540543261,0.0276337340474128,0.171875,0.9797430038452148,3.206782817840576,496.5388237642644,1.0311378999904264,0.7216359000012744,0.2918425000098068,167.49462890625,3650.0,0
2,1400,0.6865777572476575,0.0165204852819442,0.15625,0.9825003147125244,1.02769672870636,487.518200997892,1.05021719999786,0.7167565999989165,0.3230309000064153,234.72900390625,3650.0,0
2,1401,0.6432866114303483,0.0403222069144248,0.140625,0.9802353978157043,1.2148561477661133,513.9199535534481,0.9962641000020084,0.7253796000004513,0.2635765000013634,101.79833984375,3650.0,0
2,1402,0.7253053897332135,0.0005795210599899,0.28125,0.8519271612167358,2.2042853832244877,365.6996054872372,1.4000562000001082,0.8587083999882452,0.5211528000072576,517.8369140625,3650.0,0
2,1403,0.6717672014903042,0.0048953741788864,0.125,0.9687130451202391,0.9314185976982116,486.6740193726795,1.0520389000012074,0.7481067999906372,0.2939605999999912,175.9140625,3650.0,0
2,1404,0.6015556214333082,0.0347668007016181,0.0625,0.92495596408844,1.2247315645217896,518.451559355273,0.987556100008078,0.7034697000053711,0.2659988999948837,99.86962890625,3650.0,0
2,1405,0.736286287922892,0.057386003434658,0.234375,0.8821036219596863,2.015970468521118,297.6081488844102,1.7203829999925802,0.938252099993406,0.751075000007404,855.923828125,3650.0,0
2,1406,0.6371184963740651,0.01429183781147,0.203125,0.9243388772010804,1.378085017204285,506.700320013484,1.010459199998877,0.7329488999966998,0.2696587999962503,123.83984375,3650.0,0
2,1407,0.633429733129598,0.0401569828391075,0.15625,0.9455508589744568,0.6608068346977234,509.93456105074034,1.0040504000062356,0.7212762999988627,0.2761442000046372,100.14306640625,3650.0,0
2,1408,0.7243527406647682,0.0424917340278625,0.171875,0.948923647403717,2.001251459121704,432.07713657066927,1.184973600000376,0.7557469000021229,0.4150383000087458,342.275390625,3650.0,0
2,1409,0.6344247631735485,0.0044139847159385,0.234375,0.93452125787735,1.8386626243591309,528.1170769542655,0.9694820000004256,0.7243466000072658,0.2392170999955851,81.47265625,3650.0,0
2,1410,0.6940586716998337,0.0045342817902565,0.34375,0.976321280002594,1.5664082765579224,500.7131739874296,1.0225415000022622,0.7127256999956444,0.300691900003585,172.0439453125,3650.0,0
2,1411,0.6395598975402564,0.0154110193252563,0.234375,0.980665683746338,1.2943981885910034,509.3162091726676,1.0052693999896292,0.7366642999986652,0.2616916999977547,98.75244140625,3650.0,0
2,1412,0.742451372474334,5.577504634857178e-05,0.125,0.8674647808074951,1.1706764698028564,306.829662735595,1.6686782999895513,0.886568800007808,0.7498180000111461,853.3291015625,3650.0,0
2,1413,0.7109795924687587,0.0151713192462921,0.09375,0.9919452667236328,1.311946988105774,489.8041806886373,1.045315700001083,0.7286407000065083,0.3057832999911625,222.93896484375,3650.0,0
2,1414,0.5581633795666138,0.0266729816794395,0.125,0.9506712555885316,0.7249082326889038,567.4372582908564,0.9023023999907308,0.6588367999938782,0.2377096999989589,78.68701171875,3650.0,0
2,1415,0.7077790379705886,0.0189707204699516,0.203125,0.9864984154701232,1.4688313007354736,481.3289944772485,1.0637215000024298,0.7254556999978377,0.3273556000058306,229.751953125,3650.0,0
2,1416,0.7321788617154054,0.0087699741125106,0.21875,0.9033452868461608,0.5873473882675171,309.5154915844223,1.654198299991549,0.893840699995053,0.7296562999981688,846.125,3650.0,0
2,1417,0.6991094298402287,0.0059037394821643,0.1875,0.946032702922821,1.3542307615280151,506.93706742653126,1.0099872999999209,0.7316814000078011,0.2706234000070253,128.66796875,3650.0,0
2,1418,0.6523573198692513,0.0053727142512798,0.328125,0.9572960138320924,0.981467604637146,507.4469826929736,1.0089723999990383,0.726777799995034,0.2744463999988511,124.64013671875,3650.0,0
2,1419,0.6727711386340616,0.0269795730710029,0.125,0.965758204460144,1.5538086891174316,511.1785871295843,1.0016068999975687,0.7408065000054194,0.2536163999902783,105.361328125,3650.0,0
2,1420,0.7231202928354795,0.0103579238057136,0.15625,0.9824796319007874,1.0837675333023071,444.7772552026936,1.1511380000010831,0.7553251000063028,0.3820860000123502,321.1376953125,3650.0,0
2,1421,0.7517320939369775,0.0040209144353866,0.171875,0.8827617168426514,2.3215813636779785,276.94292227862167,1.8487564000097336,0.9165074000047752,0.8940134000004036,1074.57373046875,3650.0,0
2,1422,0.6662333637495435,0.0047830231487751,0.15625,0.9037971496582032,1.1655572652816772,470.3023364332215,1.0886613999900874,0.820833899997524,0.2602838999882806,121.78759765625,3650.0,0
2,1423,0.714958621734635,0.020004466176033,0.453125,0.9670786261558532,4.302947998046875,366.2594629280133,1.397916099987924,0.8406361000088509,0.5355140999890864,517.27197265625,3650.0,0
2,1424,0.6863036679731446,0.0050435699522495,0.1875,0.8999191522598267,1.232134222984314,467.9725354939952,1.0940813000052003,0.7685305999912089,0.3189197000028798,99.04931640625,3650.0,0
2,1425,0.733017793302093,0.0397759974002838,0.234375,0.9511318206787108,1.5760935544967651,359.40129920617073,1.4245914000057385,0.8565106000023661,0.5482970000011846,529.14990234375,3650.0,0
2,1426,0.7053410202352614,0.0212704092264175,0.375,0.975825011730194,1.095861554145813,496.0020010559423,1.0322539000044344,0.7282352000038372,0.2934891999902902,178.49853515625,3650.0,0
2,1427,0.6372461801115034,0.0257850438356399,0.171875,0.9350468516349792,1.4754951000213623,547.6389754206499,0.934922500004177,0.702852599992184,0.2260123000014573,81.47265625,3650.0,0
2,1428,0.6343098300070388,0.0070725604891777,0.3125,0.9708169102668762,1.1987329721450806,533.772583688163,0.959210000000894,0.6885462000063853,0.2633072000026004,104.07373046875,3650.0,0
2,1429,0.6471566374154543,0.0175942778587341,0.046875,0.9924320578575134,3.3568978309631348,496.55929024535743,1.0310954000015045,0.7102635000046575,0.3099939999956405,218.60546875,3650.0,0
2,1430,0.5772390913101427,0.0065781809389591,0.15625,0.9471976161003112,2.750924587249756,554.0245937170235,0.9241466999956174,0.6897937000030652,0.2283905999938724,81.47265625,3650.0,0
2,1431,0.6573597244694006,0.0191832371056079,0.265625,0.966651737689972,1.4512830972671509,542.8939790611695,0.9430939000012586,0.7031241000076989,0.2339876999903936,84.2578125,3650.0,0
2,1432,0.6544123101591262,0.0133874304592609,0.125,0.96964293718338,1.3017362356185913,516.1800258522954,0.9919019999942976,0.7165727999963565,0.2688797000009799,106.64453125,3650.0,0
2,1433,0.7431038604312842,0.0384196937084198,0.34375,0.912044644355774,0.9606093764305116,312.12719622254394,1.6403568999958225,0.8891769999900134,0.7199389000015799,824.08251953125,3650.0,0
2,1434,0.7103711021565152,0.0001160725951194,0.109375,0.988858699798584,0.9576746821403505,490.8481741427044,1.0430923999956576,0.7255551000125706,0.3068858000042382,223.837890625,3650.0,0
2,1435,0.7553076775412234,0.0188925042748451,0.203125,0.8840959072113037,1.4029844999313354,284.24133821659274,1.8012862000032328,0.9241134999901988,0.8386529999988852,1030.0341796875,3650.0,0
2,1436,0.6631616688019584,0.021873902529478,0.203125,0.9185839891433716,1.054251194000244,531.0509207268533,0.9641260000062176,0.6817045999923721,0.2747401999949943,124.77880859375,3650.0,0
2,1437,0.7397218000909557,0.0825760439038276,0.546875,0.9453112483024596,2.3657543659210205,306.5711489948188,1.6700854000082472,0.901170600001933,0.7369754999963334,869.6220703125,3650.0,0
2,1438,0.6843917754720779,0.0148017145693302,0.234375,0.9041329622268676,1.1455098390579224,537.6708811525119,0.952255399999558,0.6793851999973413,0.2654401000036159,124.32373046875,3650.0,0
2,1439,0.6065690239697674,0.0273463204503059,0.203125,0.9458697438240052,2.2299041748046875,530.5411945101237,0.965052299987292,0.7031534999987343,0.2391757000004872,85.66845703125,3650.0,0
2,1440,0.6225460584199035,0.010128803551197,0.203125,0.956380009651184,1.3919613361358645,545.8856904656236,0.9379253000079188,0.6969965000025695,0.234882299992023,82.86328125,3650.0,0
2,1441,0.6685595014217636,0.031546913087368,0.140625,0.9675873517990112,1.500466227531433,531.7280684503104,0.962898199999472,0.6813132999959635,0.2742997000023024,126.07373046875,3650.0,0
2,1442,0.7470186409215874,0.0474288463592529,0.34375,0.9403684735298156,3.4824609756469727,364.5996784539721,1.4042799000017112,0.8386549000133527,0.5436520000075689,560.88037109375,3650.0,0
2,1443,0.7406510831328005,0.0095335245132446,0.21875,0.9567422866821288,1.1097148656845093,381.48850855082895,1.3421112000069115,0.8245141999941552,0.4960690000007162,527.37255859375,3650.0,0
2,1444,0.7315109965653418,0.0089847669005393,0.234375,0.9685527086257936,1.1581443548202517,382.1475017686215,1.3397968000062974,0.8103599000023678,0.507783200009726,537.08740234375,3650.0,0
2,1445,0.7153773154512612,0.048048585653305,0.359375,0.9641890525817872,1.0285946130752563,311.814783965239,1.6420004000101471,0.8857388000033097,0.7258675000048243,844.6396484375,3650.0,0
2,1446,0.7253885575806858,0.0044688954949378,0.1875,0.9696388840675354,3.049983024597168,443.4792611078058,1.1545072000008076,0.7510009999969043,0.3885662999964552,328.56103515625,3650.0,0
2,1447,0.7608334473573817,0.0012473985552787,0.359375,0.9616090655326844,2.521873712539673,275.27592109920425,1.8599519999988845,0.9508055999904172,0.8715818000055151,1032.89208984375,3650.0,0
2,1448,0.741292016922692,0.0478387326002121,0.1875,0.98611181974411,0.9973217844963074,293.0899130013321,1.746904200001154,0.9616428000008456,0.7540507999947295,851.00439453125,3650.0,0
2,1449,0.7407165065545639,0.0041170082986354,0.265625,0.9783899784088136,0.7647923827171326,358.7513323550259,1.4271723999991082,0.9000817999913124,0.5069957999949111,510.9912109375,3650.0,0
2,1450,0.573600456185052,0.0172671377658844,0.234375,0.7924476861953735,1.1988767385482788,466.6705191313727,1.0971337999944808,0.7896578999934718,0.3013753999985056,78.68701171875,3650.0,0
2,1451,0.6459532612833004,0.0146239921450614,0.078125,0.8706156611442566,3.3954594135284424,519.1034110721604,0.9863160000095376,0.7085745999938808,0.2700878000032389,122.42822265625,3650.0,0
2,1452,0.7096623672782115,0.008279763162136,0.203125,0.8986712694168091,1.998088002204895,501.38001912121615,1.0211815000075148,0.7310431999940192,0.2814193000085652,179.10595703125,3650.0,0
2,1453,0.7340987501328107,0.0463612824678421,0.21875,0.962923526763916,1.7405270338058472,372.9948521633916,1.3726730999915162,0.8241445000021486,0.5281768999993801,556.98828125,3650.0,0
2,1454,0.6159641835017665,0.0226296372711658,0.203125,0.9067204594612122,1.465993881225586,547.8695685173486,0.9345290000055684,0.6721500999992713,0.2550914000021294,99.49365234375,3650.0,0
2,1455,0.5678203433294295,0.0655484274029731,0.265625,0.9441615343093872,1.838146686553955,571.336239408409,0.8961448000045493,0.6565109999937704,0.2337468000041553,80.07763671875,3650.0,0
2,1456,0.6108447177060483,0.0085904095321893,0.453125,0.9122684597969056,1.3865559101104736,538.6435734442699,0.9505358000023988,0.7058019999967655,0.2380693000013707,85.66845703125,3650.0,0
2,1457,0.7326495451990994,0.078242540359497,0.203125,0.946183979511261,1.825106143951416,365.1761985855132,1.402062900000601,0.8312718000088353,0.5506210000021383,550.79150390625,3650.0,0
2,1458,0.7578754906453335,0.0131253600120544,0.125,0.6757042407989502,0.7579056024551392,289.0045998593407,1.7715980999928431,0.9101406000118004,0.8257414999970933,1013.6259765625,3650.0,0
2,1459,0.726644515063864,0.0297439098358154,0.140625,0.9732754230499268,0.9187299609184264,477.49461559644897,1.0722633999976097,0.7340635000000475,0.316991900006542,224.09033203125,3650.0,0
2,1460,0.7153890850154417,0.0068400390446186,0.21875,0.9598680138587952,1.687988042831421,500.519973779669,1.0229361999954565,0.7243651999888243,0.2892643000086536,178.79345703125,3650.0,0
2,1461,0.7323313059178903,0.0212432891130447,0.171875,0.9898675680160522,1.478036403656006,448.9894886526932,1.140338499986683,0.7572637000121176,0.3693004000087967,340.23828125,3650.0,0
2,1462,0.6398086991812907,0.0135218910872936,0.296875,0.9557640552520752,1.346710205078125,514.0495670309975,0.9960128999955488,0.7331735000043409,0.255621299991617,104.72265625,3650.0,0
2,1463,0.6065471419015892,0.0080878399312496,0.28125,0.9591761231422424,1.9542436599731443,538.822304926689,0.9502205000026152,0.7042622000008123,0.229327099994407,85.66845703125,3650.0,0
2,1464,0.7261534043452097,0.0115093067288398,0.28125,0.981778919696808,1.2719331979751587,473.0865497073594,1.0822543999966,0.7441734000021825,0.327654499997152,223.80029296875,3650.0,0
2,1465,0.6889114474005652,0.0186390131711959,0.25,0.984529197216034,1.5023130178451538,505.3951424984343,1.0130687000055332,0.7198280000011437,0.2837376999959815,178.79345703125,3650.0,0
2,1466,0.677639406164981,0.0210544466972351,0.21875,0.9754204154014589,1.2732644081115725,506.0727244251135,1.0117123000090942,0.7281340999907115,0.2658382999943569,128.53125,3650.0,0
2,1467,0.7237461872586194,0.0172535851597785,0.171875,0.918469786643982,2.115536689758301,364.5977052416255,1.4042875000013737,0.830682199986768,0.5518668000004254,560.6474609375,3650.0,0
2,1468,0.7120514853133675,0.0132480859756469,0.125,0.9552873373031616,1.7892851829528809,476.8294418304351,1.0737592000077711,0.7273239999922225,0.3346571000001859,224.69287109375,3650.0,0
2,1469,0.6584970187660504,0.0060304999351501,0.171875,0.959419846534729,1.4935145378112793,509.5038387961212,1.0048991999938153,0.7146541999973124,0.2808570999914082,178.89111328125,3650.0,0
2,1470,0.7033982006411338,0.0445474088191986,0.1875,0.9515619277954102,1.6646016836166382,439.5454584884442,1.1648396999953547,0.7862013999983901,0.3649281000107294,312.326171875,3650.0,0
2,1471,0.6708673997449552,0.0330700911581516,0.359375,0.9068798422813416,1.6592700481414795,472.6726434543595,1.0832020999951055,0.7412689000047976,0.3068991000036476,224.61865234375,3650.0,0
2,1472,0.7529293530100537,0.0148254036903381,0.109375,0.900816023349762,1.18742835521698,390.448292597112,1.3113131999998586,0.7863405999960378,0.5037489000096684,522.3427734375,3650.0,0
2,1473,0.7431283186992962,0.0414482057094574,0.203125,0.8090400695800781,0.8487222194671631,287.1987120023256,1.7827378000074532,0.9174290999944787,0.8278981000039494,991.6650390625,3650.0,0
2,1474,0.700022233644573,0.0076200664043426,0.1875,0.943498432636261,1.023817539215088,506.4279755542181,1.0110026000038488,0.7188987999979872,0.2831885999912629,176.00390625,3650.0,0
2,1475,0.7735635083830003,0.0110651850700378,0.171875,0.9094549417495728,1.0941169261932373,266.3931142383971,1.9219715999934124,0.9636724000010872,0.9201654999924358,1092.4033203125,3650.0,0
2,1476,0.6544418422009717,0.0147345475852489,0.203125,0.9223036766052246,0.8885059952735901,468.4673869864359,1.0929255999944871,0.7531592000013916,0.332527000005939,104.67578125,3650.0,0
2,1477,0.6610674520716869,0.0001781191676855,0.1875,0.9309917688369752,1.484432816505432,493.6793614289577,1.037110399993253,0.7572556999948574,0.2732826999999815,104.455078125,3650.0,0
2,1478,0.7465571948938675,0.0055399611592292,0.546875,0.8990600109100342,2.2856483459472656,313.0757237865367,1.635387099988293,0.8735234000050696,0.7296898000058718,846.0107421875,3650.0,0
2,1479,0.5740753062551515,0.0018203556537628,0.125,0.9058500528335572,1.579338788986206,540.6354599660144,0.9470336999947904,0.6737774000066565,0.2664569999906234,82.86328125,3650.0,0
2,1480,0.6050515097929785,0.0360421612858772,0.34375,0.951726496219635,1.815185785293579,542.0412830124845,0.9445774999912828,0.6974945000110893,0.241128599998774,80.07763671875,3650.0,0
2,1481,0.7836645096587986,0.0013917759060859,0.09375,0.6423957347869873,1.5918948650360107,283.477298646037,1.80614109999442,0.9100684999866644,0.8592730999953346,996.79150390625,3650.0,0
2,1482,0.7280390012083772,0.0053855068981647,0.140625,0.957794427871704,1.336055040359497,364.9324440192816,1.4029994000011357,0.8585112000000663,0.5222178999974858,558.0732421875,3650.0,0
2,1483,0.6942017588434916,0.0077106729149818,0.109375,0.93281751871109,1.5751322507858276,460.0464898559112,1.1129309999960242,0.8229781999980332,0.2806153999990783,167.47900390625,3650.0,0
2,1484,0.573708098319976,0.0112745612859725,0.1875,0.9367209672927856,0.8097990155220032,500.0951352826287,1.0238052000058817,0.7310780999978306,0.2864346999995177,82.86328125,3650.0,0
2,1485,0.7497851365648269,0.0258228406310081,0.046875,0.8261982202529907,1.4067728519439695,263.67585461891395,1.9417781000083776,0.9851675999962026,0.9173406999907456,1082.72900390625,3650.0,0
2,1486,0.6146543422413732,0.0594585761427879,0.40625,0.9594542384147644,1.1628297567367554,529.6676470004693,0.966643899999326,0.7022316999937175,0.2573371000034967,105.71484375,3650.0,0
2,1487,0.5571727766330478,0.0401438325643539,0.28125,0.9563336968421936,1.4027397632598877,548.5772082191296,0.9333235000085552,0.6868825999990804,0.240142199996626,81.47265625,3650.0,0
2,1488,0.7380074003888277,0.0012141987681388,0.3125,0.8726826906204224,1.7231132984161377,305.6408404918097,1.6751688000076683,0.894101400001091,0.7509959000017261,871.927734375,3650.0,0
2,1489,0.6169125238643908,0.0286118816584348,0.15625,0.9497004747390748,1.513351559638977,530.0597176473226,0.9659288999973796,0.7090804999897955,0.2388824000081513,81.47265625,3650.0,0
2,1490,0.7582590354886881,0.0468432679772377,0.34375,0.8717851638793945,0.6877722144126892,275.11867044989486,1.8610151000029875,0.9434119999932592,0.8812799000006635,1050.82275390625,3650.0,0
2,1491,0.6708273463817692,0.0551702305674552,0.140625,0.95001482963562,1.310818076133728,508.8512791703232,1.006187899998622,0.7206216999911703,0.2762654000107432,178.75244140625,3650.0,0
2,1492,0.7205516384448264,0.0020930767059326,0.1875,0.9027357697486876,1.458529710769653,312.119318828137,1.6403982999909203,0.8974642000102904,0.7133416999859037,841.36962890625,3650.0,0
2,1493,0.6686058439159412,0.0046722963452339,0.28125,0.9859164357185364,1.3699759244918823,442.40148660286303,1.1573198000114644,0.7704389999998966,0.3723604999977397,331.6103515625,3650.0,0
2,1494,0.6052216625043783,0.0313943922519683,0.140625,0.9510223865509032,1.5221045017242432,608.55403520898,0.8413385999883758,0.5834408999944571,0.2511132999934489,100.14306640625,3650.0,0
2,1495,0.7110636743163787,0.0276962462812662,0.1875,0.9289335012435912,0.9846847653388976,489.5326072662794,1.0458956000074977,0.7295927999948617,0.3052102999936323,220.20361328125,3650.0,0
2,1496,0.767750737036671,0.0166156366467475,0.234375,0.8304778337478638,1.2528811693191528,311.1876897550093,1.645309300001827,0.8841602000029525,0.7310964999924181,868.6845703125,3650.0,0
2,1497,0.6658112234815675,0.0459251329302787,0.234375,0.9280046820640564,1.2611491680145264,543.384013090037,0.9422434000007344,0.6755560000019614,0.259139600006165,119.88525390625,3650.0,0
2,1498,0.6649079203087672,0.0259327702224254,0.15625,0.9743467569351196,0.9468152523040771,470.9446902115516,1.0871765000047162,0.7439903999911621,0.3327361999981804,224.80908203125,3650.0,0
2,1499,0.69987881995009,0.0064476542174816,0.25,0.9662595987319946,1.605614185333252,498.7478700894847,1.026570800007903,0.7214604999899166,0.2948965999967186,220.89892578125,3650.0,0
2,1500,0.6742672952561208,0.0001723244786262,0.140625,0.9679166674613952,0.991252303123474,520.9269691931095,0.9828632999997352,0.7124732000083895,0.2633231999934651,105.78125,3650.0,0
