absolute_optimality_gap,accepted_move_budget,accepted_moves,cap_violation,deterministic_inference,diversity_violation,effect_score,entropy,gap_to_gurobi_incumbent,global_score,group,gurobi_bound,gurobi_incumbent,gurobi_proven_optimal,gurobi_seed,gurobi_stages,gurobi_status,hard_feasible_rate,illegal_action_count,improvement_over_greedy,improvement_over_initial,improvement_over_ppo,instance_name,instance_path,instance_uid,iteration_limit_reached,manifest_index,mask_violation_count,mip_gap,n,node_count,objective_bound,objective_incumbent,objective_recompute_error,one_point_local_optimum_certified,policy_steps,ppo_runtime,proven_optimal,refinement_runtime,relative_gap_to_gurobi_incumbent,requested_mip_gap,runtime,scenario_id,simplex_iterations,soft_penalty,solution_count,solver_name,solver_runtime,stage1_mip_gap,stage1_runtime,stage1_status,status_code,student_pref_score,teacher_pref_score,termination_reason,time_limit,topology,total_score,valid_action_ratio,worst_case_gap_to_gurobi_bound,runtime_definition,gurobi_optimize_runtime,gurobi_model_build_and_overhead_runtime,J_star,gap_absolute_recomputed,gap_relative_percent_recomputed
,,,0.0,True,0.0,0.7841463414634146,0.9661141207625578,0.0001219512195121,0.9521951219512196,group1,0.6860019749455057,0.6860019749455056,True,,,,1.0,0.0,,,,inst_V60_w6-10_s670535,D:\project\Resource_Allocation\data_processed\base_instances\uniform\group1\inst_V60_w6-10_s670535.assignment.json,uniform/group1/inst_V60_w6-10_s670535,,547,0,,41,,,,,,59.0,,,,0.0001777709452248,,0.5992244999999912,interp-0007,,0.0,,ppo,,,,,,0.7085817460584094,0.7130846903089791,,,uniform,0.6858800237259934,0.9090909090909092,0.0001219512195123,complete_solver_call,,,0.6860019749455056,0.00012195121951219523,0.017777094522487744
,,,0.0,,0.0,0.7865853658536586,0.9580397150757068,0.0007472626571461,0.9278048780487804,group1,0.6860019749455057,0.6860019749455056,True,,,,1.0,,0.0668546252258034,0.0238850337177818,,inst_V60_w6-10_s670535,D:\project\Resource_Allocation\data_processed\base_instances\uniform\group1\inst_V60_w6-10_s670535.assignment.json,uniform/group1/inst_V60_w6-10_s670535,,547,0,,41,,,,,,,,,,0.0010893010289154,,0.3170252999999547,interp-0007,,0.0,,one_point_best_improvement_local_search,,,,,,0.712662817381044,0.7133316415284913,,,uniform,0.6852547122883594,0.9090909090909092,0.0007472626571463,complete_solver_call,,,0.6860019749455056,0.0007472626571461971,0.10893010289154895
,4.0,0.0,0.0,,0.0,0.7841463414634146,0.9661141207625578,0.0001219512195121,0.9521951219512196,group1,0.6860019749455057,0.6860019749455056,True,,,,1.0,,,0.0,0.0,inst_V60_w6-10_s670535,D:\project\Resource_Allocation\data_processed\base_instances\uniform\group1\inst_V60_w6-10_s670535.assignment.json,uniform/group1/inst_V60_w6-10_s670535,False,547,0,,41,,,,,True,,0.5992244999999912,,0.0176996999999801,0.0001777709452248,,0.6169241999999713,interp-0007,,0.0,,ppo_plus_short_local_search_4,,,,,,0.7085817460584094,0.7130846903089791,one_point_local_optimum,,uniform,0.6858800237259934,0.9090909090909092,0.0001219512195123,complete_solver_call,,,0.6860019749455056,0.00012195121951219523,0.017777094522487744
,8.0,0.0,0.0,,0.0,0.7841463414634146,0.9661141207625578,0.0001219512195121,0.9521951219512196,group1,0.6860019749455057,0.6860019749455056,True,,,,1.0,,,0.0,0.0,inst_V60_w6-10_s670535,D:\project\Resource_Allocation\data_processed\base_instances\uniform\group1\inst_V60_w6-10_s670535.assignment.json,uniform/group1/inst_V60_w6-10_s670535,False,547,0,,41,,,,,True,,0.5992244999999912,,0.0172400000000152,0.0001777709452248,,0.6164645000000064,interp-0007,,0.0,,ppo_plus_short_local_search_8,,,,,,0.7085817460584094,0.7130846903089791,one_point_local_optimum,,uniform,0.6858800237259934,0.9090909090909092,0.0001219512195123,complete_solver_call,,,0.6860019749455056,0.00012195121951219523,0.017777094522487744
,16.0,0.0,0.0,,0.0,0.7841463414634146,0.9661141207625578,0.0001219512195121,0.9521951219512196,group1,0.6860019749455057,0.6860019749455056,True,,,,1.0,,,0.0,0.0,inst_V60_w6-10_s670535,D:\project\Resource_Allocation\data_processed\base_instances\uniform\group1\inst_V60_w6-10_s670535.assignment.json,uniform/group1/inst_V60_w6-10_s670535,False,547,0,,41,,,,,True,,0.5992244999999912,,0.0176207000000658,0.0001777709452248,,0.616845200000057,interp-0007,,0.0,,ppo_plus_short_local_search_16,,,,,,0.7085817460584094,0.7130846903089791,one_point_local_optimum,,uniform,0.6858800237259934,0.9090909090909092,0.0001219512195123,complete_solver_call,,,0.6860019749455056,0.00012195121951219523,0.017777094522487744
,32.0,0.0,0.0,,0.0,0.7841463414634146,0.9661141207625578,0.0001219512195121,0.9521951219512196,group1,0.6860019749455057,0.6860019749455056,True,,,,1.0,,,0.0,0.0,inst_V60_w6-10_s670535,D:\project\Resource_Allocation\data_processed\base_instances\uniform\group1\inst_V60_w6-10_s670535.assignment.json,uniform/group1/inst_V60_w6-10_s670535,False,547,0,,41,,,,,True,,0.5992244999999912,,0.0174621999999544,0.0001777709452248,,0.6166866999999456,interp-0007,,0.0,,ppo_plus_short_local_search_32,,,,,,0.7085817460584094,0.7130846903089791,one_point_local_optimum,,uniform,0.6858800237259934,0.9090909090909092,0.0001219512195123,complete_solver_call,,,0.6860019749455056,0.00012195121951219523,0.017777094522487744
1.1102230246251563e-16,,,0.0,,0.0,0.7841463414634146,0.9661141207625578,0.0,0.9521951219512196,group1,0.6860019749455057,0.6860019749455056,True,0.0,1.0,optimal,1.0,,,0.024632296374928,,inst_V60_w6-10_s670535,D:\project\Resource_Allocation\data_processed\base_instances\uniform\group1\inst_V60_w6-10_s670535.assignment.json,uniform/group1/inst_V60_w6-10_s670535,,547,0,0.0,41,1.0,0.6860019749455057,0.6860019749455057,1.1102230246251563e-16,,,,True,,0.0,0.0,0.0984540999997989,interp-0007,1222.0,0.0,7.0,gurobi_exact_or_bounded,0.1430001258850097,0.0,0.1559710999999879,optimal,2.0,0.7090695509364582,0.7130846903089791,,120.0,uniform,0.6860019749455056,0.9090909090909092,1.1102230246251563e-16,complete_solver_call,0.0659999847412109,0.0324541152585879,0.6860019749455056,0.0,0.0
,,,0.0,True,0.0,0.7745283018867926,0.9510249903406178,0.0009504532434906,0.9362264150943396,group2,0.6926742299399964,0.6926742299399966,True,,,,1.0,0.0,,,,inst_V80_w8-12_s670573,D:\project\Resource_Allocation\data_processed\base_instances\uniform\group2\inst_V80_w8-12_s670573.assignment.json,uniform/group2/inst_V80_w8-12_s670573,,567,0,,53,,,,,,70.0,,,,0.0013721504314848,,0.2781525000000329,interp-0027,,0.0,,ppo,,,,,,0.7788077500360737,0.6841628284480631,,,uniform,0.691723776696506,0.9090909090909092,0.0009504532434904,complete_solver_call,,,0.6926742299399966,0.0009504532434906343,0.1372150431484896
,,,0.0,,0.0,0.7726415094339624,0.9624777685936028,0.0004463780902993,0.9450943396226414,group2,0.6926742299399964,0.6926742299399966,True,,,,1.0,,0.0744523045579147,0.0302734310556761,,inst_V80_w8-12_s670573,D:\project\Resource_Allocation\data_processed\base_instances\uniform\group2\inst_V80_w8-12_s670573.assignment.json,uniform/group2/inst_V80_w8-12_s670573,,567,0,,53,,,,,,,,,,0.0006444271650441,,0.6596602000000757,interp-0027,,0.0,,one_point_best_improvement_local_search,,,,,,0.7794962649896576,0.6842075952393197,,,uniform,0.6922278518496973,0.9090909090909092,0.0004463780902991,complete_solver_call,,,0.6926742299399966,0.0004463780902993486,0.06444271650441166
,4.0,1.0,0.0,,0.0,0.7726415094339625,0.957815900301624,0.0003083382318634,0.9516981132075472,group2,0.6926742299399964,0.6926742299399966,True,,,,1.0,,,0.0006421150116271,0.0006421150116271,inst_V80_w8-12_s670573,D:\project\Resource_Allocation\data_processed\base_instances\uniform\group2\inst_V80_w8-12_s670573.assignment.json,uniform/group2/inst_V80_w8-12_s670573,False,567,0,,53,,,,,True,,0.2781525000000329,,0.0471975000000384,0.0004451417687217,,0.3253500000000713,interp-0027,,0.0,,ppo_plus_short_local_search_4,,,,,,0.7784068704599407,0.6832076397688177,one_point_local_optimum,,uniform,0.6923658917081331,0.9090909090909092,0.0003083382318632,complete_solver_call,,,0.6926742299399966,0.00030833823186349196,0.044514176872178714
,8.0,1.0,0.0,,0.0,0.7726415094339625,0.957815900301624,0.0003083382318634,0.9516981132075472,group2,0.6926742299399964,0.6926742299399966,True,,,,1.0,,,0.0006421150116271,0.0006421150116271,inst_V80_w8-12_s670573,D:\project\Resource_Allocation\data_processed\base_instances\uniform\group2\inst_V80_w8-12_s670573.assignment.json,uniform/group2/inst_V80_w8-12_s670573,False,567,0,,53,,,,,True,,0.2781525000000329,,0.0478144999999585,0.0004451417687217,,0.3259669999999914,interp-0027,,0.0,,ppo_plus_short_local_search_8,,,,,,0.7784068704599407,0.6832076397688177,one_point_local_optimum,,uniform,0.6923658917081331,0.9090909090909092,0.0003083382318632,complete_solver_call,,,0.6926742299399966,0.00030833823186349196,0.044514176872178714
,16.0,1.0,0.0,,0.0,0.7726415094339625,0.957815900301624,0.0003083382318634,0.9516981132075472,group2,0.6926742299399964,0.6926742299399966,True,,,,1.0,,,0.0006421150116271,0.0006421150116271,inst_V80_w8-12_s670573,D:\project\Resource_Allocation\data_processed\base_instances\uniform\group2\inst_V80_w8-12_s670573.assignment.json,uniform/group2/inst_V80_w8-12_s670573,False,567,0,,53,,,,,True,,0.2781525000000329,,0.0517594000000372,0.0004451417687217,,0.3299119000000701,interp-0027,,0.0,,ppo_plus_short_local_search_16,,,,,,0.7784068704599407,0.6832076397688177,one_point_local_optimum,,uniform,0.6923658917081331,0.9090909090909092,0.0003083382318632,complete_solver_call,,,0.6926742299399966,0.00030833823186349196,0.044514176872178714
,32.0,1.0,0.0,,0.0,0.7726415094339625,0.957815900301624,0.0003083382318634,0.9516981132075472,group2,0.6926742299399964,0.6926742299399966,True,,,,1.0,,,0.0006421150116271,0.0006421150116271,inst_V80_w8-12_s670573,D:\project\Resource_Allocation\data_processed\base_instances\uniform\group2\inst_V80_w8-12_s670573.assignment.json,uniform/group2/inst_V80_w8-12_s670573,False,567,0,,53,,,,,True,,0.2781525000000329,,0.0513892000000169,0.0004451417687217,,0.3295417000000498,interp-0027,,0.0,,ppo_plus_short_local_search_32,,,,,,0.7784068704599407,0.6832076397688177,one_point_local_optimum,,uniform,0.6923658917081331,0.9090909090909092,0.0003083382318632,complete_solver_call,,,0.6926742299399966,0.00030833823186349196,0.044514176872178714
0.0,,,0.0,,0.0,0.7698113207547169,0.9624777685936028,0.0,0.9594339622641508,group2,0.6926742299399964,0.6926742299399966,True,0.0,1.0,optimal,1.0,,,0.0307198091459754,,inst_V80_w8-12_s670573,D:\project\Resource_Allocation\data_processed\base_instances\uniform\group2\inst_V80_w8-12_s670573.assignment.json,uniform/group2/inst_V80_w8-12_s670573,,567,0,0.0,53,1.0,0.6926742299399964,0.6926742299399965,1.1102230246251563e-16,,,,True,,0.0,0.0,0.0793127999995704,interp-0027,1449.0,0.0,7.0,gurobi_exact_or_bounded,0.1080000400543212,0.0,0.1102994999999964,optimal,2.0,0.7794752666863558,0.6836744832623096,,120.0,uniform,0.6926742299399966,0.9090909090909092,-2.220446049250313e-16,complete_solver_call,0.0720000267028808,0.0073127732966895,0.6926742299399966,0.0,0.0
,,,0.0,True,0.0,0.8095588235294118,0.8946207038611842,0.0047139595582968,0.8564705882352941,group3,0.7155695373933315,0.7155695373933313,True,,,,1.0,0.0,,,,inst_V100_w10-15_s670585,D:\project\Resource_Allocation\data_processed\base_instances\uniform\group3\inst_V100_w10-15_s670585.assignment.json,uniform/group3/inst_V100_w10-15_s670585,,584,0,,68,,,,,,65.0,,,,0.0065877029582182,,0.2011138000000301,interp-0014,,0.0,,ppo,,,,,,0.7465848325103159,0.7827786553004099,,,uniform,0.7108555778350344,0.9090909090909092,0.0047139595582971,complete_solver_call,,,0.7155695373933313,0.0047139595582968985,0.6587702958218229
,,,0.0,,0.0,0.7919117647058823,0.9735600671247674,0.0004452934489675,0.9623529411764706,group3,0.7155695373933315,0.7155695373933313,True,,,,1.0,,0.0592584313513528,0.0338243309033556,,inst_V100_w10-15_s670585,D:\project\Resource_Allocation\data_processed\base_instances\uniform\group3\inst_V100_w10-15_s670585.assignment.json,uniform/group3/inst_V100_w10-15_s670585,,584,0,,68,,,,,,,,,,0.0006222923499366,,1.0417598000000226,interp-0014,,0.0,,one_point_best_improvement_local_search,,,,,,0.7464978075973843,0.7787638740624235,,,uniform,0.7151242439443637,0.9090909090909092,0.0004452934489678,complete_solver_call,,,0.7155695373933313,0.0004452934489675986,0.06222923499366793
,4.0,4.0,0.0,,0.0,0.8022058823529412,0.9526350533047334,0.0019688865769474,0.9152941176470588,group3,0.7155695373933315,0.7155695373933313,True,,,,1.0,,,0.0027450729813494,0.0027450729813494,inst_V100_w10-15_s670585,D:\project\Resource_Allocation\data_processed\base_instances\uniform\group3\inst_V100_w10-15_s670585.assignment.json,uniform/group3/inst_V100_w10-15_s670585,True,584,0,,68,,,,,False,,0.2011138000000301,,0.1610185000000683,0.002751495800282,,0.3621323000000984,interp-0014,,0.0,,ppo_plus_short_local_search_4,,,,,,0.7450296854514924,0.78060821193169,accepted_move_limit,,uniform,0.7136006508163838,0.9090909090909092,0.0019688865769477,complete_solver_call,,,0.7155695373933313,0.001968886576947493,0.27514958002820117
,8.0,8.0,0.0,,0.0,0.7904411764705882,0.9712982667419384,0.0,0.9741176470588236,group3,0.7155695373933315,0.7155695373933313,True,,,,1.0,,,0.0047139595582968,0.0047139595582968,inst_V100_w10-15_s670585,D:\project\Resource_Allocation\data_processed\base_instances\uniform\group3\inst_V100_w10-15_s670585.assignment.json,uniform/group3/inst_V100_w10-15_s670585,True,584,0,,68,,,,,False,,0.2011138000000301,,0.2237758999999641,0.0,,0.4248896999999942,interp-0014,,0.0,,ppo_plus_short_local_search_8,,,,,,0.7468989463518974,0.7772027326331928,accepted_move_limit,,uniform,0.7155695373933313,0.9090909090909092,2.220446049250313e-16,complete_solver_call,,,0.7155695373933313,0.0,0.0
,16.0,8.0,0.0,,0.0,0.7904411764705882,0.9712982667419384,0.0,0.9741176470588236,group3,0.7155695373933315,0.7155695373933313,True,,,,1.0,,,0.0047139595582968,0.0047139595582968,inst_V100_w10-15_s670585,D:\project\Resource_Allocation\data_processed\base_instances\uniform\group3\inst_V100_w10-15_s670585.assignment.json,uniform/group3/inst_V100_w10-15_s670585,False,584,0,,68,,,,,True,,0.2011138000000301,,0.2432757000000265,0.0,,0.4443895000000566,interp-0014,,0.0,,ppo_plus_short_local_search_16,,,,,,0.7468989463518974,0.7772027326331928,one_point_local_optimum,,uniform,0.7155695373933313,0.9090909090909092,2.220446049250313e-16,complete_solver_call,,,0.7155695373933313,0.0,0.0
,32.0,8.0,0.0,,0.0,0.7904411764705882,0.9712982667419384,0.0,0.9741176470588236,group3,0.7155695373933315,0.7155695373933313,True,,,,1.0,,,0.0047139595582968,0.0047139595582968,inst_V100_w10-15_s670585,D:\project\Resource_Allocation\data_processed\base_instances\uniform\group3\inst_V100_w10-15_s670585.assignment.json,uniform/group3/inst_V100_w10-15_s670585,False,584,0,,68,,,,,True,,0.2011138000000301,,0.2372053000000278,0.0,,0.4383191000000579,interp-0014,,0.0,,ppo_plus_short_local_search_32,,,,,,0.7468989463518974,0.7772027326331928,one_point_local_optimum,,uniform,0.7155695373933313,0.9090909090909092,2.220446049250313e-16,complete_solver_call,,,0.7155695373933313,0.0,0.0
2.220446049250313e-16,,,0.0,,0.0,0.7904411764705883,0.9712982667419384,0.0,0.9741176470588236,group3,0.7155695373933315,0.7155695373933313,True,0.0,1.0,optimal,1.0,,,0.0342696243523232,,inst_V100_w10-15_s670585,D:\project\Resource_Allocation\data_processed\base_instances\uniform\group3\inst_V100_w10-15_s670585.assignment.json,uniform/group3/inst_V100_w10-15_s670585,,584,0,0.0,68,1.0,0.7155695373933315,0.7155695373933314,1.1102230246251563e-16,,,,True,,0.0,0.0,0.1158771000000342,interp-0014,1513.0,0.0,3.0,gurobi_exact_or_bounded,0.129000186920166,0.0,0.1294603000000052,optimal,2.0,0.7468989463518972,0.7772027326331928,,120.0,uniform,0.7155695373933313,0.9090909090909092,2.220446049250313e-16,complete_solver_call,0.1080000400543212,0.0078770599457129,0.7155695373933313,0.0,0.0
,,,0.0,True,0.0,0.8019417475728157,0.8560806843079204,0.0076367188004973,0.8378640776699029,group4,0.7204356987015125,0.720435698701511,True,,,,1.0,0.0,,,,inst_V150_w12-20_s670552,D:\project\Resource_Allocation\data_processed\base_instances\uniform\group4\inst_V150_w12-20_s670552.assignment.json,uniform/group4/inst_V150_w12-20_s670552,,595,0,,103,,,,,,82.0,,,,0.0106001393521468,,0.2253273000000035,interp-0025,,0.0,,ppo,,,,,,0.7407156097846416,0.8130045816640732,,,uniform,0.7127989799010137,0.9090909090909092,0.0076367188004987,complete_solver_call,,,0.720435698701511,0.007636718800497322,1.0600139352146882
,,,0.0,,0.0,0.7742718446601943,0.97063440464191,0.0015133360664038,0.980485436893204,group4,0.7204356987015125,0.720435698701511,True,,,,1.0,,0.0484070480669919,0.0334199511535758,,inst_V150_w12-20_s670552,D:\project\Resource_Allocation\data_processed\base_instances\uniform\group4\inst_V150_w12-20_s670552.assignment.json,uniform/group4/inst_V150_w12-20_s670552,,595,0,,103,,,,,,,,,,0.0021005845061972,,3.3930041999999503,interp-0025,,0.0,,one_point_best_improvement_local_search,,,,,,0.7407001783174714,0.8136688838734428,,,uniform,0.7189223626351072,0.9090909090909092,0.0015133360664052,complete_solver_call,,,0.720435698701511,0.0015133360664038031,0.2100584506197276
,4.0,4.0,0.0,,0.0,0.7980582524271845,0.9019382541370178,0.0048331046595515,0.8766990291262136,group4,0.7204356987015125,0.720435698701511,True,,,,1.0,,,0.0028036141409457,0.0028036141409457,inst_V150_w12-20_s670552,D:\project\Resource_Allocation\data_processed\base_instances\uniform\group4\inst_V150_w12-20_s670552.assignment.json,uniform/group4/inst_V150_w12-20_s670552,True,595,0,,103,,,,,False,,0.2253273000000035,,0.1709822999999914,0.0067085857464622,,0.396309599999995,interp-0025,,0.0,,ppo_plus_short_local_search_4,,,,,,0.7391316094476945,0.8149292521570367,accepted_move_limit,,uniform,0.7156025940419595,0.9090909090909092,0.004833104659553,complete_solver_call,,,0.720435698701511,0.004833104659551557,0.6708585746462289
,8.0,8.0,0.0,,0.0,0.7927184466019418,0.9439418227940782,0.0029084164499254,0.9155339805825242,group4,0.7204356987015125,0.720435698701511,True,,,,1.0,,,0.0047283023505718,0.0047283023505718,inst_V150_w12-20_s670552,D:\project\Resource_Allocation\data_processed\base_instances\uniform\group4\inst_V150_w12-20_s670552.assignment.json,uniform/group4/inst_V150_w12-20_s670552,True,595,0,,103,,,,,False,,0.2253273000000035,,0.3291324999999006,0.0040370243384211,,0.5544597999999041,interp-0025,,0.0,,ppo_plus_short_local_search_8,,,,,,0.7391407452870544,0.8134926555639481,accepted_move_limit,,uniform,0.7175272822515856,0.9090909090909092,0.0029084164499268,complete_solver_call,,,0.720435698701511,0.002908416449925455,0.4037024338421162
,16.0,16.0,0.0,,0.0,0.7805825242718447,0.9692315666650196,0.0004626065873735,0.9772815533980582,group4,0.7204356987015125,0.720435698701511,True,,,,1.0,,,0.0071741122131238,0.0071741122131238,inst_V150_w12-20_s670552,D:\project\Resource_Allocation\data_processed\base_instances\uniform\group4\inst_V150_w12-20_s670552.assignment.json,uniform/group4/inst_V150_w12-20_s670552,True,595,0,,103,,,,,False,,0.2253273000000035,,0.6746790999999348,0.0006421205781547,,0.9000063999999384,interp-0025,,0.0,,ppo_plus_short_local_search_16,,,,,,0.740331279267637,0.8119494387034762,accepted_move_limit,,uniform,0.7199730921141375,0.9090909090909092,0.0004626065873749,complete_solver_call,,,0.720435698701511,0.00046260658737351523,0.06421205781547218
,32.0,17.0,0.0,,0.0,0.7800970873786407,0.97045652009522,0.000348944823606,0.9796116504854367,group4,0.7204356987015125,0.720435698701511,True,,,,1.0,,,0.0072877739768912,0.0072877739768912,inst_V150_w12-20_s670552,D:\project\Resource_Allocation\data_processed\base_instances\uniform\group4\inst_V150_w12-20_s670552.assignment.json,uniform/group4/inst_V150_w12-20_s670552,False,595,0,,103,,,,,True,,0.2253273000000035,,0.8637899999999945,0.0004843524886883,,1.089117299999998,interp-0025,,0.0,,ppo_plus_short_local_search_32,,,,,,0.7402803083938505,0.8121055420692256,one_point_local_optimum,,uniform,0.720086753877905,0.9090909090909092,0.0003489448236074,complete_solver_call,,,0.720435698701511,0.0003489448236060344,0.048435248868838786
1.4432899320127037e-15,,,0.0,,0.0,0.7810679611650486,0.9673058602196656,0.0,0.9825242718446602,group4,0.7204356987015125,0.720435698701511,True,0.0,1.0,optimal,1.0,,,0.0349332872199796,,inst_V150_w12-20_s670552,D:\project\Resource_Allocation\data_processed\base_instances\uniform\group4\inst_V150_w12-20_s670552.assignment.json,uniform/group4/inst_V150_w12-20_s670552,,595,0,0.0,103,1.0,0.7204356987015125,0.7204356987015109,1.1102230246251563e-16,,,,True,,0.0,0.0,0.2222547999999733,interp-0025,3566.0,0.0,4.0,gurobi_exact_or_bounded,0.2689998149871826,0.0,0.2716286999999511,optimal,2.0,0.7396249685880252,0.8118265640820966,,120.0,uniform,0.720435698701511,0.9090909090909092,1.4432899320127037e-15,complete_solver_call,0.2119998931884765,0.0102549068114967,0.720435698701511,0.0,0.0
,,,0.0,True,0.0,0.7956834532374101,0.8769797057283109,0.0091178624934334,0.8248201438848921,group5,0.6881697504928557,0.6881697504928557,True,,,,1.0,0.0,,,,inst_V200_w15-25_s670548,D:\project\Resource_Allocation\data_processed\base_instances\uniform\group5\inst_V200_w15-25_s670548.assignment.json,uniform/group5/inst_V200_w15-25_s670548,,608,0,,139,,,,,,100.0,,,,0.0132494380738232,,1.2555103999999346,interp-0008,,0.0,,ppo,,,,,,0.746819663966427,0.684639686592413,,,uniform,0.6790518879994222,0.9090909090909092,0.0091178624934334,complete_solver_call,,,0.6881697504928557,0.009117862493433493,1.3249438073823256
,,,0.0,,0.0,0.7798561151079137,0.9409647782219014,0.0019827967781231,0.9383453237410072,group5,0.6881697504928557,0.6881697504928557,True,,,,1.0,,0.0624031601200099,0.0251251145458388,,inst_V200_w15-25_s670548,D:\project\Resource_Allocation\data_processed\base_instances\uniform\group5\inst_V200_w15-25_s670548.assignment.json,uniform/group5/inst_V200_w15-25_s670548,,608,0,,139,,,,,,,,,,0.0028812611665989,,3.568785700000035,interp-0008,,0.0,,one_point_best_improvement_local_search,,,,,,0.7494493726628757,0.6841329745701545,,,uniform,0.6861869537147325,0.9090909090909092,0.0019827967781231,complete_solver_call,,,0.6881697504928557,0.001982796778123186,0.2881261166598997
,4.0,4.0,0.0,,0.0,0.7931654676258992,0.8923100977382065,0.0070270535637535,0.8535971223021583,group5,0.6881697504928557,0.6881697504928557,True,,,,1.0,,,0.0020908089296799,0.0020908089296799,inst_V200_w15-25_s670548,D:\project\Resource_Allocation\data_processed\base_instances\uniform\group5\inst_V200_w15-25_s670548.assignment.json,uniform/group5/inst_V200_w15-25_s670548,True,608,0,,139,,,,,False,,1.2555103999999346,,0.2683138999999528,0.0102112212266245,,1.5238242999998874,interp-0008,,0.0,,ppo_plus_short_local_search_4,,,,,,0.7469516477306171,0.6843817299138488,accepted_move_limit,,uniform,0.6811426969291021,0.9090909090909092,0.0070270535637535,complete_solver_call,,,0.6881697504928557,0.007027053563753549,1.0211221226624523
,8.0,8.0,0.0,,0.0,0.7902877697841726,0.9196610165200308,0.0051013965738875,0.8823741007194245,group5,0.6881697504928557,0.6881697504928557,True,,,,1.0,,,0.0040164659195459,0.0040164659195459,inst_V200_w15-25_s670548,D:\project\Resource_Allocation\data_processed\base_instances\uniform\group5\inst_V200_w15-25_s670548.assignment.json,uniform/group5/inst_V200_w15-25_s670548,True,608,0,,139,,,,,False,,1.2555103999999346,,0.5148325000000114,0.0074129915914409,,1.770342899999946,interp-0008,,0.0,,ppo_plus_short_local_search_8,,,,,,0.7473418799546391,0.6836365716924567,accepted_move_limit,,uniform,0.6830683539189681,0.9090909090909092,0.0051013965738875,complete_solver_call,,,0.6881697504928557,0.005101396573887529,0.7412991591440911
,16.0,16.0,0.0,,0.0,0.7794964028776978,0.9415670639787012,0.0020528150979176,0.9399280575539568,group5,0.6881697504928557,0.6881697504928557,True,,,,1.0,,,0.0070650473955158,0.0070650473955158,inst_V200_w15-25_s670548,D:\project\Resource_Allocation\data_processed\base_instances\uniform\group5\inst_V200_w15-25_s670548.assignment.json,uniform/group5/inst_V200_w15-25_s670548,True,608,0,,139,,,,,False,,1.2555103999999346,,1.0117192999999816,0.0029830068764973,,2.267229699999916,interp-0008,,0.0,,ppo_plus_short_local_search_16,,,,,,0.7488680403908928,0.6842327947140394,accepted_move_limit,,uniform,0.686116935394938,0.9090909090909092,0.0020528150979176,complete_solver_call,,,0.6881697504928557,0.0020528150979176596,0.2983006876497358
,32.0,17.0,0.0,,0.0,0.7787769784172662,0.9411792631841326,0.0017959519290809,0.944820143884892,group5,0.6881697504928557,0.6881697504928557,True,,,,1.0,,,0.0073219105643524,0.0073219105643524,inst_V200_w15-25_s670548,D:\project\Resource_Allocation\data_processed\base_instances\uniform\group5\inst_V200_w15-25_s670548.assignment.json,uniform/group5/inst_V200_w15-25_s670548,False,608,0,,139,,,,,True,,1.2555103999999346,,1.055338600000027,0.0026097513408497,,2.310848999999962,interp-0008,,0.0,,ppo_plus_short_local_search_32,,,,,,0.7489935146489725,0.6840412479514496,one_point_local_optimum,,uniform,0.6863737985637747,0.9090909090909092,0.0017959519290809,complete_solver_call,,,0.6881697504928557,0.0017959519290809967,0.2609751340849792
0.0,,,0.0,,0.0,0.7744604316546763,0.9702937019523016,0.0,0.994820143884892,group5,0.6881697504928557,0.6881697504928557,True,0.0,1.0,optimal,1.0,,,0.027107911323962,,inst_V200_w15-25_s670548,D:\project\Resource_Allocation\data_processed\base_instances\uniform\group5\inst_V200_w15-25_s670548.assignment.json,uniform/group5/inst_V200_w15-25_s670548,,608,0,0.0,139,1.0,0.6881697504928557,0.6881697504928558,1.1102230246251563e-16,,,,True,,0.0,0.0,0.2495865999999296,interp-0008,4172.0,0.0,4.0,gurobi_exact_or_bounded,0.2369999885559082,0.0,0.2377237999999124,optimal,2.0,0.7468862356704359,0.6785121907614182,,120.0,uniform,0.6881697504928557,0.9090909090909092,0.0,complete_solver_call,0.2319998741149902,0.0175867258849393,0.6881697504928557,0.0,0.0
,,,0.0,True,0.0,0.792822966507177,0.8378938905673542,0.0120001111119664,0.7761244019138756,group6,0.7018733714483697,0.7018733714483697,True,,,,1.0,0.0,,,,inst_V300_w20-35_s670586,D:\project\Resource_Allocation\data_processed\base_instances\uniform\group6\inst_V300_w20-35_s670586.assignment.json,uniform/group6/inst_V300_w20-35_s670586,,629,0,,209,,,,,,128.0,,,,0.017097259420461,,1.6946495000000823,interp-0029,,0.0,,ppo,,,,,,0.754262760205799,0.7433929605656515,,,uniform,0.6898732603364033,0.9090909090909092,0.0120001111119664,complete_solver_call,,,0.7018733714483697,0.012000111111966416,1.7097259420461077
,,,0.0,,0.0,0.7720095693779903,0.9709977961653437,0.0002508539892391,0.9897129186602872,group6,0.7018733714483697,0.7018733714483697,True,,,,1.0,,0.0677035728041389,0.0288733330051556,,inst_V300_w20-35_s670586,D:\project\Resource_Allocation\data_processed\base_instances\uniform\group6\inst_V300_w20-35_s670586.assignment.json,uniform/group6/inst_V300_w20-35_s670586,,629,0,,209,,,,,,,,,,0.0003574063348799,,13.6084022,interp-0029,,0.0,,one_point_best_improvement_local_search,,,,,,0.7473537697919288,0.7368396493268901,,,uniform,0.7016225174591305,0.9090909090909092,0.0002508539892391,complete_solver_call,,,0.7018733714483697,0.0002508539892391859,0.035740633487993625
,4.0,4.0,0.0,,0.0,0.7918660287081339,0.8608072361165618,0.0108398240306267,0.7952631578947369,group6,0.7018733714483697,0.7018733714483697,True,,,,1.0,,,0.0011602870813396,0.0011602870813396,inst_V300_w20-35_s670586,D:\project\Resource_Allocation\data_processed\base_instances\uniform\group6\inst_V300_w20-35_s670586.assignment.json,uniform/group6/inst_V300_w20-35_s670586,True,629,0,,209,,,,,False,,1.6946495000000823,,0.3316095999999788,0.0154441306246708,,2.026259100000061,interp-0029,,0.0,,ppo_plus_short_local_search_4,,,,,,0.753329745851732,0.7424599462115845,accepted_move_limit,,uniform,0.6910335474177429,0.9090909090909092,0.0108398240306267,complete_solver_call,,,0.7018733714483697,0.010839824030626777,1.5444130624670895
,8.0,8.0,0.0,,0.0,0.790909090909091,0.8713194286115529,0.0096795369492869,0.814401913875598,group6,0.7018733714483697,0.7018733714483697,True,,,,1.0,,,0.0023205741626795,0.0023205741626795,inst_V300_w20-35_s670586,D:\project\Resource_Allocation\data_processed\base_instances\uniform\group6\inst_V300_w20-35_s670586.assignment.json,uniform/group6/inst_V300_w20-35_s670586,True,629,0,,209,,,,,False,,1.6946495000000823,,0.6754353000000037,0.0137910018288803,,2.370084800000086,interp-0029,,0.0,,ppo_plus_short_local_search_8,,,,,,0.7523967314976651,0.7415269318575176,accepted_move_limit,,uniform,0.6921938344990828,0.9090909090909092,0.0096795369492869,complete_solver_call,,,0.7018733714483697,0.009679536949286915,1.3791001828880396
,16.0,16.0,0.0,,0.0,0.7889952153110047,0.876048213673273,0.0073589627866075,0.8526794258373206,group6,0.7018733714483697,0.7018733714483697,True,,,,1.0,,,0.0046411483253588,0.0046411483253588,inst_V300_w20-35_s670586,D:\project\Resource_Allocation\data_processed\base_instances\uniform\group6\inst_V300_w20-35_s670586.assignment.json,uniform/group6/inst_V300_w20-35_s670586,True,629,0,,209,,,,,False,,1.6946495000000823,,1.3992081999999757,0.0104847442372998,,3.0938577000000578,interp-0029,,0.0,,ppo_plus_short_local_search_16,,,,,,0.7505307027895312,0.7396609031493837,accepted_move_limit,,uniform,0.6945144086617622,0.9090909090909092,0.0073589627866075,complete_solver_call,,,0.7018733714483697,0.007358962786607526,1.048474423729987
,32.0,32.0,0.0,,0.0,0.7808612440191387,0.9479457295373982,0.0030989712745649,0.9288516746411484,group6,0.7018733714483697,0.7018733714483697,True,,,,1.0,,,0.0089011398374014,0.0089011398374014,inst_V300_w20-35_s670586,D:\project\Resource_Allocation\data_processed\base_instances\uniform\group6\inst_V300_w20-35_s670586.assignment.json,uniform/group6/inst_V300_w20-35_s670586,True,629,0,,209,,,,,False,,1.6946495000000823,,2.839357699999937,0.0044152854355622,,4.534007200000019,interp-0029,,0.0,,ppo_plus_short_local_search_32,,,,,,0.7487324757386072,0.7377909622771862,accepted_move_limit,,uniform,0.6987744001738048,0.9090909090909092,0.0030989712745649,complete_solver_call,,,0.7018733714483697,0.0030989712745649323,0.44152854355622106
0.0,,,0.0,,0.0,0.7715311004784688,0.9705645645038694,0.0,0.990574162679426,group6,0.7018733714483697,0.7018733714483697,True,0.0,1.0,optimal,1.0,,,0.0291241869943947,,inst_V300_w20-35_s670586,D:\project\Resource_Allocation\data_processed\base_instances\uniform\group6\inst_V300_w20-35_s670586.assignment.json,uniform/group6/inst_V300_w20-35_s670586,,629,0,0.0,209,1454.0,0.7018733714483697,0.7018733714483698,1.1102230246251563e-16,,,,True,,0.0,0.0,0.8136328999999023,interp-0029,35302.0,0.0,7.0,gurobi_exact_or_bounded,0.8359999656677246,0.0,0.8370905000000448,optimal,2.0,0.7479859110397937,0.7374405891077519,,120.0,uniform,0.7018733714483697,0.9090909090909092,0.0,complete_solver_call,0.7699999809265137,0.0436329190733886,0.7018733714483697,0.0,0.0
,,,0.0,True,0.0,0.802542372881356,0.6973679500921426,0.0354432600614017,0.545367231638418,group7,0.6797106103378864,0.6797106103378864,True,,,,1.0,0.0,,,,inst_V500_w28-50_s670537,D:\project\Resource_Allocation\data_processed\base_instances\uniform\group7\inst_V500_w28-50_s670537.assignment.json,uniform/group7/inst_V500_w28-50_s670537,,636,0,,354,,,,,,128.0,,,,0.0521446326161994,,1.66123929999992,interp-0006,,0.0,,ppo,,,,,,0.7144339310038876,0.6814377299890565,,,uniform,0.6442673502764846,0.9090909090909092,0.0354432600614017,complete_solver_call,,,0.6797106103378864,0.03544326006140175,5.214463261619939
,,,0.0,,0.0,0.7692090395480227,0.9669642120894146,0.0008100671893485,0.967683615819209,group7,0.6797106103378864,0.6797106103378864,True,,,,1.0,,0.0633744023980865,0.0314484360874457,,inst_V500_w28-50_s670537,D:\project\Resource_Allocation\data_processed\base_instances\uniform\group7\inst_V500_w28-50_s670537.assignment.json,uniform/group7/inst_V500_w28-50_s670537,,636,0,,354,,,,,,,,,,0.001191782468933,,22.524591100000062,interp-0006,,0.0,,one_point_best_improvement_local_search,,,,,,0.7177647706684066,0.6877131081404338,,,uniform,0.6789005431485379,0.9090909090909092,0.0008100671893485,complete_solver_call,,,0.6797106103378864,0.0008100671893485067,0.11917824689330944
,4.0,4.0,0.0,,0.0,0.802542372881356,0.7108504679408446,0.0342370453721362,0.5566666666666666,group7,0.6797106103378864,0.6797106103378864,True,,,,1.0,,,0.0012062146892655,0.0012062146892655,inst_V500_w28-50_s670537,D:\project\Resource_Allocation\data_processed\base_instances\uniform\group7\inst_V500_w28-50_s670537.assignment.json,uniform/group7/inst_V500_w28-50_s670537,True,636,0,,354,,,,,False,,1.66123929999992,,0.6203336999999465,0.0503700322628727,,2.281572999999866,interp-0006,,0.0,,ppo_plus_short_local_search_4,,,,,,0.714586473376769,0.6815902723619378,accepted_move_limit,,uniform,0.6454735649657501,0.9090909090909092,0.0342370453721362,complete_solver_call,,,0.6797106103378864,0.03423704537213623,5.03700322628727
,8.0,8.0,0.0,,0.0,0.802542372881356,0.7212431897931737,0.0330308306828707,0.5679661016949152,group7,0.6797106103378864,0.6797106103378864,True,,,,1.0,,,0.002412429378531,0.002412429378531,inst_V500_w28-50_s670537,D:\project\Resource_Allocation\data_processed\base_instances\uniform\group7\inst_V500_w28-50_s670537.assignment.json,uniform/group7/inst_V500_w28-50_s670537,True,636,0,,354,,,,,False,,1.66123929999992,,1.210392899999988,0.048595431909546,,2.871632199999908,interp-0006,,0.0,,ppo_plus_short_local_search_8,,,,,,0.7147390157496503,0.6817428147348191,accepted_move_limit,,uniform,0.6466797796550157,0.9090909090909092,0.0330308306828707,complete_solver_call,,,0.6797106103378864,0.033030830682870715,4.859543190954601
,16.0,16.0,0.0,,0.0,0.802542372881356,0.7365209670265274,0.0306184013043395,0.5905649717514124,group7,0.6797106103378864,0.6797106103378864,True,,,,1.0,,,0.0048248587570621,0.0048248587570621,inst_V500_w28-50_s670537,D:\project\Resource_Allocation\data_processed\base_instances\uniform\group7\inst_V500_w28-50_s670537.assignment.json,uniform/group7/inst_V500_w28-50_s670537,True,636,0,,354,,,,,False,,1.66123929999992,,2.4819982999999866,0.0450462312028924,,4.143237599999907,interp-0006,,0.0,,ppo_plus_short_local_search_16,,,,,,0.715044100495413,0.6820478994805819,accepted_move_limit,,uniform,0.6490922090335468,0.9090909090909092,0.0306184013043395,complete_solver_call,,,0.6797106103378864,0.03061840130433957,4.504623120289246
,32.0,32.0,0.0,,0.0,0.802542372881356,0.7527240944440082,0.0257935425472775,0.6357627118644067,group7,0.6797106103378864,0.6797106103378864,True,,,,1.0,,,0.0096497175141242,0.0096497175141242,inst_V500_w28-50_s670537,D:\project\Resource_Allocation\data_processed\base_instances\uniform\group7\inst_V500_w28-50_s670537.assignment.json,uniform/group7/inst_V500_w28-50_s670537,True,636,0,,354,,,,,False,,1.66123929999992,,4.763685399999986,0.0379478297895856,,6.424924699999906,interp-0006,,0.0,,ppo_plus_short_local_search_32,,,,,,0.7156542699869384,0.6826580689721072,accepted_move_limit,,uniform,0.6539170677906089,0.9090909090909092,0.0257935425472775,complete_solver_call,,,0.6797106103378864,0.025793542547277504,3.794782978958567
0.0,,,0.0,,0.0,0.7666666666666666,0.9702112255098284,0.0,0.993276836158192,group7,0.6797106103378864,0.6797106103378864,True,0.0,1.0,optimal,1.0,,,0.0322585032767942,,inst_V500_w28-50_s670537,D:\project\Resource_Allocation\data_processed\base_instances\uniform\group7\inst_V500_w28-50_s670537.assignment.json,uniform/group7/inst_V500_w28-50_s670537,,636,0,0.0,354,17973.0,0.6797106103378864,0.6797106103378864,0.0,,,,True,,0.0,0.0,5.2718431000002965,interp-0006,233237.0,0.0,10.0,gurobi_exact_or_bounded,5.536999940872192,0.0,5.5387929999999415,optimal,2.0,0.7158119204823572,0.6857197864059116,,120.0,uniform,0.6797106103378864,0.9090909090909092,0.0,complete_solver_call,5.23199987411499,0.0398432258853063,0.6797106103378864,0.0,0.0
,,,5.1020408163265735e-05,True,0.0,0.8049450549450552,0.605426593978231,0.0479366312008973,0.4302930402930403,group8,0.7026599645163589,0.7026599645163589,True,,,,1.0,0.0,,,,inst_V800_w40-70_s670584,D:\project\Resource_Allocation\data_processed\base_instances\uniform\group8\inst_V800_w40-70_s670584.assignment.json,uniform/group8/inst_V800_w40-70_s670584,,659,0,,546,,,,,,128.0,,,,0.0682216628549373,,1.535062299999936,interp-0029,,5.1020408163265735e-05,,ppo,,,,,,0.745178748413469,0.7356837109603603,,,uniform,0.6547233333154616,0.9090909090909092,0.0479366312008973,complete_solver_call,,,0.7026599645163589,0.047936631200897306,6.822166285493739
,,,0.0,,0.0,0.7617216117216117,0.9705006688937604,0.0003478063620807,0.9943223443223445,group8,0.7026599645163589,0.7026599645163589,True,,,,1.0,,0.0632116307655048,0.0277793240192629,,inst_V800_w40-70_s670584,D:\project\Resource_Allocation\data_processed\base_instances\uniform\group8\inst_V800_w40-70_s670584.assignment.json,uniform/group8/inst_V800_w40-70_s670584,,659,0,,546,,,,,,,,,,0.0004949853124479,,57.161178399999926,interp-0029,,0.0,,one_point_best_improvement_local_search,,,,,,0.7540666405062054,0.7433871203160355,,,uniform,0.7023121581542782,0.9090909090909092,0.0003478063620807,complete_solver_call,,,0.7026599645163589,0.0003478063620807603,0.04949853124479001
,4.0,4.0,5.1020408163265735e-05,,0.0,0.8049450549450552,0.618872908932748,0.0469087007979668,0.4376190476190476,group8,0.7026599645163589,0.7026599645163589,True,,,,1.0,,,0.0010279304029304,0.0010279304029304,inst_V800_w40-70_s670584,D:\project\Resource_Allocation\data_processed\base_instances\uniform\group8\inst_V800_w40-70_s670584.assignment.json,uniform/group8/inst_V800_w40-70_s670584,True,659,0,,546,,,,,False,,1.535062299999936,,1.0466490000000022,0.0667587498460284,,2.581711299999938,interp-0029,,5.1020408163265735e-05,,ppo_plus_short_local_search_4,,,,,,0.7457694077541284,0.7362743703010197,accepted_move_limit,,uniform,0.6557512637183921,0.9090909090909092,0.0469087007979668,complete_solver_call,,,0.7026599645163589,0.04690870079796683,6.675874984602845
,8.0,8.0,5.1020408163265735e-05,,0.0,0.8049450549450552,0.6279802606398844,0.0458807703950364,0.4449450549450549,group8,0.7026599645163589,0.7026599645163589,True,,,,1.0,,,0.0020558608058608,0.0020558608058608,inst_V800_w40-70_s670584,D:\project\Resource_Allocation\data_processed\base_instances\uniform\group8\inst_V800_w40-70_s670584.assignment.json,uniform/group8/inst_V800_w40-70_s670584,True,659,0,,546,,,,,False,,1.535062299999936,,2.978594199999975,0.0652958368371196,,4.513656499999911,interp-0029,,5.1020408163265735e-05,,ppo_plus_short_local_search_8,,,,,,0.7463600670947876,0.736865029641679,accepted_move_limit,,uniform,0.6567791941213225,0.9090909090909092,0.0458807703950364,complete_solver_call,,,0.7026599645163589,0.04588077039503646,6.529583683711967
,16.0,16.0,5.1020408163265735e-05,,0.0,0.8049450549450552,0.641634017169943,0.0438249095891756,0.4595970695970696,group8,0.7026599645163589,0.7026599645163589,True,,,,1.0,,,0.0041117216117216,0.0041117216117216,inst_V800_w40-70_s670584,D:\project\Resource_Allocation\data_processed\base_instances\uniform\group8\inst_V800_w40-70_s670584.assignment.json,uniform/group8/inst_V800_w40-70_s670584,True,659,0,,546,,,,,False,,1.535062299999936,,3.708829000000037,0.0623700108193019,,5.243891299999973,interp-0029,,5.1020408163265735e-05,,ppo_plus_short_local_search_16,,,,,,0.7475413857761064,0.7380463483229976,accepted_move_limit,,uniform,0.6588350549271833,0.9090909090909092,0.0438249095891756,complete_solver_call,,,0.7026599645163589,0.04382490958917562,6.2370010819301935
,32.0,32.0,1.2109380241248671e-05,,0.0,0.8047619047619049,0.6679286028417396,0.0405729228283087,0.4889010989010989,group8,0.7026599645163589,0.7026599645163589,True,,,,1.0,,,0.0073637083725885,0.0073637083725885,inst_V800_w40-70_s670584,D:\project\Resource_Allocation\data_processed\base_instances\uniform\group8\inst_V800_w40-70_s670584.assignment.json,uniform/group8/inst_V800_w40-70_s670584,True,659,0,,546,,,,,False,,1.535062299999936,,7.102639699999941,0.0577419020254484,,8.637701999999877,interp-0029,,1.2109380241248671e-05,,ppo_plus_short_local_search_32,,,,,,0.7483076123940385,0.7387706728355331,accepted_move_limit,,uniform,0.6620870416880502,0.9090909090909092,0.0405729228283087,complete_solver_call,,,0.7026599645163589,0.04057292282830871,5.774190202544849
0.0,,,0.0,,0.0,0.7651098901098901,0.9711908844995284,0.0,0.9953479853479852,group8,0.7026599645163589,0.7026599645163589,True,0.0,1.0,optimal,1.0,,,0.0281271303813437,,inst_V800_w40-70_s670584,D:\project\Resource_Allocation\data_processed\base_instances\uniform\group8\inst_V800_w40-70_s670584.assignment.json,uniform/group8/inst_V800_w40-70_s670584,,659,0,0.0,546,3100.0,0.7026599645163589,0.7026599645163589,0.0,,,,True,,0.0,0.0,6.133880599999429,interp-0029,145326.0,0.0,10.0,gurobi_exact_or_bounded,6.431999921798706,0.0,6.433399399999985,optimal,2.0,0.7525274419142682,0.7418413538801053,,120.0,uniform,0.7026599645163589,0.9090909090909092,0.0,complete_solver_call,6.033999919891357,0.0998806801080718,0.7026599645163589,0.0,0.0
,,,0.000414951989026,True,0.0,0.8069800569800569,0.576464206274538,0.0503248176201227,0.4156410256410257,group9,0.679288716240586,0.6792887162405838,True,,,,1.0,0.0,,,,inst_V1000_w50-90_s670551,D:\project\Resource_Allocation\data_processed\base_instances\uniform\group9\inst_V1000_w50-90_s670551.assignment.json,uniform/group9/inst_V1000_w50-90_s670551,,666,0,,702,,,,,,128.0,,,,0.0740845776132386,,1.4045865000000504,interp-0006,,0.000414951989026,,ppo,,,,,,0.7058668361596161,0.6755222604853599,,,uniform,0.6289638986204611,0.9090909090909092,0.0503248176201248,complete_solver_call,,,0.6792887162405838,0.05032481762012275,7.408457761323861
,,,0.0,,0.0,0.7705128205128207,0.9580931658643436,0.0012954991383365,0.94997150997151,group9,0.679288716240586,0.6792887162405838,True,,,,1.0,,0.0648542799466986,0.0316721450081228,,inst_V1000_w50-90_s670551,D:\project\Resource_Allocation\data_processed\base_instances\uniform\group9\inst_V1000_w50-90_s670551.assignment.json,uniform/group9/inst_V1000_w50-90_s670551,,666,0,,702,,,,,,,,,,0.0019071406713574,,84.24938010000005,interp-0006,,0.0,,one_point_best_improvement_local_search,,,,,,0.7176202035527044,0.6897486762522956,,,uniform,0.6779932171022472,0.9090909090909092,0.0012954991383387,complete_solver_call,,,0.6792887162405838,0.0012954991383365977,0.19071406713574357
,4.0,4.0,0.000414951989026,,0.0,0.8069800569800569,0.5882971506946931,0.0495075306094799,0.4213390313390314,group9,0.679288716240586,0.6792887162405838,True,,,,1.0,,,0.0008172870106427,0.0008172870106427,inst_V1000_w50-90_s670551,D:\project\Resource_Allocation\data_processed\base_instances\uniform\group9\inst_V1000_w50-90_s670551.assignment.json,uniform/group9/inst_V1000_w50-90_s670551,True,666,0,,702,,,,,False,,1.4045865000000504,,1.170703200000048,0.0728814264477578,,2.5752897000000985,interp-0006,,0.000414951989026,,ppo_plus_short_local_search_4,,,,,,0.7063973802135833,0.6759816621947616,accepted_move_limit,,uniform,0.6297811856311039,0.9090909090909092,0.0495075306094821,complete_solver_call,,,0.6792887162405838,0.04950753060947999,7.288142644775789
,8.0,8.0,0.000414951989026,,0.0,0.8069800569800569,0.5967910756085049,0.0486902435988372,0.4270370370370371,group9,0.679288716240586,0.6792887162405838,True,,,,1.0,,,0.0016345740212855,0.0016345740212855,inst_V1000_w50-90_s670551,D:\project\Resource_Allocation\data_processed\base_instances\uniform\group9\inst_V1000_w50-90_s670551.assignment.json,uniform/group9/inst_V1000_w50-90_s670551,True,666,0,,702,,,,,False,,1.4045865000000504,,2.20409810000001,0.0716782752822771,,3.608684600000061,interp-0006,,0.000414951989026,,ppo_plus_short_local_search_8,,,,,,0.7069279242675507,0.6764410639041634,accepted_move_limit,,uniform,0.6305984726417466,0.9090909090909092,0.0486902435988393,complete_solver_call,,,0.6792887162405838,0.048690243598837224,7.167827528227716
,16.0,16.0,0.000414951989026,,0.0,0.8069800569800569,0.61034674322216,0.0470556695775515,0.4384330484330484,group9,0.679288716240586,0.6792887162405838,True,,,,1.0,,,0.0032691480425711,0.0032691480425711,inst_V1000_w50-90_s670551,D:\project\Resource_Allocation\data_processed\base_instances\uniform\group9\inst_V1000_w50-90_s670551.assignment.json,uniform/group9/inst_V1000_w50-90_s670551,True,666,0,,702,,,,,False,,1.4045865000000504,,4.499955799999952,0.0692719729513155,,5.904542300000003,interp-0006,,0.000414951989026,,ppo_plus_short_local_search_16,,,,,,0.7079890123754852,0.6773598673229668,accepted_move_limit,,uniform,0.6322330466630323,0.9090909090909092,0.0470556695775536,complete_solver_call,,,0.6792887162405838,0.047055669577551584,6.9271972951315535
,32.0,32.0,0.000414951989026,,0.0,0.8069800569800569,0.6302913260009706,0.0437865215349803,0.4612250712250713,group9,0.679288716240586,0.6792887162405838,True,,,,1.0,,,0.0065382960851424,0.0065382960851424,inst_V1000_w50-90_s670551,D:\project\Resource_Allocation\data_processed\base_instances\uniform\group9\inst_V1000_w50-90_s670551.assignment.json,uniform/group9/inst_V1000_w50-90_s670551,True,666,0,,702,,,,,False,,1.4045865000000504,,9.391661,0.0644593682893923,,10.79624750000005,interp-0006,,0.000414951989026,,ppo_plus_short_local_search_32,,,,,,0.7101111885913544,0.6791974741605736,accepted_move_limit,,uniform,0.6355021947056035,0.9090909090909092,0.0437865215349824,complete_solver_call,,,0.6792887162405838,0.043786521534980305,6.4459368289392325
2.1094237467877974e-15,,,0.0,,0.0,0.7656695156695157,0.9705356522168272,0.0,0.998005698005698,group9,0.679288716240586,0.6792887162405838,True,0.0,1.0,optimal,1.0,,,0.0329676441464594,,inst_V1000_w50-90_s670551,D:\project\Resource_Allocation\data_processed\base_instances\uniform\group9\inst_V1000_w50-90_s670551.assignment.json,uniform/group9/inst_V1000_w50-90_s670551,,666,0,0.0,702,4403.0,0.679288716240586,0.6792887162405836,2.220446049250313e-16,,,,True,,0.0,0.0,11.025763699999516,interp-0006,430714.0,0.0,10.0,gurobi_exact_or_bounded,11.253999948501589,0.0,11.256095300000084,optimal,2.0,0.7136200448299579,0.6855291221266794,,120.0,uniform,0.6792887162405838,0.9090909090909092,2.1094237467877974e-15,complete_solver_call,10.953999996185305,0.0717637038142129,0.6792887162405838,0.0,0.0
,,,0.0,True,0.0,0.7987500000000001,0.9357970782095486,0.0017456252820762,0.915,group1,0.6872629362683066,0.687262936268303,True,,,,1.0,0.0,,,,inst_V60_w6-10_s670560,D:\project\Resource_Allocation\data_processed\base_instances\random\group1\inst_V60_w6-10_s670560.assignment.json,random/group1/inst_V60_w6-10_s670560,,283,0,,40,,,,,,56.0,,,,0.0025399671507889,,0.8181164999999737,interp-0013,,0.0,,ppo,,,,,,0.740967767382313,0.6766014765625938,,,random,0.6855173109862268,0.9090909090909092,0.0017456252820797,complete_solver_call,,,0.687262936268303,0.0017456252820762241,0.2539967150788913
,,,0.0,,0.0,0.795,0.9548681953386952,0.00349019927273,0.895,group1,0.6872629362683066,0.687262936268303,True,,,,1.0,,0.0692478915362178,0.0236654784845607,,inst_V60_w6-10_s670560,D:\project\Resource_Allocation\data_processed\base_instances\random\group1\inst_V60_w6-10_s670560.assignment.json,random/group1/inst_V60_w6-10_s670560,,283,0,,40,,,,,,,,,,0.0050784046229542,,0.2365283999999974,interp-0013,,0.0,,one_point_best_improvement_local_search,,,,,,0.74216672269449,0.6809242252878016,,,random,0.683772736995573,0.9090909090909092,0.0034901992727336,complete_solver_call,,,0.687262936268303,0.003490199272730088,0.5078404622954288
,4.0,3.0,0.0,,0.0,0.79125,0.9762201020107732,0.000906331967414,0.955,group1,0.6872629362683066,0.687262936268303,True,,,,1.0,,,0.0008392933146621,0.0008392933146621,inst_V60_w6-10_s670560,D:\project\Resource_Allocation\data_processed\base_instances\random\group1\inst_V60_w6-10_s670560.assignment.json,random/group1/inst_V60_w6-10_s670560,False,283,0,,40,,,,,True,,0.8181164999999737,,0.0629457000000002,0.0013187557768432,,0.8810621999999739,interp-0013,,0.0,,ppo_plus_short_local_search_4,,,,,,0.7396499406409617,0.6742764765625939,one_point_local_optimum,,random,0.686356604300889,0.9090909090909092,0.0009063319674176,complete_solver_call,,,0.687262936268303,0.0009063319674140757,0.13187557768432454
,8.0,3.0,0.0,,0.0,0.79125,0.9762201020107732,0.000906331967414,0.955,group1,0.6872629362683066,0.687262936268303,True,,,,1.0,,,0.0008392933146621,0.0008392933146621,inst_V60_w6-10_s670560,D:\project\Resource_Allocation\data_processed\base_instances\random\group1\inst_V60_w6-10_s670560.assignment.json,random/group1/inst_V60_w6-10_s670560,False,283,0,,40,,,,,True,,0.8181164999999737,,0.0706091000000697,0.0013187557768432,,0.8887256000000434,interp-0013,,0.0,,ppo_plus_short_local_search_8,,,,,,0.7396499406409617,0.6742764765625939,one_point_local_optimum,,random,0.686356604300889,0.9090909090909092,0.0009063319674176,complete_solver_call,,,0.687262936268303,0.0009063319674140757,0.13187557768432454
,16.0,3.0,0.0,,0.0,0.79125,0.9762201020107732,0.000906331967414,0.955,group1,0.6872629362683066,0.687262936268303,True,,,,1.0,,,0.0008392933146621,0.0008392933146621,inst_V60_w6-10_s670560,D:\project\Resource_Allocation\data_processed\base_instances\random\group1\inst_V60_w6-10_s670560.assignment.json,random/group1/inst_V60_w6-10_s670560,False,283,0,,40,,,,,True,,0.8181164999999737,,0.077809000000002,0.0013187557768432,,0.8959254999999757,interp-0013,,0.0,,ppo_plus_short_local_search_16,,,,,,0.7396499406409617,0.6742764765625939,one_point_local_optimum,,random,0.686356604300889,0.9090909090909092,0.0009063319674176,complete_solver_call,,,0.687262936268303,0.0009063319674140757,0.13187557768432454
,32.0,3.0,0.0,,0.0,0.79125,0.9762201020107732,0.000906331967414,0.955,group1,0.6872629362683066,0.687262936268303,True,,,,1.0,,,0.0008392933146621,0.0008392933146621,inst_V60_w6-10_s670560,D:\project\Resource_Allocation\data_processed\base_instances\random\group1\inst_V60_w6-10_s670560.assignment.json,random/group1/inst_V60_w6-10_s670560,False,283,0,,40,,,,,True,,0.8181164999999737,,0.0661398999999391,0.0013187557768432,,0.8842563999999129,interp-0013,,0.0,,ppo_plus_short_local_search_32,,,,,,0.7396499406409617,0.6742764765625939,one_point_local_optimum,,random,0.686356604300889,0.9090909090909092,0.0009063319674176,complete_solver_call,,,0.687262936268303,0.0009063319674140757,0.13187557768432454
3.552713678800501e-15,,,0.0,,0.0,0.7875,0.97267743193,0.0,0.98,group1,0.6872629362683066,0.687262936268303,True,0.0,1.0,optimal,1.0,,,0.0271556777572908,,inst_V60_w6-10_s670560,D:\project\Resource_Allocation\data_processed\base_instances\random\group1\inst_V60_w6-10_s670560.assignment.json,random/group1/inst_V60_w6-10_s670560,,283,0,0.0,40,1.0,0.6872629362683066,0.6872629362683066,3.552713678800501e-15,,,,True,,0.0,0.0,0.0400457000005189,interp-0013,438.0,0.0,2.0,gurobi_exact_or_bounded,0.0420000553131103,0.0,0.0465911999999661,optimal,2.0,0.7389195652149138,0.6731321798582983,,120.0,random,0.687262936268303,0.9090909090909092,3.552713678800501e-15,complete_solver_call,0.0339999198913574,0.0060457801091615,0.687262936268303,0.0,0.0
,,,0.0,True,0.0,0.8081818181818183,0.9342668575580604,0.0035917326166131,0.91,group2,0.7085617824536965,0.7085617824536963,True,,,,1.0,0.0,,,,inst_V80_w8-12_s670529,D:\project\Resource_Allocation\data_processed\base_instances\random\group2\inst_V80_w8-12_s670529.assignment.json,random/group2/inst_V80_w8-12_s670529,,290,0,,55,,,,,,65.0,,,,0.0050690464904489,,0.5281373000000258,interp-0020,,0.0,,ppo,,,,,,0.6927792582276048,0.7932827593025459,,,random,0.7049700498370831,0.9090909090909092,0.0035917326166133,complete_solver_call,,,0.7085617824536963,0.0035917326166131636,0.5069046490448953
,,,0.0,,0.0,0.8000000000000002,0.9696845216063332,0.0006725022682718,0.9618181818181818,group2,0.7085617824536965,0.7085617824536963,True,,,,1.0,,0.0471600456029543,0.0323719856810605,,inst_V80_w8-12_s670529,D:\project\Resource_Allocation\data_processed\base_instances\random\group2\inst_V80_w8-12_s670529.assignment.json,random/group2/inst_V80_w8-12_s670529,,290,0,,55,,,,,,,,,,0.0009491088637931,,0.687917299999981,interp-0020,,0.0,,one_point_best_improvement_local_search,,,,,,0.6891375441572507,0.7976923038571744,,,random,0.7078892801854244,0.9090909090909092,0.000672502268272,complete_solver_call,,,0.7085617824536963,0.0006725022682718684,0.09491088637931382
,4.0,4.0,0.0,,0.0,0.802727272727273,0.9696845216063332,0.0002986233918637,0.9618181818181818,group2,0.7085617824536965,0.7085617824536963,True,,,,1.0,,,0.0032931092247494,0.0032931092247494,inst_V80_w8-12_s670529,D:\project\Resource_Allocation\data_processed\base_instances\random\group2\inst_V80_w8-12_s670529.assignment.json,random/group2/inst_V80_w8-12_s670529,True,290,0,,55,,,,,False,,0.5281373000000258,,0.091699100000028,0.000421450040432,,0.6198364000000538,interp-0020,,0.0,,ppo_plus_short_local_search_4,,,,,,0.6890829987027053,0.7959696375446249,accepted_move_limit,,random,0.7082631590618326,0.9090909090909092,0.0002986233918639,complete_solver_call,,,0.7085617824536963,0.000298623391863706,0.04214500404320363
,8.0,5.0,0.0,,0.0,0.8018181818181821,0.9681577649938606,0.000144077937318,0.9636363636363636,group2,0.7085617824536965,0.7085617824536963,True,,,,1.0,,,0.003447654679295,0.003447654679295,inst_V80_w8-12_s670529,D:\project\Resource_Allocation\data_processed\base_instances\random\group2\inst_V80_w8-12_s670529.assignment.json,random/group2/inst_V80_w8-12_s670529,False,290,0,,55,,,,,True,,0.5281373000000258,,0.1327466999999842,0.0002033385667783,,0.66088400000001,interp-0020,,0.0,,ppo_plus_short_local_search_8,,,,,,0.6903579987027054,0.7956764557264432,one_point_local_optimum,,random,0.7084177045163782,0.9090909090909092,0.0001440779373182,complete_solver_call,,,0.7085617824536963,0.00014407793731807672,0.020333856677839105
,16.0,5.0,0.0,,0.0,0.8018181818181821,0.9681577649938606,0.000144077937318,0.9636363636363636,group2,0.7085617824536965,0.7085617824536963,True,,,,1.0,,,0.003447654679295,0.003447654679295,inst_V80_w8-12_s670529,D:\project\Resource_Allocation\data_processed\base_instances\random\group2\inst_V80_w8-12_s670529.assignment.json,random/group2/inst_V80_w8-12_s670529,False,290,0,,55,,,,,True,,0.5281373000000258,,0.1309042000000317,0.0002033385667783,,0.6590415000000576,interp-0020,,0.0,,ppo_plus_short_local_search_16,,,,,,0.6903579987027054,0.7956764557264432,one_point_local_optimum,,random,0.7084177045163782,0.9090909090909092,0.0001440779373182,complete_solver_call,,,0.7085617824536963,0.00014407793731807672,0.020333856677839105
,32.0,5.0,0.0,,0.0,0.8018181818181821,0.9681577649938606,0.000144077937318,0.9636363636363636,group2,0.7085617824536965,0.7085617824536963,True,,,,1.0,,,0.003447654679295,0.003447654679295,inst_V80_w8-12_s670529,D:\project\Resource_Allocation\data_processed\base_instances\random\group2\inst_V80_w8-12_s670529.assignment.json,random/group2/inst_V80_w8-12_s670529,False,290,0,,55,,,,,True,,0.5281373000000258,,0.1423294999999598,0.0002033385667783,,0.6704667999999856,interp-0020,,0.0,,ppo_plus_short_local_search_32,,,,,,0.6903579987027054,0.7956764557264432,one_point_local_optimum,,random,0.7084177045163782,0.9090909090909092,0.0001440779373182,complete_solver_call,,,0.7085617824536963,0.00014407793731807672,0.020333856677839105
2.220446049250313e-16,,,0.0,,0.0,0.801818181818182,0.9696845216063332,0.0,0.9618181818181818,group2,0.7085617824536965,0.7085617824536963,True,0.0,1.0,optimal,1.0,,,0.0330444879493324,,inst_V80_w8-12_s670529,D:\project\Resource_Allocation\data_processed\base_instances\random\group2\inst_V80_w8-12_s670529.assignment.json,random/group2/inst_V80_w8-12_s670529,,290,0,0.0,55,1.0,0.7085617824536965,0.7085617824536965,2.220446049250313e-16,,,,True,,0.0,0.0,0.0439962000000377,interp-0020,551.0,0.0,3.0,gurobi_exact_or_bounded,0.0460000038146972,0.0,0.0474878999999646,optimal,2.0,0.6890966350663417,0.7982414038393524,,120.0,random,0.7085617824536963,0.9090909090909092,2.220446049250313e-16,complete_solver_call,0.0360000133514404,0.0079961866485973,0.7085617824536963,0.0,0.0
,,,0.0,True,0.0,0.786029411764706,0.9282660699258432,0.0073654298695625,0.8711764705882353,group3,0.7191428042631578,0.719142804263158,True,,,,1.0,0.0,,,,inst_V100_w10-15_s670510,D:\project\Resource_Allocation\data_processed\base_instances\random\group3\inst_V100_w10-15_s670510.assignment.json,random/group3/inst_V100_w10-15_s670510,,304,0,,68,,,,,,69.0,,,,0.0102419572662056,,0.6058559999999034,interp-0004,,0.0,,ppo,,,,,,0.8185731895046645,0.7368304257167759,,,random,0.7117773743935955,0.9090909090909092,0.0073654298695623,complete_solver_call,,,0.719142804263158,0.0073654298695625675,1.0241957266205661
,,,0.0,,0.0,0.7742647058823531,0.9672834246368678,0.0015472981226682,0.9658823529411764,group3,0.7191428042631578,0.719142804263158,True,,,,1.0,,0.0489080145294634,0.037257570104339,,inst_V100_w10-15_s670510,D:\project\Resource_Allocation\data_processed\base_instances\random\group3\inst_V100_w10-15_s670510.assignment.json,random/group3/inst_V100_w10-15_s670510,,304,0,,68,,,,,,,,,,0.0021515867411809,,1.0810809999999265,interp-0004,,0.0,,one_point_best_improvement_local_search,,,,,,0.8209559568772603,0.7339554794494044,,,random,0.7175955061404897,0.9090909090909092,0.001547298122668,complete_solver_call,,,0.719142804263158,0.0015472981226682947,0.21515867411809456
,4.0,4.0,0.0,,0.0,0.7801470588235295,0.969650531074746,0.0033995899903715,0.93,group3,0.7191428042631578,0.719142804263158,True,,,,1.0,,,0.0039658398791909,0.0039658398791909,inst_V100_w10-15_s670510,D:\project\Resource_Allocation\data_processed\base_instances\random\group3\inst_V100_w10-15_s670510.assignment.json,random/group3/inst_V100_w10-15_s670510,True,304,0,,68,,,,,False,,0.6058559999999034,,0.1250917999999501,0.0047272808268656,,0.7309477999998535,interp-0004,,0.0,,ppo_plus_short_local_search_4,,,,,,0.820177357844958,0.7346190286579525,accepted_move_limit,,random,0.7157432142727864,0.9090909090909092,0.0033995899903713,complete_solver_call,,,0.719142804263158,0.0033995899903715987,0.47272808268656147
,8.0,8.0,0.0,,0.0,0.7742647058823531,0.9712982667419384,0.000804180883847,0.9741176470588236,group3,0.7191428042631578,0.719142804263158,True,,,,1.0,,,0.0065612489857155,0.0065612489857155,inst_V100_w10-15_s670510,D:\project\Resource_Allocation\data_processed\base_instances\random\group3\inst_V100_w10-15_s670510.assignment.json,random/group3/inst_V100_w10-15_s670510,True,304,0,,68,,,,,False,,0.6058559999999034,,0.2271985999999515,0.0011182492254386,,0.8330545999998549,interp-0004,,0.0,,ppo_plus_short_local_search_8,,,,,,0.8201582589769381,0.7344315286579525,accepted_move_limit,,random,0.718338623379311,0.9090909090909092,0.0008041808838468,complete_solver_call,,,0.719142804263158,0.0008041808838470388,0.11182492254386273
,16.0,8.0,0.0,,0.0,0.7742647058823531,0.9712982667419384,0.000804180883847,0.9741176470588236,group3,0.7191428042631578,0.719142804263158,True,,,,1.0,,,0.0065612489857155,0.0065612489857155,inst_V100_w10-15_s670510,D:\project\Resource_Allocation\data_processed\base_instances\random\group3\inst_V100_w10-15_s670510.assignment.json,random/group3/inst_V100_w10-15_s670510,False,304,0,,68,,,,,True,,0.6058559999999034,,0.2492721000000983,0.0011182492254386,,0.8551281000000017,interp-0004,,0.0,,ppo_plus_short_local_search_16,,,,,,0.8201582589769381,0.7344315286579525,one_point_local_optimum,,random,0.718338623379311,0.9090909090909092,0.0008041808838468,complete_solver_call,,,0.719142804263158,0.0008041808838470388,0.11182492254386273
,32.0,8.0,0.0,,0.0,0.7742647058823531,0.9712982667419384,0.000804180883847,0.9741176470588236,group3,0.7191428042631578,0.719142804263158,True,,,,1.0,,,0.0065612489857155,0.0065612489857155,inst_V100_w10-15_s670510,D:\project\Resource_Allocation\data_processed\base_instances\random\group3\inst_V100_w10-15_s670510.assignment.json,random/group3/inst_V100_w10-15_s670510,False,304,0,,68,,,,,True,,0.6058559999999034,,0.2667914999999539,0.0011182492254386,,0.8726474999998572,interp-0004,,0.0,,ppo_plus_short_local_search_32,,,,,,0.8201582589769381,0.7344315286579525,one_point_local_optimum,,random,0.718338623379311,0.9090909090909092,0.0008041808838468,complete_solver_call,,,0.719142804263158,0.0008041808838470388,0.11182492254386273
0.0,,,0.0,,0.0,0.775,0.9712982667419384,0.0,0.9741176470588236,group3,0.7191428042631578,0.719142804263158,True,0.0,1.0,optimal,1.0,,,0.0388048682270073,,inst_V100_w10-15_s670510,D:\project\Resource_Allocation\data_processed\base_instances\random\group3\inst_V100_w10-15_s670510.assignment.json,random/group3/inst_V100_w10-15_s670510,,304,0,0.0,68,1.0,0.7191428042631578,0.7191428042631582,2.220446049250313e-16,,,,True,,0.0,0.0,0.1800381999992168,interp-0004,2778.0,0.0,5.0,gurobi_exact_or_bounded,0.2090001106262207,0.0,0.2105811999999787,optimal,2.0,0.821915018733427,0.7350091394956761,,120.0,random,0.719142804263158,0.9090909090909092,-2.220446049250313e-16,complete_solver_call,0.1719999313354492,0.0080382686637676,0.719142804263158,0.0,0.0
,,,0.0,True,0.0,0.8094059405940595,0.8645399416670465,0.0081524841447627,0.8151485148514852,group4,0.7176158389042544,0.7176158389042498,True,,,,1.0,0.0,,,,inst_V150_w12-20_s670552,D:\project\Resource_Allocation\data_processed\base_instances\random\group4\inst_V150_w12-20_s670552.assignment.json,random/group4/inst_V150_w12-20_s670552,,325,0,,101,,,,,,82.0,,,,0.0113605131085331,,0.9061539999999012,interp-0025,,0.0,,ppo,,,,,,0.7308823488974839,0.8096245354869993,,,random,0.7094633547594871,0.9090909090909092,0.0081524841447673,complete_solver_call,,,0.7176158389042498,0.008152484144762773,1.136051310853319
,,,0.0,,0.0,0.7995049504950497,0.9086733047250396,0.0061215430822887,0.8730693069306931,group4,0.7176158389042544,0.7176158389042498,True,,,,1.0,,0.0428283436576535,0.0286236369948641,,inst_V150_w12-20_s670552,D:\project\Resource_Allocation\data_processed\base_instances\random\group4\inst_V150_w12-20_s670552.assignment.json,random/group4/inst_V150_w12-20_s670552,,325,0,,101,,,,,,,,,,0.0085303901480713,,1.7565239000000474,interp-0025,,0.0,,one_point_best_improvement_local_search,,,,,,0.7259315166467315,0.8114120032747761,,,random,0.7114942958219611,0.9090909090909092,0.0061215430822932,complete_solver_call,,,0.7176158389042498,0.0061215430822887384,0.8530390148071306
,4.0,4.0,0.0,,0.0,0.8054455445544555,0.889829214268259,0.0053080792295887,0.8547524752475247,group4,0.7176158389042544,0.7176158389042498,True,,,,1.0,,,0.002844404915174,0.002844404915174,inst_V150_w12-20_s670552,D:\project\Resource_Allocation\data_processed\base_instances\random\group4\inst_V150_w12-20_s670552.assignment.json,random/group4/inst_V150_w12-20_s670552,True,325,0,,101,,,,,False,,0.9061539999999012,,0.1621807999999873,0.0073968256298437,,1.068334799999889,interp-0025,,0.0,,ppo_plus_short_local_search_4,,,,,,0.7300802403513306,0.8107151547829577,accepted_move_limit,,random,0.7123077596746611,0.9090909090909092,0.0053080792295933,complete_solver_call,,,0.7176158389042498,0.005308079229588758,0.7396825629843721
,8.0,8.0,0.0,,0.0,0.8014851485148516,0.9063844362955435,0.002581749217311,0.8938613861386139,group4,0.7176158389042544,0.7176158389042498,True,,,,1.0,,,0.0055707349274517,0.0055707349274517,inst_V150_w12-20_s670552,D:\project\Resource_Allocation\data_processed\base_instances\random\group4\inst_V150_w12-20_s670552.assignment.json,random/group4/inst_V150_w12-20_s670552,True,325,0,,101,,,,,False,,0.9061539999999012,,0.3147675000000163,0.0035976759114642,,1.2209214999999176,interp-0025,,0.0,,ppo_plus_short_local_search_8,,,,,,0.7288299158569393,0.8119797102175488,accepted_move_limit,,random,0.7150340896869388,0.9090909090909092,0.0025817492173155,complete_solver_call,,,0.7176158389042498,0.0025817492173110246,0.3597675911464243
,16.0,13.0,0.0,,0.0,0.7940594059405941,0.9395774789592538,0.0010345404245123,0.9324752475247524,group4,0.7176158389042544,0.7176158389042498,True,,,,1.0,,,0.0071179437202504,0.0071179437202504,inst_V150_w12-20_s670552,D:\project\Resource_Allocation\data_processed\base_instances\random\group4\inst_V150_w12-20_s670552.assignment.json,random/group4/inst_V150_w12-20_s670552,False,325,0,,101,,,,,True,,0.9061539999999012,,0.560021699999993,0.0014416354383872,,1.4661756999998945,interp-0025,,0.0,,ppo_plus_short_local_search_16,,,,,,0.729789339504544,0.8106744682757921,one_point_local_optimum,,random,0.7165812984797375,0.9090909090909092,0.0010345404245168,complete_solver_call,,,0.7176158389042498,0.0010345404245123424,0.1441635438387222
,32.0,13.0,0.0,,0.0,0.7940594059405941,0.9395774789592538,0.0010345404245123,0.9324752475247524,group4,0.7176158389042544,0.7176158389042498,True,,,,1.0,,,0.0071179437202504,0.0071179437202504,inst_V150_w12-20_s670552,D:\project\Resource_Allocation\data_processed\base_instances\random\group4\inst_V150_w12-20_s670552.assignment.json,random/group4/inst_V150_w12-20_s670552,False,325,0,,101,,,,,True,,0.9061539999999012,,0.5657471999999188,0.0014416354383872,,1.4719011999998202,interp-0025,,0.0,,ppo_plus_short_local_search_32,,,,,,0.729789339504544,0.8106744682757921,one_point_local_optimum,,random,0.7165812984797375,0.9090909090909092,0.0010345404245168,complete_solver_call,,,0.7176158389042498,0.0010345404245123424,0.1441635438387222
4.551914400963142e-15,,,0.0,,0.0,0.7940594059405941,0.9395434193255664,0.0,0.9423762376237624,group4,0.7176158389042544,0.7176158389042498,True,0.0,1.0,optimal,1.0,,,0.0347451800771528,,inst_V150_w12-20_s670552,D:\project\Resource_Allocation\data_processed\base_instances\random\group4\inst_V150_w12-20_s670552.assignment.json,random/group4/inst_V150_w12-20_s670552,,325,0,0.0,101,1.0,0.7176158389042544,0.7176158389042544,4.551914400963142e-15,,,,True,,0.0,0.0,0.2739996000000246,interp-0025,3108.0,0.0,4.0,gurobi_exact_or_bounded,0.2919998168945312,0.0,0.2928206999999929,optimal,2.0,0.7300742944183803,0.8105672790204014,,120.0,random,0.7176158389042498,0.9090909090909092,4.551914400963142e-15,complete_solver_call,0.2630000114440918,0.0109995885559328,0.7176158389042498,0.0,0.0
,,,0.0,True,0.0,0.8190647482014389,0.7850420806037118,0.0212269900307688,0.6626618705035972,group5,0.7220862449850803,0.7220862449850798,True,,,,1.0,0.0,,,,inst_V200_w15-25_s670501,D:\project\Resource_Allocation\data_processed\base_instances\random\group5\inst_V200_w15-25_s670501.assignment.json,random/group5/inst_V200_w15-25_s670501,,332,0,,139,,,,,,77.0,,,,0.0293967516736279,,0.9242532000000664,interp-0002,,0.0,,ppo,,,,,,0.8191989065049944,0.7362956672690837,,,random,0.7008592549543109,0.9090909090909092,0.0212269900307694,complete_solver_call,,,0.7220862449850798,0.02122699003076889,2.939675167362798
,,,0.0,,0.0,0.7838129496402878,0.9675979226935012,8.960938781821248e-05,0.9788489208633092,group5,0.7220862449850803,0.7220862449850798,True,,,,1.0,,0.0508967120881991,0.0334847406727265,,inst_V200_w15-25_s670501,D:\project\Resource_Allocation\data_processed\base_instances\random\group5\inst_V200_w15-25_s670501.assignment.json,random/group5/inst_V200_w15-25_s670501,,332,0,,139,,,,,,,,,,0.0001240979016572,,5.100509200000033,interp-0002,,0.0,,one_point_best_improvement_local_search,,,,,,0.8121198539500104,0.7437515805253667,,,random,0.7219966355972616,0.9090909090909092,8.96093878187676e-05,complete_solver_call,,,0.7220862449850798,8.960938781821248e-05,0.012409790165725154
,4.0,4.0,0.0,,0.0,0.8161870503597124,0.8212148214960813,0.0190993966207294,0.6914388489208633,group5,0.7220862449850803,0.7220862449850798,True,,,,1.0,,,0.0021275934100394,0.0021275934100394,inst_V200_w15-25_s670501,D:\project\Resource_Allocation\data_processed\base_instances\random\group5\inst_V200_w15-25_s670501.assignment.json,random/group5/inst_V200_w15-25_s670501,True,332,0,,139,,,,,False,,0.9242532000000664,,0.2493487000000414,0.0264502983589226,,1.173601900000108,interp-0002,,0.0,,ppo_plus_short_local_search_4,,,,,,0.8210633562519801,0.7348840372054211,accepted_move_limit,,random,0.7029868483643503,0.9090909090909092,0.01909939662073,complete_solver_call,,,0.7220862449850798,0.01909939662072946,2.6450298358922626
,8.0,8.0,0.0,,0.0,0.8133093525179856,0.840824303218615,0.0170156586692568,0.7202158273381295,group5,0.7220862449850803,0.7220862449850798,True,,,,1.0,,,0.004211331361512,0.004211331361512,inst_V200_w15-25_s670501,D:\project\Resource_Allocation\data_processed\base_instances\random\group5\inst_V200_w15-25_s670501.assignment.json,random/group5/inst_V200_w15-25_s670501,True,332,0,,139,,,,,False,,0.9242532000000664,,0.4606294000000162,0.0235645794216844,,1.384882600000083,interp-0002,,0.0,,ppo_plus_short_local_search_8,,,,,,0.8220664386440004,0.7341583526624568,accepted_move_limit,,random,0.705070586315823,0.9090909090909092,0.0170156586692573,complete_solver_call,,,0.7220862449850798,0.017015658669256806,2.356457942168445
,16.0,16.0,0.0,,0.0,0.8075539568345323,0.856723642591844,0.012901200081149,0.7777697841726618,group5,0.7220862449850803,0.7220862449850798,True,,,,1.0,,,0.0083257899496198,0.0083257899496198,inst_V200_w15-25_s670501,D:\project\Resource_Allocation\data_processed\base_instances\random\group5\inst_V200_w15-25_s670501.assignment.json,random/group5/inst_V200_w15-25_s670501,True,332,0,,139,,,,,False,,0.9242532000000664,,0.8893976000000521,0.0178665639606742,,1.8136508000001184,interp-0002,,0.0,,ppo_plus_short_local_search_16,,,,,,0.8224886431272947,0.734078874617925,accepted_move_limit,,random,0.7091850449039308,0.9090909090909092,0.0129012000811495,complete_solver_call,,,0.7220862449850798,0.012901200081149033,1.7866563960674264
,32.0,32.0,0.0,,0.0,0.8000000000000002,0.9112447396820124,0.0050422174562958,0.8928776978417267,group5,0.7220862449850803,0.7220862449850798,True,,,,1.0,,,0.016184772574473,0.016184772574473,inst_V200_w15-25_s670501,D:\project\Resource_Allocation\data_processed\base_instances\random\group5\inst_V200_w15-25_s670501.assignment.json,random/group5/inst_V200_w15-25_s670501,True,332,0,,139,,,,,False,,0.9242532000000664,,1.819474499999956,0.0069828465662021,,2.743727700000022,interp-0002,,0.0,,ppo_plus_short_local_search_32,,,,,,0.8138983239616709,0.7371267070167739,accepted_move_limit,,random,0.7170440275287839,0.9090909090909092,0.0050422174562964,complete_solver_call,,,0.7220862449850798,0.00504221745629585,0.6982846566202124
5.551115123125785e-16,,,0.0,,0.0,0.7852517985611511,0.9675979226935012,0.0,0.9788489208633092,group5,0.7220862449850803,0.7220862449850798,True,0.0,1.0,optimal,1.0,,,0.0335743500605447,,inst_V200_w15-25_s670501,D:\project\Resource_Allocation\data_processed\base_instances\random\group5\inst_V200_w15-25_s670501.assignment.json,random/group5/inst_V200_w15-25_s670501,,332,0,0.0,139,1.0,0.7220862449850803,0.7220862449850799,1.1102230246251563e-16,,,,True,,0.0,0.0,0.5361479000002873,interp-0002,7175.0,0.0,10.0,gurobi_exact_or_bounded,0.6749999523162842,0.0,0.676828300000011,optimal,2.0,0.8118739749545212,0.7426292783670934,,120.0,random,0.7220862449850798,0.9090909090909092,5.551115123125785e-16,complete_solver_call,0.5199999809265137,0.0161479190737736,0.7220862449850798,0.0,0.0
,,,0.0,True,0.0,0.8118357487922706,0.8397900172099934,0.0098881127305432,0.811304347826087,group6,0.7119901531229572,0.7119901531229571,True,,,,1.0,0.0,,,,inst_V300_w20-35_s670503,D:\project\Resource_Allocation\data_processed\base_instances\random\group6\inst_V300_w20-35_s670503.assignment.json,random/group6/inst_V300_w20-35_s670503,,348,0,,207,,,,,,128.0,,,,0.0138879908481481,,1.975661900000091,interp-0018,,0.0,,ppo,,,,,,0.7603428484986652,0.7493406753898308,,,random,0.7021020403924139,0.9090909090909092,0.0098881127305433,complete_solver_call,,,0.7119901531229571,0.009888112730543241,1.3887990848148168
,,,0.0,,0.0,0.7896135265700484,0.968143966189974,0.0010806245059563,0.9857004830917874,group6,0.7119901531229572,0.7119901531229571,True,,,,1.0,,0.0592283367676367,0.0337421944691928,,inst_V300_w20-35_s670503,D:\project\Resource_Allocation\data_processed\base_instances\random\group6\inst_V300_w20-35_s670503.assignment.json,random/group6/inst_V300_w20-35_s670503,,348,0,,207,,,,,,,,,,0.0015177520380253,,11.054970400000002,interp-0018,,0.0,,one_point_best_improvement_local_search,,,,,,0.7571221575748663,0.7446995317723638,,,random,0.7109095286170007,0.9090909090909092,0.0010806245059564,complete_solver_call,,,0.7119901531229571,0.0010806245059563624,0.15177520380253687
,4.0,4.0,0.0,,0.0,0.8128019323671497,0.8572376581420978,0.0079250634489763,0.8306280193236715,group6,0.7119901531229572,0.7119901531229571,True,,,,1.0,,,0.0019630492815668,0.0019630492815668,inst_V300_w20-35_s670503,D:\project\Resource_Allocation\data_processed\base_instances\random\group6\inst_V300_w20-35_s670503.assignment.json,random/group6/inst_V300_w20-35_s670503,True,348,0,,207,,,,,False,,1.975661900000091,,0.3335389999999734,0.01113086102977,,2.3092009000000644,interp-0018,,0.0,,ppo_plus_short_local_search_4,,,,,,0.759842388620102,0.7488044435057729,accepted_move_limit,,random,0.7040650896739807,0.9090909090909092,0.0079250634489764,complete_solver_call,,,0.7119901531229571,0.007925063448976366,1.1130861029770096
,8.0,8.0,0.0,,0.0,0.8137681159420289,0.8657967155000499,0.0059636768416555,0.849951690821256,group6,0.7119901531229572,0.7119901531229571,True,,,,1.0,,,0.0039244358888876,0.0039244358888876,inst_V300_w20-35_s670503,D:\project\Resource_Allocation\data_processed\base_instances\random\group6\inst_V300_w20-35_s670503.assignment.json,random/group6/inst_V300_w20-35_s670503,True,348,0,,207,,,,,False,,1.975661900000091,,0.6713756999999987,0.0083760664603259,,2.6470376000000897,interp-0018,,0.0,,ppo_plus_short_local_search_8,,,,,,0.7593352780445544,0.748268211621715,accepted_move_limit,,random,0.7060264762813016,0.9090909090909092,0.0059636768416556,complete_solver_call,,,0.7119901531229571,0.005963676841655552,0.8376066460325969
,16.0,16.0,0.0,,0.0,0.8077294685990337,0.9045628168016876,0.0039935674534612,0.8871497584541063,group6,0.7119901531229572,0.7119901531229571,True,,,,1.0,,,0.0058945452770819,0.0058945452770819,inst_V300_w20-35_s670503,D:\project\Resource_Allocation\data_processed\base_instances\random\group6\inst_V300_w20-35_s670503.assignment.json,random/group6/inst_V300_w20-35_s670503,True,348,0,,207,,,,,False,,1.975661900000091,,1.3768367000000126,0.0056090206247158,,3.352498600000104,interp-0018,,0.0,,ppo_plus_short_local_search_16,,,,,,0.7599960996335294,0.7478549773439711,accepted_move_limit,,random,0.7079965856694959,0.9090909090909092,0.0039935674534613,complete_solver_call,,,0.7119901531229571,0.003993567453461244,0.5609020624715825
,32.0,32.0,0.0,,0.0,0.7954106280193236,0.9565823183122288,0.0009563151545434,0.9623188405797102,group6,0.7119901531229572,0.7119901531229571,True,,,,1.0,,,0.0089317975759998,0.0089317975759998,inst_V300_w20-35_s670503,D:\project\Resource_Allocation\data_processed\base_instances\random\group6\inst_V300_w20-35_s670503.assignment.json,random/group6/inst_V300_w20-35_s670503,True,348,0,,207,,,,,False,,1.975661900000091,,2.628041800000005,0.0013431578377155,,4.603703700000096,interp-0018,,0.0,,ppo_plus_short_local_search_32,,,,,,0.7583098354590255,0.746405226559557,accepted_move_limit,,random,0.7110338379684137,0.9090909090909092,0.0009563151545435,complete_solver_call,,,0.7119901531229571,0.000956315154543419,0.13431578377155845
1.1102230246251563e-16,,,0.0,,0.0,0.7896135265700482,0.968143966189974,0.0,0.9857004830917874,group6,0.7119901531229572,0.7119901531229571,True,0.0,1.0,optimal,1.0,,,0.0348228189751491,,inst_V300_w20-35_s670503,D:\project\Resource_Allocation\data_processed\base_instances\random\group6\inst_V300_w20-35_s670503.assignment.json,random/group6/inst_V300_w20-35_s670503,,348,0,0.0,207,11951.0,0.7119901531229572,0.7119901531229572,1.1102230246251563e-16,,,,True,,0.0,0.0,2.022993300000053,interp-0018,90864.0,0.0,10.0,gurobi_exact_or_bounded,2.061000108718872,0.0,2.0646350999999186,optimal,2.0,0.7594896559258059,0.7466545314452497,,120.0,random,0.7119901531229571,0.9090909090909092,1.1102230246251563e-16,complete_solver_call,1.993000030517578,0.0299932694824747,0.7119901531229571,0.0,0.0
,,,0.0,True,0.0,0.8234693877551021,0.7729984721731132,0.0206709793194495,0.6661516034985423,group7,0.6876520034989738,0.6876520034989736,True,,,,1.0,0.0,,,,inst_V500_w28-50_s670560,D:\project\Resource_Allocation\data_processed\base_instances\random\group7\inst_V500_w28-50_s670560.assignment.json,random/group7/inst_V500_w28-50_s670560,,368,0,,343,,,,,,128.0,,,,0.0300602328129192,,1.5918604999999388,interp-0008,,0.0,,ppo,,,,,,0.7411533041666635,0.6721468858458932,,,random,0.6669810241795241,0.9090909090909092,0.0206709793194497,complete_solver_call,,,0.6876520034989736,0.0206709793194495,3.006023281291924
,,,0.0,,0.0,0.7870262390670555,0.968949009057238,0.0005506053523168,0.980204081632653,group7,0.6876520034989738,0.6876520034989736,True,,,,1.0,,0.0623804231750539,0.0257789016639257,,inst_V500_w28-50_s670560,D:\project\Resource_Allocation\data_processed\base_instances\random\group7\inst_V500_w28-50_s670560.assignment.json,random/group7/inst_V500_w28-50_s670560,,368,0,,343,,,,,,,,,,0.0008007034801254,,18.120927699999925,interp-0008,,0.0,,one_point_best_improvement_local_search,,,,,,0.7396875624820868,0.6722049105710124,,,random,0.6871013981466567,0.9090909090909092,0.0005506053523171,complete_solver_call,,,0.6876520034989736,0.0005506053523168797,0.08007034801254695
,4.0,4.0,0.0,,0.0,0.8223032069970846,0.7870820921215987,0.0195113583281959,0.6778134110787172,group7,0.6876520034989738,0.6876520034989736,True,,,,1.0,,,0.0011596209912535,0.0011596209912535,inst_V500_w28-50_s670560,D:\project\Resource_Allocation\data_processed\base_instances\random\group7\inst_V500_w28-50_s670560.assignment.json,random/group7/inst_V500_w28-50_s670560,True,368,0,,343,,,,,False,,1.5918604999999388,,0.5421612999999752,0.0283738842160227,,2.134021799999914,interp-0008,,0.0,,ppo_plus_short_local_search_4,,,,,,0.7418398930879463,0.6728334747671759,accepted_move_limit,,random,0.6681406451707776,0.9090909090909092,0.0195113583281961,complete_solver_call,,,0.6876520034989736,0.01951135832819595,2.837388421602275
,8.0,8.0,0.0,,0.0,0.8211370262390671,0.797985011577313,0.0183517373369421,0.6894752186588922,group7,0.6876520034989738,0.6876520034989736,True,,,,1.0,,,0.0023192419825073,0.0023192419825073,inst_V500_w28-50_s670560,D:\project\Resource_Allocation\data_processed\base_instances\random\group7\inst_V500_w28-50_s670560.assignment.json,random/group7/inst_V500_w28-50_s670560,True,368,0,,343,,,,,False,,1.5918604999999388,,1.0963286999999582,0.0266875356191259,,2.688189199999897,interp-0008,,0.0,,ppo_plus_short_local_search_8,,,,,,0.7425264820092291,0.6735200636884587,accepted_move_limit,,random,0.6693002661620314,0.9090909090909092,0.0183517373369423,complete_solver_call,,,0.6876520034989736,0.018351737336942175,2.6687535619125944
,16.0,16.0,0.0,,0.0,0.8188046647230321,0.8141345833668449,0.016032495354435,0.7127988338192419,group7,0.6876520034989738,0.6876520034989736,True,,,,1.0,,,0.0046384839650144,0.0046384839650144,inst_V500_w28-50_s670560,D:\project\Resource_Allocation\data_processed\base_instances\random\group7\inst_V500_w28-50_s670560.assignment.json,random/group7/inst_V500_w28-50_s670560,True,368,0,,343,,,,,False,,1.5918604999999388,,2.3163622000000714,0.0233148384253329,,3.90822270000001,interp-0008,,0.0,,ppo_plus_short_local_search_16,,,,,,0.7438996598517947,0.6748932415310244,accepted_move_limit,,random,0.6716195081445385,0.9090909090909092,0.0160324953544352,complete_solver_call,,,0.6876520034989736,0.016032495354435072,2.3314838425332973
,32.0,32.0,0.0,,0.0,0.8155976676384842,0.8474041290020433,0.0122900022166996,0.7594460641399416,group7,0.6876520034989738,0.6876520034989736,True,,,,1.0,,,0.0083809771027498,0.0083809771027498,inst_V500_w28-50_s670560,D:\project\Resource_Allocation\data_processed\base_instances\random\group7\inst_V500_w28-50_s670560.assignment.json,random/group7/inst_V500_w28-50_s670560,True,368,0,,343,,,,,False,,1.5918604999999388,,4.424497599999995,0.0178724153411384,,6.016358099999934,interp-0008,,0.0,,ppo_plus_short_local_search_32,,,,,,0.7444942679712494,0.6744581103356891,accepted_move_limit,,random,0.675362001282274,0.9090909090909092,0.0122900022166998,complete_solver_call,,,0.6876520034989736,0.012290002216699625,1.787241534113842
2.220446049250313e-16,,,0.0,,0.0,0.7857142857142857,0.9713133592249924,0.0,0.9934985422740524,group7,0.6876520034989738,0.6876520034989736,True,0.0,1.0,optimal,1.0,,,0.0263295070162425,,inst_V500_w28-50_s670560,D:\project\Resource_Allocation\data_processed\base_instances\random\group7\inst_V500_w28-50_s670560.assignment.json,random/group7/inst_V500_w28-50_s670560,,368,0,0.0,343,2433.0,0.6876520034989738,0.6876520034989737,1.1102230246251563e-16,,,,True,,0.0,0.0,2.886113900000055,interp-0008,53163.0,0.0,10.0,gurobi_exact_or_bounded,2.807999849319458,0.0,2.8097217000000683,optimal,2.0,0.739359094205239,0.6709923600238914,,120.0,random,0.6876520034989736,0.9090909090909092,2.220446049250313e-16,complete_solver_call,2.8410000801086426,0.0451138198914122,0.6876520034989736,0.0,0.0
,,,0.0,True,0.0,0.8197992700729928,0.6742965249237203,0.032070433325374,0.5576642335766423,group8,0.6901896299788359,0.690189629978836,True,,,,1.0,0.0,,,,inst_V800_w40-70_s670531,D:\project\Resource_Allocation\data_processed\base_instances\random\group8\inst_V800_w40-70_s670531.assignment.json,random/group8/inst_V800_w40-70_s670531,,377,0,,548,,,,,,128.0,,,,0.0464661187771793,,1.2426562999999078,interp-0017,,0.0,,ppo,,,,,,0.7645238051892722,0.6611281639063273,,,random,0.658119196653462,0.9090909090909092,0.0320704333253739,complete_solver_call,,,0.690189629978836,0.03207043332537407,4.646611877717937
,,,0.0,,0.0,0.7877737226277373,0.9615636896196156,0.0001704419048337,0.9682481751824816,group8,0.6901896299788359,0.690189629978836,True,,,,1.0,,0.0642471630375186,0.0247519530993723,,inst_V800_w40-70_s670531,D:\project\Resource_Allocation\data_processed\base_instances\random\group8\inst_V800_w40-70_s670531.assignment.json,random/group8/inst_V800_w40-70_s670531,,377,0,,548,,,,,,,,,,0.0002469493852565,,41.74571020000008,interp-0017,,0.0,,one_point_best_improvement_local_search,,,,,,0.7597805814436733,0.6676684336260588,,,random,0.6900191880740023,0.9090909090909092,0.0001704419048336,complete_solver_call,,,0.690189629978836,0.00017044190483372912,0.024694938525656428
,4.0,4.0,0.0,,0.0,0.8194343065693432,0.6807025849080157,0.0312980793107754,0.564963503649635,group8,0.6901896299788359,0.690189629978836,True,,,,1.0,,,0.0007723540145986,0.0007723540145986,inst_V800_w40-70_s670531,D:\project\Resource_Allocation\data_processed\base_instances\random\group8\inst_V800_w40-70_s670531.assignment.json,random/group8/inst_V800_w40-70_s670531,True,377,0,,548,,,,,False,,1.2426562999999078,,0.9519477000001187,0.0453470726758603,,2.194604000000026,interp-0017,,0.0,,ppo_plus_short_local_search_4,,,,,,0.7645210679629949,0.6617385653661815,accepted_move_limit,,random,0.6588915506680606,0.9090909090909092,0.0312980793107753,complete_solver_call,,,0.690189629978836,0.03129807931077544,4.534707267586035
,8.0,8.0,0.0,,0.0,0.8190693430656936,0.6865049156324567,0.0305257252961769,0.5722627737226277,group8,0.6901896299788359,0.690189629978836,True,,,,1.0,,,0.0015447080291971,0.0015447080291971,inst_V800_w40-70_s670531,D:\project\Resource_Allocation\data_processed\base_instances\random\group8\inst_V800_w40-70_s670531.assignment.json,random/group8/inst_V800_w40-70_s670531,True,377,0,,548,,,,,False,,1.2426562999999078,,1.924554700000044,0.0442280265745414,,3.167210999999952,interp-0017,,0.0,,ppo_plus_short_local_search_8,,,,,,0.7645183307367175,0.6623489668260355,accepted_move_limit,,random,0.6596639046826591,0.9090909090909092,0.0305257252961768,complete_solver_call,,,0.690189629978836,0.03052572529617692,4.42280265745415
,16.0,16.0,0.0,,0.0,0.8183394160583942,0.6965885540537909,0.0289810172669799,0.5868613138686131,group8,0.6901896299788359,0.690189629978836,True,,,,1.0,,,0.003089416058394,0.003089416058394,inst_V800_w40-70_s670531,D:\project\Resource_Allocation\data_processed\base_instances\random\group8\inst_V800_w40-70_s670531.assignment.json,random/group8/inst_V800_w40-70_s670531,True,377,0,,548,,,,,False,,1.2426562999999078,,3.554117300000144,0.0419899343719039,,4.796773600000051,interp-0017,,0.0,,ppo_plus_short_local_search_16,,,,,,0.7645128562841628,0.6635697697457434,accepted_move_limit,,random,0.661208612711856,0.9090909090909092,0.0289810172669798,complete_solver_call,,,0.690189629978836,0.02898101726697999,4.198993437190394
,32.0,32.0,0.0,,0.0,0.8168795620437957,0.7118670440076663,0.0258916012085858,0.6160583941605839,group8,0.6901896299788359,0.690189629978836,True,,,,1.0,,,0.0061788321167882,0.0061788321167882,inst_V800_w40-70_s670531,D:\project\Resource_Allocation\data_processed\base_instances\random\group8\inst_V800_w40-70_s670531.assignment.json,random/group8/inst_V800_w40-70_s670531,True,377,0,,548,,,,,False,,1.2426562999999078,,6.902271400000018,0.0375137499666283,,8.144927699999926,interp-0017,,0.0,,ppo_plus_short_local_search_32,,,,,,0.7645019073790532,0.6660113755851595,accepted_move_limit,,random,0.6642980287702502,0.9090909090909092,0.0258916012085856,complete_solver_call,,,0.690189629978836,0.0258916012085858,3.751374996662836
0.0,,,0.0,,0.0,0.7859489051094891,0.970950930373322,0.0,0.9962773722627736,group8,0.6901896299788359,0.690189629978836,True,0.0,1.0,optimal,1.0,,,0.0249223950042061,,inst_V800_w40-70_s670531,D:\project\Resource_Allocation\data_processed\base_instances\random\group8\inst_V800_w40-70_s670531.assignment.json,random/group8/inst_V800_w40-70_s670531,,377,0,0.0,548,3015.0,0.6901896299788359,0.6901896299788359,1.1102230246251563e-16,,,,True,,0.0,0.0,4.156572799999594,interp-0017,146802.0,0.0,10.0,gurobi_exact_or_bounded,4.25600004196167,0.0,4.257188799999994,optimal,2.0,0.754519330984378,0.6645895538944697,,120.0,random,0.690189629978836,0.9090909090909092,-1.1102230246251563e-16,complete_solver_call,4.098999977111816,0.0575728228877778,0.690189629978836,0.0,0.0
,,,0.0,True,0.0,0.8271739130434784,0.6113165406077472,0.0486567087201202,0.4233333333333333,group9,0.6996482524810593,0.6996482524810591,True,,,,1.0,0.0,,,,inst_V1000_w50-90_s670574,D:\project\Resource_Allocation\data_processed\base_instances\random\group9\inst_V1000_w50-90_s670574.assignment.json,random/group9/inst_V1000_w50-90_s670574,,401,0,,690,,,,,,128.0,,,,0.0695445297656017,,1.3116161999998894,interp-0011,,0.0,,ppo,,,,,,0.7225498295674603,0.719474316490788,,,random,0.6509915437609388,0.9090909090909092,0.0486567087201205,complete_solver_call,,,0.6996482524810591,0.04865670872012029,6.954452976560178
,,,0.0,,0.0,0.7910144927536231,0.9621028463366716,0.0031447984930857,0.927391304347826,group9,0.6996482524810593,0.6996482524810591,True,,,,1.0,,0.0615579457400538,0.0252125270558314,,inst_V1000_w50-90_s670574,D:\project\Resource_Allocation\data_processed\base_instances\random\group9\inst_V1000_w50-90_s670574.assignment.json,random/group9/inst_V1000_w50-90_s670574,,401,0,,690,,,,,,,,,,0.0044948279109307,,66.01546400000007,interp-0011,,0.0,,one_point_best_improvement_local_search,,,,,,0.7357889477944993,0.7300509551139156,,,random,0.6965034539879733,0.9090909090909092,0.003144798493086,complete_solver_call,,,0.6996482524810591,0.0031447984930857986,0.4494827910930764
,4.0,4.0,0.0,,0.0,0.8271739130434784,0.623118060131295,0.047749474695633,0.4291304347826087,group9,0.6996482524810593,0.6996482524810591,True,,,,1.0,,,0.0009072340244872,0.0009072340244872,inst_V1000_w50-90_s670574,D:\project\Resource_Allocation\data_processed\base_instances\random\group9\inst_V1000_w50-90_s670574.assignment.json,random/group9/inst_V1000_w50-90_s670574,True,401,0,,690,,,,,False,,1.3116161999998894,,1.07812899999999,0.0682478295719401,,2.38974519999988,interp-0011,,0.0,,ppo_plus_short_local_search_4,,,,,,0.7233376935706444,0.7199965480058425,accepted_move_limit,,random,0.651898777785426,0.9090909090909092,0.0477494746956332,complete_solver_call,,,0.6996482524810591,0.047749474695633065,6.824782957194014
,8.0,8.0,0.0,,0.0,0.8271739130434784,0.631517737703126,0.0468422406711458,0.434927536231884,group9,0.6996482524810593,0.6996482524810591,True,,,,1.0,,,0.0018144680489744,0.0018144680489744,inst_V1000_w50-90_s670574,D:\project\Resource_Allocation\data_processed\base_instances\random\group9\inst_V1000_w50-90_s670574.assignment.json,random/group9/inst_V1000_w50-90_s670574,True,401,0,,690,,,,,False,,1.3116161999998894,,2.1745398999999,0.0669511293782784,,3.486156099999789,interp-0011,,0.0,,ppo_plus_short_local_search_8,,,,,,0.7241255575738286,0.7205187795208969,accepted_move_limit,,random,0.6528060118099133,0.9090909090909092,0.046842240671146,complete_solver_call,,,0.6996482524810591,0.04684224067114584,6.695112937827849
,16.0,16.0,0.0,,0.0,0.8271739130434784,0.6448101729234657,0.0450277726221715,0.4465217391304348,group9,0.6996482524810593,0.6996482524810591,True,,,,1.0,,,0.0036289360979487,0.0036289360979487,inst_V1000_w50-90_s670574,D:\project\Resource_Allocation\data_processed\base_instances\random\group9\inst_V1000_w50-90_s670574.assignment.json,random/group9/inst_V1000_w50-90_s670574,True,401,0,,690,,,,,False,,1.3116161999998894,,4.361403899999914,0.0643577289909553,,5.673020099999803,interp-0011,,0.0,,ppo_plus_short_local_search_16,,,,,,0.7257012855801968,0.7215632425510059,accepted_move_limit,,random,0.6546204798588876,0.9090909090909092,0.0450277726221717,complete_solver_call,,,0.6996482524810591,0.0450277726221715,6.435772899095534
,32.0,32.0,0.0,,0.0,0.8271739130434784,0.6616294714363606,0.0421651176967454,0.4697101449275362,group9,0.6996482524810593,0.6996482524810591,True,,,,1.0,,,0.0064915910233748,0.0064915910233748,inst_V1000_w50-90_s670574,D:\project\Resource_Allocation\data_processed\base_instances\random\group9\inst_V1000_w50-90_s670574.assignment.json,random/group9/inst_V1000_w50-90_s670574,True,401,0,,690,,,,,False,,1.3116161999998894,,8.736335899999858,0.0602661659587107,,10.047952099999748,interp-0011,,0.0,,ppo_plus_short_local_search_32,,,,,,0.7271375242016288,0.7223022613124372,accepted_move_limit,,random,0.6574831347843136,0.9090909090909092,0.0421651176967456,complete_solver_call,,,0.6996482524810591,0.04216511769674547,6.026616595871075
2.220446049250313e-16,,,0.0,,0.0,0.782608695652174,0.9703800162825204,0.0,0.9969565217391304,group9,0.6996482524810593,0.6996482524810591,True,0.0,1.0,optimal,1.0,,,0.0283573255489172,,inst_V1000_w50-90_s670574,D:\project\Resource_Allocation\data_processed\base_instances\random\group9\inst_V1000_w50-90_s670574.assignment.json,random/group9/inst_V1000_w50-90_s670574,,401,0,0.0,690,3940.0,0.6996482524810593,0.6996482524810593,2.220446049250313e-16,,,,True,,0.0,0.0,6.872041599999648,interp-0011,290169.0,0.0,10.0,gurobi_exact_or_bounded,7.027999877929688,0.0,7.028564299999971,optimal,2.0,0.736199686844994,0.7244802796009813,,120.0,random,0.6996482524810591,0.9090909090909092,2.220446049250313e-16,complete_solver_call,6.796999931335449,0.0750416686641983,0.6996482524810591,0.0,0.0
,,,0.006694214876033,True,0.0,0.7920454545454546,0.7471663883376406,0.0025450920393875,0.7127272727272727,group1,0.6285087013544863,0.6285087013544853,True,,,,1.0,0.0,,,,inst_V60_w6-10_s670505,D:\project\Resource_Allocation\data_processed\base_instances\staircase\group1\inst_V60_w6-10_s670505.assignment.json,staircase/group1/inst_V60_w6-10_s670505,,407,0,,44,,,,,,55.0,,,,0.0040494141670635,,0.8180174000001443,interp-0017,,0.006694214876033,,ppo,,,,,,0.6786471874348222,0.5923394812305275,,,staircase,0.6259636093150978,0.9090909090909092,0.0025450920393885,complete_solver_call,,,0.6285087013544853,0.0025450920393875753,0.40494141670635636
,,,0.0,,0.0,0.7625000000000001,0.849934647984229,-1.1102230246251563e-16,0.7854545454545454,group1,0.6285087013544863,0.6285087013544853,True,,,,1.0,,0.0949644289315959,0.0210804590859272,,inst_V60_w6-10_s670505,D:\project\Resource_Allocation\data_processed\base_instances\staircase\group1\inst_V60_w6-10_s670505.assignment.json,staircase/group1/inst_V60_w6-10_s670505,,407,0,,44,,,,,,,,,,-1.7664401817071731e-16,,0.330805699999928,interp-0017,,0.0,,one_point_best_improvement_local_search,,,,,,0.6866202624236877,0.5982327248124356,,,staircase,0.6285087013544854,0.9090909090909092,8.881784197001252e-16,complete_solver_call,,,0.6285087013544853,-1.1102230246251565e-16,-1.7664401817071733e-14
,4.0,4.0,0.0013223140495867,,0.0,0.7715909090909091,0.8202464986481687,0.0001244793612124,0.7745454545454545,group1,0.6285087013544863,0.6285087013544853,True,,,,1.0,,,0.0024206126781751,0.0024206126781751,inst_V60_w6-10_s670505,D:\project\Resource_Allocation\data_processed\base_instances\staircase\group1\inst_V60_w6-10_s670505.assignment.json,staircase/group1/inst_V60_w6-10_s670505,True,407,0,,44,,,,,False,,0.8180174000001443,,0.0722173999999995,0.0001980551119565,,0.8902348000001439,interp-0017,,0.0013223140495867,,ppo_plus_short_local_search_4,,,,,,0.6829609296895817,0.595377611176072,accepted_move_limit,,staircase,0.6283842219932729,0.9090909090909092,0.0001244793612134,complete_solver_call,,,0.6285087013544853,0.000124479361212404,0.01980551119565111
,8.0,7.0,0.0,,0.0,0.7625000000000001,0.849934647984229,-1.1102230246251563e-16,0.7854545454545454,group1,0.6285087013544863,0.6285087013544853,True,,,,1.0,,,0.0025450920393876,0.0025450920393876,inst_V60_w6-10_s670505,D:\project\Resource_Allocation\data_processed\base_instances\staircase\group1\inst_V60_w6-10_s670505.assignment.json,staircase/group1/inst_V60_w6-10_s670505,False,407,0,,44,,,,,True,,0.8180174000001443,,0.148861399999987,-1.7664401817071731e-16,,0.9668788000001314,interp-0017,,0.0,,ppo_plus_short_local_search_8,,,,,,0.6866202624236877,0.5982327248124356,one_point_local_optimum,,staircase,0.6285087013544854,0.9090909090909092,8.881784197001252e-16,complete_solver_call,,,0.6285087013544853,-1.1102230246251565e-16,-1.7664401817071733e-14
,16.0,7.0,0.0,,0.0,0.7625000000000001,0.849934647984229,-1.1102230246251563e-16,0.7854545454545454,group1,0.6285087013544863,0.6285087013544853,True,,,,1.0,,,0.0025450920393876,0.0025450920393876,inst_V60_w6-10_s670505,D:\project\Resource_Allocation\data_processed\base_instances\staircase\group1\inst_V60_w6-10_s670505.assignment.json,staircase/group1/inst_V60_w6-10_s670505,False,407,0,,44,,,,,True,,0.8180174000001443,,0.1444020999999793,-1.7664401817071731e-16,,0.9624195000001236,interp-0017,,0.0,,ppo_plus_short_local_search_16,,,,,,0.6866202624236877,0.5982327248124356,one_point_local_optimum,,staircase,0.6285087013544854,0.9090909090909092,8.881784197001252e-16,complete_solver_call,,,0.6285087013544853,-1.1102230246251565e-16,-1.7664401817071733e-14
,32.0,7.0,0.0,,0.0,0.7625000000000001,0.849934647984229,-1.1102230246251563e-16,0.7854545454545454,group1,0.6285087013544863,0.6285087013544853,True,,,,1.0,,,0.0025450920393876,0.0025450920393876,inst_V60_w6-10_s670505,D:\project\Resource_Allocation\data_processed\base_instances\staircase\group1\inst_V60_w6-10_s670505.assignment.json,staircase/group1/inst_V60_w6-10_s670505,False,407,0,,44,,,,,True,,0.8180174000001443,,0.1540290000000368,-1.7664401817071731e-16,,0.9720464000001812,interp-0017,,0.0,,ppo_plus_short_local_search_32,,,,,,0.6866202624236877,0.5982327248124356,one_point_local_optimum,,staircase,0.6285087013544854,0.9090909090909092,8.881784197001252e-16,complete_solver_call,,,0.6285087013544853,-1.1102230246251565e-16,-1.7664401817071733e-14
9.992007221626409e-16,,,0.0,,0.0,0.7625000000000001,0.849934647984229,0.0,0.7854545454545454,group1,0.6285087013544863,0.6285087013544853,True,0.0,1.0,optimal,1.0,,,0.0210804590859271,,inst_V60_w6-10_s670505,D:\project\Resource_Allocation\data_processed\base_instances\staircase\group1\inst_V60_w6-10_s670505.assignment.json,staircase/group1/inst_V60_w6-10_s670505,,407,0,0.0,44,1.0,0.6285087013544863,0.6285087013544862,8.881784197001252e-16,,,,True,,0.0,0.0,0.1516925000005358,interp-0017,974.0,0.0,6.0,gurobi_exact_or_bounded,0.11899995803833,0.0,0.1196076999999604,optimal,2.0,0.6866202624236877,0.5982327248124355,,120.0,staircase,0.6285087013544853,0.9090909090909092,9.992007221626409e-16,complete_solver_call,0.1440000534057617,0.007692446594774,0.6285087013544853,0.0,0.0
,,,0.0279696789536266,True,0.0,0.8017241379310345,0.6012549776302346,0.0054618563590013,0.5900000000000001,group2,0.6915762262299208,0.6915762262299178,True,,,,1.0,0.0,,,,inst_V80_w8-12_s670521,D:\project\Resource_Allocation\data_processed\base_instances\staircase\group2\inst_V80_w8-12_s670521.assignment.json,staircase/group2/inst_V80_w8-12_s670521,,423,0,,58,,,,,,65.0,,,,0.0078976924767588,,0.5742199000001165,interp-0003,,0.0279696789536266,,ppo,,,,,,0.8574597186632328,0.700116666884642,,,staircase,0.6861143698709165,0.9090909090909092,0.0054618563590043,complete_solver_call,,,0.6915762262299178,0.005461856359001316,0.7897692476758875
,,,0.002167063020214,,0.0,0.7655172413793103,0.7564966384309325,0.0001107343942641,0.7106896551724138,group2,0.6915762262299208,0.6915762262299178,True,,,,1.0,,0.0888604667531447,0.0274955618512018,,inst_V80_w8-12_s670521,D:\project\Resource_Allocation\data_processed\base_instances\staircase\group2\inst_V80_w8-12_s670521.assignment.json,staircase/group2/inst_V80_w8-12_s670521,,423,0,,58,,,,,,,,,,0.0001601188561205,,0.5932538000001841,interp-0003,,0.002167063020214,,one_point_best_improvement_local_search,,,,,,0.8548482134392187,0.7089840273873433,,,staircase,0.6914654918356536,0.9090909090909092,0.0001107343942671,complete_solver_call,,,0.6915762262299178,0.00011073439426412257,0.0160118856120581
,4.0,4.0,0.0225,,0.0,0.7896551724137931,0.6528435783762431,0.0033357269733251,0.6417241379310344,group2,0.6915762262299208,0.6915762262299178,True,,,,1.0,,,0.0021261293856761,0.0021261293856761,inst_V80_w8-12_s670521,D:\project\Resource_Allocation\data_processed\base_instances\staircase\group2\inst_V80_w8-12_s670521.assignment.json,staircase/group2/inst_V80_w8-12_s670521,True,423,0,,58,,,,,False,,0.5742199000001165,,0.0923232000000098,0.0048233684831962,,0.6665431000001263,interp-0003,,0.0225,,ppo_plus_short_local_search_4,,,,,,0.8561470542796595,0.7015390806777455,accepted_move_limit,,staircase,0.6882404992565926,0.9090909090909092,0.0033357269733281,complete_solver_call,,,0.6915762262299178,0.0033357269733251815,0.4823368483196245
,8.0,8.0,0.0133442330558858,,0.0,0.7793103448275862,0.6989662286177453,0.0015573186334507,0.6762068965517241,group2,0.6915762262299208,0.6915762262299178,True,,,,1.0,,,0.0039045377255505,0.0039045377255505,inst_V80_w8-12_s670521,D:\project\Resource_Allocation\data_processed\base_instances\staircase\group2\inst_V80_w8-12_s670521.assignment.json,staircase/group2/inst_V80_w8-12_s670521,True,423,0,,58,,,,,False,,0.5742199000001165,,0.1853028999998969,0.0022518394565706,,0.7595228000000134,interp-0003,,0.0133442330558858,,ppo_plus_short_local_search_8,,,,,,0.8555477664410709,0.7042103847533585,accepted_move_limit,,staircase,0.690018907596467,0.9090909090909092,0.0015573186334537,complete_solver_call,,,0.6915762262299178,0.001557318633450766,0.22518394565706604
,16.0,14.0,0.002167063020214,,0.0,0.7655172413793104,0.7564966384309325,0.0,0.7106896551724138,group2,0.6915762262299208,0.6915762262299178,True,,,,1.0,,,0.0054618563590013,0.0054618563590013,inst_V80_w8-12_s670521,D:\project\Resource_Allocation\data_processed\base_instances\staircase\group2\inst_V80_w8-12_s670521.assignment.json,staircase/group2/inst_V80_w8-12_s670521,False,423,0,,58,,,,,True,,0.5742199000001165,,0.3439190999999937,0.0,,0.9181390000001102,interp-0003,,0.002167063020214,,ppo_plus_short_local_search_16,,,,,,0.8552911510162753,0.7089840273873433,one_point_local_optimum,,staircase,0.6915762262299178,0.9090909090909092,2.997602166487923e-15,complete_solver_call,,,0.6915762262299178,0.0,0.0
,32.0,14.0,0.002167063020214,,0.0,0.7655172413793104,0.7564966384309325,0.0,0.7106896551724138,group2,0.6915762262299208,0.6915762262299178,True,,,,1.0,,,0.0054618563590013,0.0054618563590013,inst_V80_w8-12_s670521,D:\project\Resource_Allocation\data_processed\base_instances\staircase\group2\inst_V80_w8-12_s670521.assignment.json,staircase/group2/inst_V80_w8-12_s670521,False,423,0,,58,,,,,True,,0.5742199000001165,,0.3539696999998796,0.0,,0.928189599999996,interp-0003,,0.002167063020214,,ppo_plus_short_local_search_32,,,,,,0.8552911510162753,0.7089840273873433,one_point_local_optimum,,staircase,0.6915762262299178,0.9090909090909092,2.997602166487923e-15,complete_solver_call,,,0.6915762262299178,0.0,0.0
2.997602166487923e-15,,,0.002167063020214,,0.0,0.7655172413793103,0.7564966384309325,0.0,0.7106896551724138,group2,0.6915762262299208,0.6915762262299178,True,0.0,1.0,optimal,1.0,,,0.0276062962454659,,inst_V80_w8-12_s670521,D:\project\Resource_Allocation\data_processed\base_instances\staircase\group2\inst_V80_w8-12_s670521.assignment.json,staircase/group2/inst_V80_w8-12_s670521,,423,0,0.0,58,1.0,0.6915762262299208,0.6915762262299199,2.1094237467877974e-15,,,,True,,0.0,0.0,0.1861637000001792,interp-0003,1824.0,0.002167063020214,5.0,gurobi_exact_or_bounded,0.1519999504089355,0.0,0.1537974999998823,optimal,2.0,0.8552911510162753,0.7089840273873433,,120.0,staircase,0.6915762262299178,0.9090909090909092,2.997602166487923e-15,complete_solver_call,0.176999807357788,0.0091638926423911,0.6915762262299178,0.0,0.0
,,,0.0363056975894813,True,0.0,0.7972972972972974,0.6055618907134294,0.0089543296495705,0.6156756756756756,group3,0.6133673971130851,0.6133673971130843,True,,,,1.0,0.0,,,,inst_V100_w10-15_s670517,D:\project\Resource_Allocation\data_processed\base_instances\staircase\group3\inst_V100_w10-15_s670517.assignment.json,staircase/group3/inst_V100_w10-15_s670517,,441,0,,74,,,,,,66.0,,,,0.0145986397250906,,0.7195398000001205,interp-0021,,0.0363056975894813,,ppo,,,,,,0.5673451981848288,0.661802323677992,,,staircase,0.6044130674635138,0.9090909090909092,0.0089543296495713,complete_solver_call,,,0.6133673971130843,0.008954329649570547,1.4598639725090687
,,,1.8261504747992365e-06,,0.0,0.7533783783783784,0.8117689543932688,0.0,0.7351351351351351,group3,0.6133673971130851,0.6133673971130843,True,,,,1.0,,0.1039185331372989,0.0267633000643623,,inst_V100_w10-15_s670517,D:\project\Resource_Allocation\data_processed\base_instances\staircase\group3\inst_V100_w10-15_s670517.assignment.json,staircase/group3/inst_V100_w10-15_s670517,,441,0,,74,,,,,,,,,,0.0,,0.96179630000006,interp-0021,,1.8261504747992365e-06,,one_point_best_improvement_local_search,,,,,,0.582061199592534,0.6733010112118851,,,staircase,0.6133673971130843,0.9090909090909092,7.771561172376098e-16,complete_solver_call,,,0.6133673971130843,0.0,0.0
,4.0,4.0,0.0225,,0.0,0.7824324324324325,0.6839313322139028,0.0062654828635951,0.6697297297297298,group3,0.6133673971130851,0.6133673971130843,True,,,,1.0,,,0.0026888467859753,0.0026888467859753,inst_V100_w10-15_s670517,D:\project\Resource_Allocation\data_processed\base_instances\staircase\group3\inst_V100_w10-15_s670517.assignment.json,staircase/group3/inst_V100_w10-15_s670517,True,441,0,,74,,,,,False,,0.7195398000001205,,0.1254111999999168,0.0102148938679895,,0.8449510000000373,interp-0021,,0.0225,,ppo_plus_short_local_search_4,,,,,,0.568069860346991,0.6625269858401541,accepted_move_limit,,staircase,0.6071019142494891,0.9090909090909092,0.0062654828635959,complete_solver_call,,,0.6133673971130843,0.006265482863595184,1.0214893867989596
,8.0,8.0,0.0151223520818115,,0.0,0.7743243243243243,0.7170174634551945,0.0039748679310059,0.6967567567567567,group3,0.6133673971130851,0.6133673971130843,True,,,,1.0,,,0.0049794617185645,0.0049794617185645,inst_V100_w10-15_s670517,D:\project\Resource_Allocation\data_processed\base_instances\staircase\group3\inst_V100_w10-15_s670517.assignment.json,staircase/group3/inst_V100_w10-15_s670517,True,441,0,,74,,,,,False,,0.7195398000001205,,0.239116899999999,0.0064804030173666,,0.9586567000001196,interp-0021,,0.0151223520818115,,ppo_plus_short_local_search_8,,,,,,0.5711630176668298,0.6645641480023162,accepted_move_limit,,staircase,0.6093925291820783,0.9090909090909092,0.0039748679310067,complete_solver_call,,,0.6133673971130843,0.0039748679310059876,0.6480403017366695
,16.0,16.0,0.0047498173849525,,0.0,0.7601351351351352,0.7772972701396608,0.0004477720964205,0.7362162162162162,group3,0.6133673971130851,0.6133673971130843,True,,,,1.0,,,0.0085065575531499,0.0085065575531499,inst_V100_w10-15_s670517,D:\project\Resource_Allocation\data_processed\base_instances\staircase\group3\inst_V100_w10-15_s670517.assignment.json,staircase/group3/inst_V100_w10-15_s670517,True,441,0,,74,,,,,False,,0.7195398000001205,,0.4700202999999874,0.0007300226561243,,1.189560100000108,interp-0021,,0.0047498173849525,,ppo_plus_short_local_search_16,,,,,,0.577844983376318,0.6690847949956691,accepted_move_limit,,staircase,0.6129196250166637,0.9090909090909092,0.0004477720964213,complete_solver_call,,,0.6133673971130843,0.00044777209642055116,0.07300226561243148
,32.0,21.0,1.8261504747992365e-06,,0.0,0.7533783783783784,0.8117689543932688,1.0979729729743148e-05,0.7362162162162162,group3,0.6133673971130851,0.6133673971130843,True,,,,1.0,,,0.0089433499198408,0.0089433499198408,inst_V100_w10-15_s670517,D:\project\Resource_Allocation\data_processed\base_instances\staircase\group3\inst_V100_w10-15_s670517.assignment.json,staircase/group3/inst_V100_w10-15_s670517,False,441,0,,74,,,,,True,,0.7195398000001205,,0.6385573000000022,1.7900739069962102e-05,,1.3580971000001227,interp-0021,,1.8261504747992365e-06,,ppo_plus_short_local_search_32,,,,,,0.5818230239168584,0.6730628355362096,one_point_local_optimum,,staircase,0.6133564173833546,0.9090909090909092,1.0979729730520305e-05,complete_solver_call,,,0.6133673971130843,1.0979729729743148e-05,0.0017900739069962102
7.771561172376098e-16,,,1.8261504747992365e-06,,0.0,0.7533783783783784,0.8117689543932688,0.0,0.7351351351351351,group3,0.6133673971130851,0.6133673971130843,True,0.0,1.0,optimal,1.0,,,0.0267633000643623,,inst_V100_w10-15_s670517,D:\project\Resource_Allocation\data_processed\base_instances\staircase\group3\inst_V100_w10-15_s670517.assignment.json,staircase/group3/inst_V100_w10-15_s670517,,441,0,0.0,74,1.0,0.6133673971130851,0.6133673971130851,7.771561172376098e-16,,,,True,,0.0,0.0,0.200108199999704,interp-0021,2372.0,1.8261504747992365e-06,4.0,gurobi_exact_or_bounded,0.2009999752044677,0.0,0.2025778999998237,optimal,2.0,0.5820611995925341,0.6733010112118852,,120.0,staircase,0.6133673971130843,0.9090909090909092,7.771561172376098e-16,complete_solver_call,0.1909999847412109,0.0091082152584931,0.6133673971130843,0.0,0.0
,,,0.1101033057851239,True,0.0123584204003229,0.8363636363636366,0.4388315674288654,0.017062515072174,0.4927272727272727,group4,0.6006036827168081,0.6006036827168045,True,,,,1.0,0.0,,,,inst_V150_w12-20_s670577,D:\project\Resource_Allocation\data_processed\base_instances\staircase\group4\inst_V150_w12-20_s670577.assignment.json,staircase/group4/inst_V150_w12-20_s670577,,463,0,,110,,,,,,76.0,,,,0.028408941808336,,0.9609777999999096,interp-0013,,0.1224617261854468,,ppo,,,,,,0.639085424020925,0.5433366643045027,,,staircase,0.5835411676446305,0.9090909090909092,0.0170625150721775,complete_solver_call,,,0.6006036827168045,0.017062515072174045,2.8408941808336077
,,,2.066115702479365e-05,,0.0,0.781818181818182,0.6906884580360656,-1.1102230246251563e-16,0.6018181818181818,group4,0.6006036827168081,0.6006036827168045,True,,,,1.0,,0.103696778429684,0.0335874136632586,,inst_V150_w12-20_s670577,D:\project\Resource_Allocation\data_processed\base_instances\staircase\group4\inst_V150_w12-20_s670577.assignment.json,staircase/group4/inst_V150_w12-20_s670577,,463,0,,110,,,,,,,,,,-1.8485118499492232e-16,,2.3570135999998456,interp-0013,,2.066115702479365e-05,,one_point_best_improvement_local_search,,,,,,0.6581523920898191,0.5653615123311181,,,staircase,0.6006036827168046,0.9090909090909092,3.4416913763379853e-15,complete_solver_call,,,0.6006036827168045,-1.1102230246251565e-16,-1.848511849949223e-14
,4.0,4.0,0.0872933884297521,,0.0027002984657841,0.8254545454545457,0.4980356038639521,0.0131452565977284,0.5290909090909091,group4,0.6006036827168081,0.6006036827168045,True,,,,1.0,,,0.0039172584744455,0.0039172584744455,inst_V150_w12-20_s670577,D:\project\Resource_Allocation\data_processed\base_instances\staircase\group4\inst_V150_w12-20_s670577.assignment.json,staircase/group4/inst_V150_w12-20_s670577,True,463,0,,110,,,,,False,,0.9609777999999096,,0.1734662000001208,0.0218867399185207,,1.1344440000000304,interp-0013,,0.0899936868955362,,ppo_plus_short_local_search_4,,,,,,0.6396990603845614,0.543950300668139,accepted_move_limit,,staircase,0.5874584261190761,0.9090909090909092,0.013145256597732,complete_solver_call,,,0.6006036827168045,0.013145256597728472,2.1886739918520774
,8.0,8.0,0.0719214876033057,,0.0001759710965067,0.8190909090909093,0.5367345902246939,0.0106069812552644,0.5472727272727274,group4,0.6006036827168081,0.6006036827168045,True,,,,1.0,,,0.0064555338169095,0.0064555338169095,inst_V150_w12-20_s670577,D:\project\Resource_Allocation\data_processed\base_instances\staircase\group4\inst_V150_w12-20_s670577.assignment.json,staircase/group4/inst_V150_w12-20_s670577,True,463,0,,110,,,,,False,,0.9609777999999096,,0.3607044999998834,0.0176605331610426,,1.321682299999793,interp-0013,,0.0720974586998125,,ppo_plus_short_local_search_8,,,,,,0.6411669064723254,0.5458407010355776,accepted_move_limit,,staircase,0.58999670146154,0.9090909090909092,0.010606981255268,complete_solver_call,,,0.6006036827168045,0.010606981255264492,1.7660533161042695
,16.0,16.0,0.0537396694214876,,0.0,0.8081818181818183,0.5849238850729956,0.0064265922358657,0.5836363636363637,group4,0.6006036827168081,0.6006036827168045,True,,,,1.0,,,0.0106359228363083,0.0106359228363083,inst_V150_w12-20_s670577,D:\project\Resource_Allocation\data_processed\base_instances\staircase\group4\inst_V150_w12-20_s670577.assignment.json,staircase/group4/inst_V150_w12-20_s670577,True,463,0,,110,,,,,False,,0.9609777999999096,,0.7039047000000664,0.0107002211621402,,1.664882499999976,interp-0013,,0.0537396694214876,,ppo_plus_short_local_search_16,,,,,,0.6442837453688366,0.5506477570507864,accepted_move_limit,,staircase,0.5941770904809388,0.9090909090909092,0.0064265922358692,complete_solver_call,,,0.6006036827168045,0.006426592235865725,1.0700221162140258
,32.0,32.0,0.0109297520661157,,0.0,0.7918181818181819,0.6672463537929504,0.0010346590909089,0.6018181818181818,group4,0.6006036827168081,0.6006036827168045,True,,,,1.0,,,0.0160278559812651,0.0160278559812651,inst_V150_w12-20_s670577,D:\project\Resource_Allocation\data_processed\base_instances\staircase\group4\inst_V150_w12-20_s670577.assignment.json,staircase/group4/inst_V150_w12-20_s670577,True,463,0,,110,,,,,False,,0.9609777999999096,,1.4214260000001104,0.0017226985459508,,2.38240380000002,interp-0013,,0.0109297520661157,,ppo_plus_short_local_search_32,,,,,,0.6522648920898192,0.559474012331118,accepted_move_limit,,staircase,0.5995690236258956,0.9090909090909092,0.0010346590909124,complete_solver_call,,,0.6006036827168045,0.0010346590909089404,0.17226985459508093
3.552713678800501e-15,,,2.066115702479365e-05,,0.0,0.7818181818181819,0.6906884580360656,0.0,0.6018181818181818,group4,0.6006036827168081,0.6006036827168045,True,0.0,1.0,optimal,1.0,,,0.0335874136632585,,inst_V150_w12-20_s670577,D:\project\Resource_Allocation\data_processed\base_instances\staircase\group4\inst_V150_w12-20_s670577.assignment.json,staircase/group4/inst_V150_w12-20_s670577,,463,0,0.0,110,1.0,0.6006036827168081,0.6006036827168079,3.3306690738754696e-15,,,,True,,0.0,0.0,0.2130166999995708,interp-0013,2189.0,2.066115702479365e-05,6.0,gurobi_exact_or_bounded,0.2279999256134033,0.0,0.2285825999999815,optimal,2.0,0.6581523920898191,0.5653615123311182,,120.0,staircase,0.6006036827168045,0.9090909090909092,3.552713678800501e-15,complete_solver_call,0.2019999027252197,0.0110167972743511,0.6006036827168045,0.0,0.0
,,,0.023517972163416,True,0.0,0.8087248322147651,0.5674307909850318,0.01409898561578,0.5534228187919463,group5,0.6209845726390137,0.6209845726389922,True,,,,1.0,0.0,,,,inst_V200_w15-25_s670501,D:\project\Resource_Allocation\data_processed\base_instances\staircase\group5\inst_V200_w15-25_s670501.assignment.json,staircase/group5/inst_V200_w15-25_s670501,,467,0,,149,,,,,,115.0,,,,0.0227042445770652,,1.2390277000001788,interp-0017,,0.023517972163416,,ppo,,,,,,0.6677483917611626,0.5773622190225556,,,staircase,0.6068855870232122,0.9090909090909092,0.0140989856158015,complete_solver_call,,,0.6209845726389922,0.014098985615780046,2.2704244577065293
,,,3.254357911805784e-05,,0.0,0.7496644295302014,0.8272321234560198,0.0,0.7812080536912751,group5,0.6209845726390137,0.6209845726389922,True,,,,1.0,,0.1061184606655794,0.0249183356796245,,inst_V200_w15-25_s670501,D:\project\Resource_Allocation\data_processed\base_instances\staircase\group5\inst_V200_w15-25_s670501.assignment.json,staircase/group5/inst_V200_w15-25_s670501,,467,0,,149,,,,,,,,,,0.0,,3.5572813999999653,interp-0017,,3.254357911805784e-05,,one_point_best_improvement_local_search,,,,,,0.6818484885728751,0.5900222825019891,,,staircase,0.6209845726389922,0.9090909090909092,2.1538326677728043e-14,complete_solver_call,,,0.6209845726389922,0.0,0.0
,4.0,4.0,0.0215045493446241,,0.0,0.8046979865771813,0.6121564651855291,0.0120317976645909,0.5802684563758389,group5,0.6209845726390137,0.6209845726389922,True,,,,1.0,,,0.002067187951189,0.002067187951189,inst_V200_w15-25_s670501,D:\project\Resource_Allocation\data_processed\base_instances\staircase\group5\inst_V200_w15-25_s670501.assignment.json,staircase/group5/inst_V200_w15-25_s670501,True,467,0,,149,,,,,False,,1.2390277000001788,,0.2335513000000446,0.0193753568038889,,1.4725790000002237,interp-0017,,0.0215045493446241,,ppo_plus_short_local_search_4,,,,,,0.6679919757806844,0.5786759774118172,accepted_move_limit,,staircase,0.6089527749744013,0.9090909090909092,0.0120317976646124,complete_solver_call,,,0.6209845726389922,0.012031797664590949,1.9375356803888917
,8.0,8.0,0.0215045493446241,,0.0,0.7993288590604027,0.6392663160352258,0.0107445894839953,0.6071140939597315,group5,0.6209845726390137,0.6209845726389922,True,,,,1.0,,,0.0033543961317846,0.0033543961317846,inst_V200_w15-25_s670501,D:\project\Resource_Allocation\data_processed\base_instances\staircase\group5\inst_V200_w15-25_s670501.assignment.json,staircase/group5/inst_V200_w15-25_s670501,True,467,0,,149,,,,,False,,1.2390277000001788,,0.48010209999984,0.0173025063059685,,1.7191298000000188,interp-0017,,0.0215045493446241,,ppo_plus_short_local_search_8,,,,,,0.668533425952731,0.5789880579487301,accepted_move_limit,,staircase,0.6102399831549968,0.9090909090909092,0.0107445894840169,complete_solver_call,,,0.6209845726389922,0.01074458948399537,1.7302506305968586
,16.0,16.0,0.0177479618035223,,0.0,0.7872483221476511,0.6798236204921566,0.0081906352375153,0.6608053691275169,group5,0.6209845726390137,0.6209845726389922,True,,,,1.0,,,0.0059083503782646,0.0059083503782646,inst_V200_w15-25_s670501,D:\project\Resource_Allocation\data_processed\base_instances\staircase\group5\inst_V200_w15-25_s670501.assignment.json,staircase/group5/inst_V200_w15-25_s670501,True,467,0,,149,,,,,False,,1.2390277000001788,,0.9344745000000784,0.0131897563939595,,2.1735022000002573,interp-0017,,0.0177479618035223,,ppo_plus_short_local_search_16,,,,,,0.669572111277915,0.5796826888212132,accepted_move_limit,,staircase,0.6127939374014768,0.9090909090909092,0.0081906352375369,complete_solver_call,,,0.6209845726389922,0.008190635237515398,1.3189756393959569
,32.0,32.0,0.0063250529255438,,0.0,0.765771812080537,0.7683498594114071,0.0035931678929095,0.7413422818791946,group5,0.6209845726390137,0.6209845726389922,True,,,,1.0,,,0.0105058177228705,0.0105058177228705,inst_V200_w15-25_s670501,D:\project\Resource_Allocation\data_processed\base_instances\staircase\group5\inst_V200_w15-25_s670501.assignment.json,staircase/group5/inst_V200_w15-25_s670501,True,467,0,,149,,,,,False,,1.2390277000001788,,1.932587900000044,0.005786243412843,,3.171615600000223,interp-0017,,0.0063250529255438,,ppo_plus_short_local_search_32,,,,,,0.6738833664151345,0.5827491864910915,accepted_move_limit,,staircase,0.6173914047460827,0.9090909090909092,0.003593167892931,complete_solver_call,,,0.6209845726389922,0.0035931678929095323,0.5786243412843062
2.1538326677728043e-14,,,3.254357911805784e-05,,0.0,0.7496644295302014,0.8272321234560198,0.0,0.7812080536912751,group5,0.6209845726390137,0.6209845726389922,True,0.0,1.0,optimal,1.0,,,0.0249183356796245,,inst_V200_w15-25_s670501,D:\project\Resource_Allocation\data_processed\base_instances\staircase\group5\inst_V200_w15-25_s670501.assignment.json,staircase/group5/inst_V200_w15-25_s670501,,467,0,0.0,149,1.0,0.6209845726390137,0.62098457263901,1.7763568394002505e-14,,,,True,,0.0,0.0,0.3273914999999761,interp-0017,2624.0,3.254357911805784e-05,5.0,gurobi_exact_or_bounded,0.3289999961853027,0.0,0.3329152000001159,optimal,2.0,0.6818484885728751,0.590022282501989,,120.0,staircase,0.6209845726389922,0.9090909090909092,2.1538326677728043e-14,complete_solver_call,0.3100001811981201,0.0173913188018559,0.6209845726389922,0.0,0.0
,,,0.2219360744045113,True,0.0589702642361531,0.8596330275229359,0.3071620617857393,0.0325495460427927,0.3588990825688074,group6,0.6700835368733916,0.6700835368733878,True,,,,1.0,0.0,,,,inst_V300_w20-35_s670500,D:\project\Resource_Allocation\data_processed\base_instances\staircase\group6\inst_V300_w20-35_s670500.assignment.json,staircase/group6/inst_V300_w20-35_s670500,,482,0,,218,,,,,,92.0,,,,0.0485753555365186,,1.510692399999925,interp-0002,,0.2809063386406645,,ppo,,,,,,0.8636398176620891,0.623739415061511,,,staircase,0.6375339908305951,0.9090909090909092,0.0325495460427964,complete_solver_call,,,0.6700835368733878,0.0325495460427927,4.857535553651862
,,,0.0040101843279185,,0.0,0.8133027522935781,0.564776827843716,0.0003785564877151,0.4688990825688073,group6,0.6700835368733916,0.6700835368733878,True,,,,1.0,,0.0913891293370759,0.0407744334687681,,inst_V300_w20-35_s670500,D:\project\Resource_Allocation\data_processed\base_instances\staircase\group6\inst_V300_w20-35_s670500.assignment.json,staircase/group6/inst_V300_w20-35_s670500,,482,0,,218,,,,,,,,,,0.000564939245458,,9.455710200000112,interp-0002,,0.0040101843279185,,one_point_best_improvement_local_search,,,,,,0.8670600948708038,0.6498409646232379,,,staircase,0.6697049803856727,0.9090909090909092,0.0003785564877188,complete_solver_call,,,0.6700835368733878,0.0003785564877151204,0.05649392454580608
,4.0,4.0,0.2049846393401228,,0.0474247602107182,0.8536697247706423,0.3322277331460264,0.029223748424938,0.3772477064220182,group6,0.6700835368733916,0.6700835368733878,True,,,,1.0,,,0.0033257976178546,0.0033257976178546,inst_V300_w20-35_s670500,D:\project\Resource_Allocation\data_processed\base_instances\staircase\group6\inst_V300_w20-35_s670500.assignment.json,staircase/group6/inst_V300_w20-35_s670500,True,482,0,,218,,,,,False,,1.510692399999925,,0.3420181000001321,0.0436120973234115,,1.8527105000000568,interp-0002,,0.2524093995508412,,ppo_plus_short_local_search_4,,,,,,0.8637602305061257,0.6253399308144322,accepted_move_limit,,staircase,0.6408597884484498,0.9090909090909092,0.0292237484249417,complete_solver_call,,,0.6700835368733878,0.029223748424938023,4.361209732341155
,8.0,8.0,0.1887065482703476,,0.0380596262065023,0.8467889908256881,0.3549112350582373,0.026554259423978,0.3951376146788991,group6,0.6700835368733916,0.6700835368733878,True,,,,1.0,,,0.0059952866188146,0.0059952866188146,inst_V300_w20-35_s670500,D:\project\Resource_Allocation\data_processed\base_instances\staircase\group6\inst_V300_w20-35_s670500.assignment.json,staircase/group6/inst_V300_w20-35_s670500,True,482,0,,218,,,,,False,,1.510692399999925,,0.6849269000001641,0.0396282820913349,,2.195619300000089,interp-0002,,0.2267661744768499,,ppo_plus_short_local_search_8,,,,,,0.8638739587090992,0.6267477860168947,accepted_move_limit,,staircase,0.6435292774494098,0.9090909090909092,0.0265542594239818,complete_solver_call,,,0.6700835368733878,0.026554259423978044,3.9628282091334928
,16.0,16.0,0.1581703981146368,,0.0244742828530759,0.8334862385321101,0.3935574135566791,0.0219994735902822,0.4276146788990826,group6,0.6700835368733916,0.6700835368733878,True,,,,1.0,,,0.0105500724525104,0.0105500724525104,inst_V300_w20-35_s670500,D:\project\Resource_Allocation\data_processed\base_instances\staircase\group6\inst_V300_w20-35_s670500.assignment.json,staircase/group6/inst_V300_w20-35_s670500,True,482,0,,218,,,,,False,,1.510692399999925,,1.421762899999976,0.0328309417851568,,2.9324552999999014,interp-0002,,0.1826446809677127,,ppo_plus_short_local_search_16,,,,,,0.8640425366907505,0.6301222310305918,accepted_move_limit,,staircase,0.6480840632831056,0.9090909090909092,0.0219994735902859,complete_solver_call,,,0.6700835368733878,0.021999473590282204,3.2830941785156855
,32.0,32.0,0.1303276239373789,,0.0141715795652861,0.829816513761468,0.4309555563443379,0.0150492270190727,0.4643119266055047,group6,0.6700835368733916,0.6700835368733878,True,,,,1.0,,,0.0175003190237199,0.0175003190237199,inst_V300_w20-35_s670500,D:\project\Resource_Allocation\data_processed\base_instances\staircase\group6\inst_V300_w20-35_s670500.assignment.json,staircase/group6/inst_V300_w20-35_s670500,True,482,0,,218,,,,,False,,1.510692399999925,,2.857673799999929,0.0224587326668141,,4.368366199999855,interp-0002,,0.1444992035026651,,ppo_plus_short_local_search_32,,,,,,0.8634046635973293,0.6330276700650336,accepted_move_limit,,staircase,0.6550343098543151,0.9090909090909092,0.0150492270190765,complete_solver_call,,,0.6700835368733878,0.015049227019072742,2.2458732666814183
3.774758283725532e-15,,,0.0028804393569564,,0.0,0.8027522935779818,0.58167010326366,0.0,0.5010091743119266,group6,0.6700835368733916,0.6700835368733878,True,0.0,1.0,optimal,1.0,,,0.0411529899564833,,inst_V300_w20-35_s670500,D:\project\Resource_Allocation\data_processed\base_instances\staircase\group6\inst_V300_w20-35_s670500.assignment.json,staircase/group6/inst_V300_w20-35_s670500,,482,0,0.0,218,1.0,0.6700835368733916,0.6700835368733916,3.774758283725532e-15,,,,True,,0.0,0.0,0.504552600000352,interp-0002,5720.0,0.0028804393569564,5.0,gurobi_exact_or_bounded,0.4199998378753662,0.0,0.4209547000000384,optimal,2.0,0.8660847508341065,0.6516951503838792,,120.0,staircase,0.6700835368733878,0.9090909090909092,3.774758283725532e-15,complete_solver_call,0.4820001125335693,0.0225524874667826,0.6700835368733878,0.0,0.0
,,,0.113115903226502,True,0.024138386558352,0.8378016085790886,0.3946346674500645,0.0281506406185179,0.3981769436997318,group7,0.6379032511661604,0.6379032511661601,True,,,,1.0,0.0,,,,inst_V500_w28-50_s670580,D:\project\Resource_Allocation\data_processed\base_instances\staircase\group7\inst_V500_w28-50_s670580.assignment.json,staircase/group7/inst_V500_w28-50_s670580,,509,0,,373,,,,,,128.0,,,,0.0441299531975347,,1.2618681999999808,interp-0029,,0.1372542897848541,,ppo,,,,,,0.669531751717518,0.6597476986121931,,,staircase,0.6097526105476422,0.9090909090909092,0.0281506406185182,complete_solver_call,,,0.6379032511661601,0.028150640618517908,4.412995319753477
,,,1.5111874591207e-05,,0.0,0.7851206434316355,0.6936253115822977,0.0,0.6008579088471848,group7,0.6379032511661604,0.6379032511661601,True,,,,1.0,,0.0933983648082048,0.0328761268615861,,inst_V500_w28-50_s670580,D:\project\Resource_Allocation\data_processed\base_instances\staircase\group7\inst_V500_w28-50_s670580.assignment.json,staircase/group7/inst_V500_w28-50_s670580,,509,0,,373,,,,,,,,,,0.0,,24.999933800000008,interp-0029,,1.5111874591207e-05,,one_point_best_improvement_local_search,,,,,,0.6894729175799723,0.6796581961776682,,,staircase,0.6379032511661601,0.9090909090909092,3.3306690738754696e-16,complete_solver_call,,,0.6379032511661601,0.0,0.0
,4.0,4.0,0.109537928828641,,0.0175725995204484,0.8361930294906167,0.4174383180536382,0.0264780875312418,0.4089008042895441,group7,0.6379032511661604,0.6379032511661601,True,,,,1.0,,,0.001672553087276,0.001672553087276,inst_V500_w28-50_s670580,D:\project\Resource_Allocation\data_processed\base_instances\staircase\group7\inst_V500_w28-50_s670580.assignment.json,staircase/group7/inst_V500_w28-50_s670580,True,509,0,,373,,,,,False,,1.2618681999999808,,0.5872785999999905,0.0415079990309452,,1.849146799999972,interp-0029,,0.1271105283490894,,ppo_plus_short_local_search_4,,,,,,0.6696684809400381,0.6598844278347132,accepted_move_limit,,staircase,0.6114251636349183,0.9090909090909092,0.0264780875312421,complete_solver_call,,,0.6379032511661601,0.026478087531241812,4.150799903094527
,8.0,8.0,0.1077705043520761,,0.013941165954428,0.8353887399463807,0.4319272853093142,0.0250497969012459,0.4196246648793564,group7,0.6379032511661604,0.6379032511661601,True,,,,1.0,,,0.0031008437172719,0.0031008437172719,inst_V500_w28-50_s670580,D:\project\Resource_Allocation\data_processed\base_instances\staircase\group7\inst_V500_w28-50_s670580.assignment.json,staircase/group7/inst_V500_w28-50_s670580,True,509,0,,373,,,,,False,,1.2618681999999808,,1.1655885000000126,0.0392689594471451,,2.4274566999999934,interp-0029,,0.1217116703065042,,ppo_plus_short_local_search_8,,,,,,0.6697830922000918,0.6599990390947668,accepted_move_limit,,staircase,0.6128534542649141,0.9090909090909092,0.0250497969012463,complete_solver_call,,,0.6379032511661601,0.02504979690124598,3.9268959447145138
,16.0,16.0,0.1042787808436774,,0.0092796052197852,0.833780160857909,0.4536692924359776,0.0224576588254673,0.4410723860589811,group7,0.6379032511661604,0.6379032511661601,True,,,,1.0,,,0.0056929817930505,0.0056929817930505,inst_V500_w28-50_s670580,D:\project\Resource_Allocation\data_processed\base_instances\staircase\group7\inst_V500_w28-50_s670580.assignment.json,staircase/group7/inst_V500_w28-50_s670580,True,509,0,,373,,,,,False,,1.2618681999999808,,2.3136418999999933,0.0352054308931835,,3.575510099999974,interp-0029,,0.1135583860634626,,ppo_plus_short_local_search_16,,,,,,0.670012314720199,0.660228261614874,accepted_move_limit,,staircase,0.6154455923406927,0.9090909090909092,0.0224576588254676,complete_solver_call,,,0.6379032511661601,0.022457658825467353,3.520543089318354
,32.0,32.0,0.1025544818118437,,0.0062926732196764,0.832975871313673,0.4706736284727677,0.0177356979206645,0.4839678284182305,group7,0.6379032511661604,0.6379032511661601,True,,,,1.0,,,0.0104149426978533,0.0104149426978533,inst_V500_w28-50_s670580,D:\project\Resource_Allocation\data_processed\base_instances\staircase\group7\inst_V500_w28-50_s670580.assignment.json,staircase/group7/inst_V500_w28-50_s670580,True,509,0,,373,,,,,False,,1.2618681999999808,,4.6042639000002055,0.0278031157361898,,5.866132100000186,interp-0029,,0.1088471550315202,,ppo_plus_short_local_search_32,,,,,,0.6704174755781078,0.660633422472783,accepted_move_limit,,staircase,0.6201675532454956,0.9090909090909092,0.0177356979206648,complete_solver_call,,,0.6379032511661601,0.01773569792066454,2.7803115736189863
3.3306690738754696e-16,,,1.5111874591207e-05,,0.0,0.7851206434316355,0.6936253115822977,0.0,0.6008579088471848,group7,0.6379032511661604,0.6379032511661601,True,0.0,1.0,optimal,1.0,,,0.0328761268615861,,inst_V500_w28-50_s670580,D:\project\Resource_Allocation\data_processed\base_instances\staircase\group7\inst_V500_w28-50_s670580.assignment.json,staircase/group7/inst_V500_w28-50_s670580,,509,0,0.0,373,4554.0,0.6379032511661604,0.6379032511661602,1.1102230246251563e-16,,,,True,,0.0,0.0,1.6423517000002903,interp-0029,62809.0,1.5111874591207e-05,10.0,gurobi_exact_or_bounded,1.3530001640319824,0.0,1.3540523000001483,optimal,2.0,0.6894729175799723,0.6796581961776682,,120.0,staircase,0.6379032511661601,0.9090909090909092,3.3306690738754696e-16,complete_solver_call,1.6010000705718994,0.0413516294283908,0.6379032511661601,0.0,0.0
,,,0.2151798194004254,True,0.0878523193548136,0.8626057529610831,0.2536010807124735,0.0414663149144718,0.2839932318104906,group8,0.6762187199972606,0.6762187199972605,True,,,,1.0,0.0,,,,inst_V800_w40-70_s670541,D:\project\Resource_Allocation\data_processed\base_instances\staircase\group8\inst_V800_w40-70_s670541.assignment.json,staircase/group8/inst_V800_w40-70_s670541,,515,0,,591,,,,,,128.0,,,,0.0613208621533574,,2.0069558999998662,interp-0005,,0.3030321387552391,,ppo,,,,,,0.6426196422936068,0.8688786372621471,,,staircase,0.6347524050827886,0.9090909090909092,0.0414663149144719,complete_solver_call,,,0.6762187199972605,0.041466314914471836,6.132086215335746
,,,0.0035657393330871,,0.0,0.8125211505922165,0.5614831797054297,9.43564378781403e-05,0.4751945854483925,group8,0.6762187199972606,0.6762187199972605,True,,,,1.0,,0.0952893997216821,0.044205014511068,,inst_V800_w40-70_s670541,D:\project\Resource_Allocation\data_processed\base_instances\staircase\group8\inst_V800_w40-70_s670541.assignment.json,staircase/group8/inst_V800_w40-70_s670541,,515,0,,591,,,,,,,,,,0.0001395353826917,,69.55410869999992,interp-0005,,0.0035657393330871,,one_point_best_improvement_local_search,,,,,,0.6659496194110655,0.8748709156696817,,,staircase,0.6761243635593823,0.9090909090909092,9.435643787825132e-05,complete_solver_call,,,0.6762187199972605,9.43564378781403e-05,0.013953538269174589
,4.0,4.0,0.2089464428354247,,0.0784388176534483,0.8604060913705586,0.269930691339718,0.03979715130849,0.290761421319797,group8,0.6762187199972606,0.6762187199972605,True,,,,1.0,,,0.0016691636059817,0.0016691636059817,inst_V800_w40-70_s670541,D:\project\Resource_Allocation\data_processed\base_instances\staircase\group8\inst_V800_w40-70_s670541.assignment.json,staircase/group8/inst_V800_w40-70_s670541,True,515,0,,591,,,,,False,,2.0069558999998662,,0.9146372999998676,0.0588524838659469,,2.9215931999997338,interp-0005,,0.2873852604888731,,ppo_plus_short_local_search_4,,,,,,0.6428220813399993,0.8690264194380424,accepted_move_limit,,staircase,0.6364215686887704,0.9090909090909092,0.0397971513084901,complete_solver_call,,,0.6762187199972605,0.03979715130849004,5.885248386594691
,8.0,8.0,0.2028046830488918,,0.0710369448908973,0.858206429780034,0.2834724312741788,0.0383383122742364,0.2975296108291032,group8,0.6762187199972606,0.6762187199972605,True,,,,1.0,,,0.0031280026402353,0.0031280026402353,inst_V800_w40-70_s670541,D:\project\Resource_Allocation\data_processed\base_instances\staircase\group8\inst_V800_w40-70_s670541.assignment.json,staircase/group8/inst_V800_w40-70_s670541,True,515,0,,591,,,,,False,,2.0069558999998662,,1.8388268999999584,0.0566951359678297,,3.845782799999824,interp-0005,,0.2738416279397892,,ppo_plus_short_local_search_8,,,,,,0.6430245203863919,0.8691742016139377,accepted_move_limit,,staircase,0.637880407723024,0.9090909090909092,0.0383383122742365,complete_solver_call,,,0.6762187199972605,0.03833831227423645,5.669513596782972
,16.0,16.0,0.1907960138112294,,0.059055641642396,0.853807106598985,0.3069863344533973,0.0357303634669297,0.3110659898477157,group8,0.6762187199972606,0.6762187199972605,True,,,,1.0,,,0.0057359514475421,0.0057359514475421,inst_V800_w40-70_s670541,D:\project\Resource_Allocation\data_processed\base_instances\staircase\group8\inst_V800_w40-70_s670541.assignment.json,staircase/group8/inst_V800_w40-70_s670541,True,515,0,,591,,,,,False,,2.0069558999998662,,3.686221499999874,0.0528384713559459,,5.69317739999974,interp-0005,,0.2498516554536254,,ppo_plus_short_local_search_16,,,,,,0.6434293984791769,0.8694697659657282,accepted_move_limit,,staircase,0.6404883565303308,0.9090909090909092,0.0357303634669298,complete_solver_call,,,0.6762187199972605,0.035730363466929704,5.283847135594598
,32.0,32.0,0.1678780766775175,,0.0418283663575143,0.8451776649746194,0.3454801565678422,0.0312583995086058,0.3381387478849409,group8,0.6762187199972606,0.6762187199972605,True,,,,1.0,,,0.0102079154058659,0.0102079154058659,inst_V800_w40-70_s670541,D:\project\Resource_Allocation\data_processed\base_instances\staircase\group8\inst_V800_w40-70_s670541.assignment.json,staircase/group8/inst_V800_w40-70_s670541,True,515,0,,591,,,,,False,,2.0069558999998662,,7.337227900000016,0.046225279756722,,9.344183799999882,interp-0005,,0.2097064430350318,,ppo_plus_short_local_search_32,,,,,,0.644150928816324,0.8701042332287872,accepted_move_limit,,staircase,0.6449603204886546,0.9090909090909092,0.0312583995086059,complete_solver_call,,,0.6762187199972605,0.03125839950860587,4.622527975672207
1.1102230246251563e-16,,,0.0027780569226496,,0.0,0.8062605752961084,0.5709488407496593,0.0,0.4938071065989847,group8,0.6762187199972606,0.6762187199972605,True,0.0,1.0,optimal,1.0,,,0.0442993709489462,,inst_V800_w40-70_s670541,D:\project\Resource_Allocation\data_processed\base_instances\staircase\group8\inst_V800_w40-70_s670541.assignment.json,staircase/group8/inst_V800_w40-70_s670541,,515,0,0.0,591,2393.0,0.6762187199972606,0.6762187199972606,1.1102230246251563e-16,,,,True,,0.0,0.0,1.9003895000005289,interp-0005,73690.0,0.0027780569226496,10.0,gurobi_exact_or_bounded,1.6679999828338623,0.0,1.6707737000001543,optimal,2.0,0.6666275910533629,0.874322978709815,,120.0,staircase,0.6762187199972605,0.9090909090909092,1.1102230246251563e-16,complete_solver_call,1.8349997997283936,0.065389700272135,0.6762187199972605,0.0,0.0
,,,0.2240787452741021,True,0.099120938465658,0.8661005434782609,0.2351652203684319,0.0448842570593661,0.2617391304347826,group9,0.6679272277685527,0.6679272277685521,True,,,,1.0,0.0,,,,inst_V1000_w50-90_s670570,D:\project\Resource_Allocation\data_processed\base_instances\staircase\group9\inst_V1000_w50-90_s670570.assignment.json,staircase/group9/inst_V1000_w50-90_s670570,,535,0,,736,,,,,,128.0,,,,0.067199322311381,,1.3613158000000567,interp-0025,,0.3231996837397601,,ppo,,,,,,0.6299920792454593,0.8474433727393623,,,staircase,0.6230429707091859,0.9090909090909092,0.0448842570593668,complete_solver_call,,,0.6679272277685521,0.04488425705936616,6.719932231138106
,,,0.0040755700614366,,0.0,0.8150135869565218,0.5664141233132594,8.324490194921985e-05,0.4666304347826087,group9,0.6679272277685527,0.6679272277685521,True,,,,1.0,,0.0913714152836062,0.0441490969600438,,inst_V1000_w50-90_s670570,D:\project\Resource_Allocation\data_processed\base_instances\staircase\group9\inst_V1000_w50-90_s670570.assignment.json,staircase/group9/inst_V1000_w50-90_s670570,,535,0,,736,,,,,,,,,,0.0001246316941253,,112.6910515999998,interp-0025,,0.0040755700614366,,one_point_best_improvement_local_search,,,,,,0.6537719705498071,0.8545657106803092,,,staircase,0.6678439828666028,0.9090909090909092,8.324490194988599e-05,complete_solver_call,,,0.6679272277685521,8.324490194921985e-05,0.01246316941253151
,4.0,4.0,0.2189629607750473,,0.0907194769115337,0.8644701086956522,0.2488032587966236,0.0434139862583961,0.2671739130434784,group9,0.6679272277685527,0.6679272277685521,True,,,,1.0,,,0.00147027080097,0.00147027080097,inst_V1000_w50-90_s670570,D:\project\Resource_Allocation\data_processed\base_instances\staircase\group9\inst_V1000_w50-90_s670570.assignment.json,staircase/group9/inst_V1000_w50-90_s670570,True,535,0,,736,,,,,False,,1.3613158000000567,,1.295964599999934,0.0649980783137647,,2.6572803999999905,interp-0025,,0.309682437686581,,ppo_plus_short_local_search_4,,,,,,0.630083791201981,0.8476084542611015,accepted_move_limit,,staircase,0.624513241510156,0.9090909090909092,0.0434139862583967,complete_solver_call,,,0.6679272277685521,0.0434139862583961,6.499807831376469
,8.0,8.0,0.21390625,,0.0845156573962204,0.8628396739130436,0.2592842326322487,0.0421693870337078,0.2726086956521738,group9,0.6679272277685527,0.6679272277685521,True,,,,1.0,,,0.0027148700256582,0.0027148700256582,inst_V1000_w50-90_s670570,D:\project\Resource_Allocation\data_processed\base_instances\staircase\group9\inst_V1000_w50-90_s670570.assignment.json,staircase/group9/inst_V1000_w50-90_s670570,True,535,0,,736,,,,,False,,1.3613158000000567,,2.5807274999999663,0.0631347028247219,,3.942043300000023,interp-0025,,0.2984219073962205,,ppo_plus_short_local_search_8,,,,,,0.6301755031585027,0.8477735357828406,accepted_move_limit,,staircase,0.6257578407348442,0.9090909090909092,0.0421693870337085,complete_solver_call,,,0.6679272277685521,0.04216938703370787,6.31347028247219
,16.0,16.0,0.2039700496219281,,0.0741143812050289,0.8594429347826088,0.2777604341668373,0.039930865392473,0.2834782608695652,group9,0.6679272277685527,0.6679272277685521,True,,,,1.0,,,0.0049533916668931,0.0049533916668931,inst_V1000_w50-90_s670570,D:\project\Resource_Allocation\data_processed\base_instances\staircase\group9\inst_V1000_w50-90_s670570.assignment.json,staircase/group9/inst_V1000_w50-90_s670570,True,535,0,,736,,,,,False,,1.3613158000000567,,4.980935699999918,0.0597832574154466,,6.342251499999975,interp-0025,,0.2780844308269571,,ppo_plus_short_local_search_16,,,,,,0.6304304007261712,0.848065995021971,accepted_move_limit,,staircase,0.627996362376079,0.9090909090909092,0.0399308653924737,complete_solver_call,,,0.6679272277685521,0.039930865392473036,5.978325741544668
,32.0,32.0,0.1848065335538752,,0.0576827980259217,0.8525135869565218,0.3098275660573808,0.0359941259061361,0.3052173913043479,group9,0.6679272277685527,0.6679272277685521,True,,,,1.0,,,0.00889013115323,0.00889013115323,inst_V1000_w50-90_s670570,D:\project\Resource_Allocation\data_processed\base_instances\staircase\group9\inst_V1000_w50-90_s670570.assignment.json,staircase/group9/inst_V1000_w50-90_s670570,True,535,0,,736,,,,,False,,1.3613158000000567,,10.036506300000156,0.0538892927398502,,11.397822100000212,interp-0025,,0.242489331579797,,ppo_plus_short_local_search_32,,,,,,0.6310116695161332,0.848613209695884,accepted_move_limit,,staircase,0.6319331018624159,0.9090909090909092,0.0359941259061368,complete_solver_call,,,0.6679272277685521,0.035994125906136154,5.388929273985028
6.661338147750939e-16,,,0.0028657401937618,,0.0,0.8038722826086956,0.5844095859650754,0.0,0.5005978260869566,group9,0.6679272277685527,0.6679272277685521,True,0.0,1.0,optimal,1.0,,,0.044232341861993,,inst_V1000_w50-90_s670570,D:\project\Resource_Allocation\data_processed\base_instances\staircase\group9\inst_V1000_w50-90_s670570.assignment.json,staircase/group9/inst_V1000_w50-90_s670570,,535,0,0.0,736,10421.0,0.6679272277685527,0.6679272277685527,6.661338147750939e-16,,,,True,,0.0,0.0,8.591902199999822,interp-0025,126789.0,0.0028657401937618,10.0,gurobi_exact_or_bounded,8.996999979019165,0.0,9.001191800000015,optimal,2.0,0.6548577249589101,0.8531116126275855,,120.0,staircase,0.6679272277685521,0.9090909090909092,6.661338147750939e-16,complete_solver_call,8.513000011444092,0.0789021885557303,0.6679272277685521,0.0,0.0
,,,0.0,True,0.0,0.7987804878048781,0.931886360914675,0.0027003770735588,0.9134146341463414,group1,0.7234777702868831,0.7234777702868828,True,,,,1.0,0.0,,,,inst_V60_w6-10_s670547,D:\project\Resource_Allocation\data_processed\base_instances\hourglass\group1\inst_V60_w6-10_s670547.assignment.json,hourglass/group1/inst_V60_w6-10_s670547,,10,0,,41,,,,,,55.0,,,,0.0037324948802339,,0.9276491999999052,interp-0010,,0.0,,ppo,,,,,,0.746845371765507,0.8123617620633986,,,hourglass,0.7207773932133239,0.9090909090909092,0.0027003770735591,complete_solver_call,,,0.7234777702868828,0.0027003770735588573,0.37324948802339414
,,,0.0,,0.0,0.7914634146341464,0.9661141207625578,0.0011426051154791,0.9521951219512196,group1,0.7234777702868831,0.7234777702868828,True,,,,1.0,,0.051169707034971,0.0326473286051671,,inst_V60_w6-10_s670547,D:\project\Resource_Allocation\data_processed\base_instances\hourglass\group1\inst_V60_w6-10_s670547.assignment.json,hourglass/group1/inst_V60_w6-10_s670547,,10,0,,41,,,,,,,,,,0.0015793230454421,,0.4013995999998769,interp-0010,,0.0,,one_point_best_improvement_local_search,,,,,,0.7419821899778353,0.8167243243663159,,,hourglass,0.7223351651714036,0.9090909090909092,0.0011426051154794,complete_solver_call,,,0.7234777702868828,0.001142605115479145,0.15793230454421073
,4.0,2.0,0.0,,0.0,0.7890243902439025,0.9661141207625572,0.0010583016998514,0.9597560975609756,group1,0.7234777702868831,0.7234777702868828,True,,,,1.0,,,0.0016420753737074,0.0016420753737074,inst_V60_w6-10_s670547,D:\project\Resource_Allocation\data_processed\base_instances\hourglass\group1\inst_V60_w6-10_s670547.assignment.json,hourglass/group1/inst_V60_w6-10_s670547,False,10,0,,41,,,,,True,,0.9276491999999052,,0.050006200000098,0.0014627978126152,,0.9776554000000032,interp-0010,,0.0,,ppo_plus_short_local_search_4,,,,,,0.7431742875079729,0.8157718795230794,one_point_local_optimum,,hourglass,0.7224194685870313,0.9090909090909092,0.0010583016998517,complete_solver_call,,,0.7234777702868828,0.0010583016998514383,0.14627978126152885
,8.0,2.0,0.0,,0.0,0.7890243902439025,0.9661141207625572,0.0010583016998514,0.9597560975609756,group1,0.7234777702868831,0.7234777702868828,True,,,,1.0,,,0.0016420753737074,0.0016420753737074,inst_V60_w6-10_s670547,D:\project\Resource_Allocation\data_processed\base_instances\hourglass\group1\inst_V60_w6-10_s670547.assignment.json,hourglass/group1/inst_V60_w6-10_s670547,False,10,0,,41,,,,,True,,0.9276491999999052,,0.0524892999999337,0.0014627978126152,,0.980138499999839,interp-0010,,0.0,,ppo_plus_short_local_search_8,,,,,,0.7431742875079729,0.8157718795230794,one_point_local_optimum,,hourglass,0.7224194685870313,0.9090909090909092,0.0010583016998517,complete_solver_call,,,0.7234777702868828,0.0010583016998514383,0.14627978126152885
,16.0,2.0,0.0,,0.0,0.7890243902439025,0.9661141207625572,0.0010583016998514,0.9597560975609756,group1,0.7234777702868831,0.7234777702868828,True,,,,1.0,,,0.0016420753737074,0.0016420753737074,inst_V60_w6-10_s670547,D:\project\Resource_Allocation\data_processed\base_instances\hourglass\group1\inst_V60_w6-10_s670547.assignment.json,hourglass/group1/inst_V60_w6-10_s670547,False,10,0,,41,,,,,True,,0.9276491999999052,,0.0517019999999774,0.0014627978126152,,0.9793511999998828,interp-0010,,0.0,,ppo_plus_short_local_search_16,,,,,,0.7431742875079729,0.8157718795230794,one_point_local_optimum,,hourglass,0.7224194685870313,0.9090909090909092,0.0010583016998517,complete_solver_call,,,0.7234777702868828,0.0010583016998514383,0.14627978126152885
,32.0,2.0,0.0,,0.0,0.7890243902439025,0.9661141207625572,0.0010583016998514,0.9597560975609756,group1,0.7234777702868831,0.7234777702868828,True,,,,1.0,,,0.0016420753737074,0.0016420753737074,inst_V60_w6-10_s670547,D:\project\Resource_Allocation\data_processed\base_instances\hourglass\group1\inst_V60_w6-10_s670547.assignment.json,hourglass/group1/inst_V60_w6-10_s670547,False,10,0,,41,,,,,True,,0.9276491999999052,,0.0528174999999464,0.0014627978126152,,0.9804666999998516,interp-0010,,0.0,,ppo_plus_short_local_search_32,,,,,,0.7431742875079729,0.8157718795230794,one_point_local_optimum,,hourglass,0.7224194685870313,0.9090909090909092,0.0010583016998517,complete_solver_call,,,0.7234777702868828,0.0010583016998514383,0.14627978126152885
3.3306690738754696e-16,,,0.0,,0.0,0.7902439024390243,0.9661141207625576,0.0,0.9697560975609756,group1,0.7234777702868831,0.7234777702868828,True,0.0,1.0,optimal,1.0,,,0.0337899337206463,,inst_V60_w6-10_s670547,D:\project\Resource_Allocation\data_processed\base_instances\hourglass\group1\inst_V60_w6-10_s670547.assignment.json,hourglass/group1/inst_V60_w6-10_s670547,,10,0,0.0,41,1.0,0.7234777702868831,0.7234777702868831,3.3306690738754696e-16,,,,True,,0.0,0.0,0.0656631000001652,interp-0010,556.0,0.0,3.0,gurobi_exact_or_bounded,0.0390000343322753,0.0,0.039856299999883,optimal,2.0,0.7413070807449426,0.8164088784513691,,120.0,hourglass,0.7234777702868828,0.9090909090909092,3.3306690738754696e-16,complete_solver_call,0.0499999523162841,0.0156631476838811,0.7234777702868828,0.0,0.0
,,,0.0,True,0.0,0.8054545454545455,0.9347075659977968,0.0016325487745121,0.9190909090909092,group2,0.7131767840915306,0.7131767840915297,True,,,,1.0,0.0,,,,inst_V80_w8-12_s670521,D:\project\Resource_Allocation\data_processed\base_instances\hourglass\group2\inst_V80_w8-12_s670521.assignment.json,hourglass/group2/inst_V80_w8-12_s670521,,18,0,,55,,,,,,69.0,,,,0.0022891221516579,,0.6754040000000714,interp-0018,,0.0,,ppo,,,,,,0.7628452185319275,0.7491499045543245,,,hourglass,0.7115442353170176,0.9090909090909092,0.001632548774513,complete_solver_call,,,0.7131767840915297,0.0016325487745121325,0.2289122151657996
,,,0.0,,0.0,0.7981818181818181,0.9636654191852264,0.000345284545607,0.9572727272727272,group2,0.7131767840915306,0.7131767840915297,True,,,,1.0,,0.0617718782508863,0.0341461462455698,,inst_V80_w8-12_s670521,D:\project\Resource_Allocation\data_processed\base_instances\hourglass\group2\inst_V80_w8-12_s670521.assignment.json,hourglass/group2/inst_V80_w8-12_s670521,,18,0,,55,,,,,,,,,,0.0004841500078368,,0.8198032000000239,interp-0018,,0.0,,one_point_best_improvement_local_search,,,,,,0.7612318868579965,0.7493668385984217,,,hourglass,0.7128314995459227,0.9090909090909092,0.0003452845456078,complete_solver_call,,,0.7131767840915297,0.0003452845456070053,0.04841500078368944
,4.0,1.0,0.0,,0.0,0.8036363636363636,0.9381501810874324,0.000910377300005,0.9281818181818182,group2,0.7131767840915306,0.7131767840915297,True,,,,1.0,,,0.000722171474507,0.000722171474507,inst_V80_w8-12_s670521,D:\project\Resource_Allocation\data_processed\base_instances\hourglass\group2\inst_V80_w8-12_s670521.assignment.json,hourglass/group2/inst_V80_w8-12_s670521,False,18,0,,55,,,,,True,,0.6754040000000714,,0.0626256000000466,0.0012765100046894,,0.7380296000001181,interp-0018,,0.0,,ppo_plus_short_local_search_4,,,,,,0.7634468905100654,0.7499823730196696,one_point_local_optimum,,hourglass,0.7122664067915246,0.9090909090909092,0.0009103773000059,complete_solver_call,,,0.7131767840915297,0.0009103773000050941,0.1276510004689462
,8.0,1.0,0.0,,0.0,0.8036363636363636,0.9381501810874324,0.000910377300005,0.9281818181818182,group2,0.7131767840915306,0.7131767840915297,True,,,,1.0,,,0.000722171474507,0.000722171474507,inst_V80_w8-12_s670521,D:\project\Resource_Allocation\data_processed\base_instances\hourglass\group2\inst_V80_w8-12_s670521.assignment.json,hourglass/group2/inst_V80_w8-12_s670521,False,18,0,,55,,,,,True,,0.6754040000000714,,0.0511234000000513,0.0012765100046894,,0.7265274000001227,interp-0018,,0.0,,ppo_plus_short_local_search_8,,,,,,0.7634468905100654,0.7499823730196696,one_point_local_optimum,,hourglass,0.7122664067915246,0.9090909090909092,0.0009103773000059,complete_solver_call,,,0.7131767840915297,0.0009103773000050941,0.1276510004689462
,16.0,1.0,0.0,,0.0,0.8036363636363636,0.9381501810874324,0.000910377300005,0.9281818181818182,group2,0.7131767840915306,0.7131767840915297,True,,,,1.0,,,0.000722171474507,0.000722171474507,inst_V80_w8-12_s670521,D:\project\Resource_Allocation\data_processed\base_instances\hourglass\group2\inst_V80_w8-12_s670521.assignment.json,hourglass/group2/inst_V80_w8-12_s670521,False,18,0,,55,,,,,True,,0.6754040000000714,,0.0539603999998234,0.0012765100046894,,0.7293643999998949,interp-0018,,0.0,,ppo_plus_short_local_search_16,,,,,,0.7634468905100654,0.7499823730196696,one_point_local_optimum,,hourglass,0.7122664067915246,0.9090909090909092,0.0009103773000059,complete_solver_call,,,0.7131767840915297,0.0009103773000050941,0.1276510004689462
,32.0,1.0,0.0,,0.0,0.8036363636363636,0.9381501810874324,0.000910377300005,0.9281818181818182,group2,0.7131767840915306,0.7131767840915297,True,,,,1.0,,,0.000722171474507,0.000722171474507,inst_V80_w8-12_s670521,D:\project\Resource_Allocation\data_processed\base_instances\hourglass\group2\inst_V80_w8-12_s670521.assignment.json,hourglass/group2/inst_V80_w8-12_s670521,False,18,0,,55,,,,,True,,0.6754040000000714,,0.0507284999998773,0.0012765100046894,,0.7261324999999488,interp-0018,,0.0,,ppo_plus_short_local_search_32,,,,,,0.7634468905100654,0.7499823730196696,one_point_local_optimum,,hourglass,0.7122664067915246,0.9090909090909092,0.0009103773000059,complete_solver_call,,,0.7131767840915297,0.0009103773000050941,0.1276510004689462
8.881784197001252e-16,,,0.0,,0.0,0.7981818181818183,0.9636654191852264,0.0,0.9572727272727272,group2,0.7131767840915306,0.7131767840915297,True,0.0,1.0,optimal,1.0,,,0.0344914307911768,,inst_V80_w8-12_s670521,D:\project\Resource_Allocation\data_processed\base_instances\hourglass\group2\inst_V80_w8-12_s670521.assignment.json,hourglass/group2/inst_V80_w8-12_s670521,,18,0,0.0,55,1.0,0.7131767840915306,0.7131767840915306,8.881784197001252e-16,,,,True,,0.0,0.0,0.1978891999997358,interp-0018,1383.0,0.0,4.0,gurobi_exact_or_bounded,0.1060001850128173,0.0,0.1069188999999823,optimal,2.0,0.7620927775218691,0.749887086116977,,120.0,hourglass,0.7131767840915297,0.9090909090909092,8.881784197001252e-16,complete_solver_call,0.189000129699707,0.0088890703000288,0.7131767840915297,0.0,0.0
,,,0.0,True,0.0,0.8161764705882353,0.9008543031855972,0.0023736129709184,0.8376470588235294,group3,0.6981014763759831,0.698101476375983,True,,,,1.0,0.0,,,,inst_V100_w10-15_s670557,D:\project\Resource_Allocation\data_processed\base_instances\hourglass\group3\inst_V100_w10-15_s670557.assignment.json,hourglass/group3/inst_V100_w10-15_s670557,,39,0,,68,,,,,,72.0,,,,0.0034000973371957,,0.748411699999906,interp-0009,,0.0,,ppo,,,,,,0.7111268688178886,0.7573139965670755,,,hourglass,0.6957278634050645,0.9090909090909092,0.0023736129709185,complete_solver_call,,,0.698101476375983,0.002373612970918426,0.34000973371957854
,,,0.0,,0.0,0.7970588235294118,0.9472740700911996,0.0019558750536157,0.9,group3,0.6981014763759831,0.698101476375983,True,,,,1.0,,0.0580342989728663,0.0249506009606372,,inst_V100_w10-15_s670557,D:\project\Resource_Allocation\data_processed\base_instances\hourglass\group3\inst_V100_w10-15_s670557.assignment.json,hourglass/group3/inst_V100_w10-15_s670557,,39,0,,68,,,,,,,,,,0.0028017059407597,,0.8213905000000068,interp-0009,,0.0,,one_point_best_improvement_local_search,,,,,,0.7112232010344608,0.7568886160197142,,,hourglass,0.6961456013223672,0.9090909090909092,0.0019558750536158,complete_solver_call,,,0.698101476375983,0.001955875053615719,0.28017059407597145
,4.0,4.0,0.0,,0.0,0.7999999999999999,0.9498550878715156,0.001305897810762,0.8935294117647059,group3,0.6981014763759831,0.698101476375983,True,,,,1.0,,,0.0010677151601563,0.0010677151601563,inst_V100_w10-15_s670557,D:\project\Resource_Allocation\data_processed\base_instances\hourglass\group3\inst_V100_w10-15_s670557.assignment.json,hourglass/group3/inst_V100_w10-15_s670557,True,39,0,,68,,,,,False,,0.748411699999906,,0.1147430000000895,0.001870641812049,,0.8631546999999955,interp-0009,,0.0,,ppo_plus_short_local_search_4,,,,,,0.7118675943622865,0.7579029551927148,accepted_move_limit,,hourglass,0.6967955785652209,0.9090909090909092,0.0013058978107621,complete_solver_call,,,0.698101476375983,0.001305897810762069,0.18706418120490256
,8.0,6.0,0.0,,0.0,0.7963235294117647,0.9527880583535132,0.0012287915120784,0.906470588235294,group3,0.6981014763759831,0.698101476375983,True,,,,1.0,,,0.0011448214588399,0.0011448214588399,inst_V100_w10-15_s670557,D:\project\Resource_Allocation\data_processed\base_instances\hourglass\group3\inst_V100_w10-15_s670557.assignment.json,hourglass/group3/inst_V100_w10-15_s670557,False,39,0,,68,,,,,True,,0.748411699999906,,0.2004114000001209,0.0017601903930319,,0.9488231000000268,interp-0009,,0.0,,ppo_plus_short_local_search_8,,,,,,0.7116429313217271,0.757671337545656,one_point_local_optimum,,hourglass,0.6968726848639045,0.9090909090909092,0.0012287915120785,complete_solver_call,,,0.698101476375983,0.001228791512078442,0.1760190393031973
,16.0,6.0,0.0,,0.0,0.7963235294117647,0.9527880583535132,0.0012287915120784,0.906470588235294,group3,0.6981014763759831,0.698101476375983,True,,,,1.0,,,0.0011448214588399,0.0011448214588399,inst_V100_w10-15_s670557,D:\project\Resource_Allocation\data_processed\base_instances\hourglass\group3\inst_V100_w10-15_s670557.assignment.json,hourglass/group3/inst_V100_w10-15_s670557,False,39,0,,68,,,,,True,,0.748411699999906,,0.1926637999999911,0.0017601903930319,,0.9410754999998971,interp-0009,,0.0,,ppo_plus_short_local_search_16,,,,,,0.7116429313217271,0.757671337545656,one_point_local_optimum,,hourglass,0.6968726848639045,0.9090909090909092,0.0012287915120785,complete_solver_call,,,0.698101476375983,0.001228791512078442,0.1760190393031973
,32.0,6.0,0.0,,0.0,0.7963235294117647,0.9527880583535132,0.0012287915120784,0.906470588235294,group3,0.6981014763759831,0.698101476375983,True,,,,1.0,,,0.0011448214588399,0.0011448214588399,inst_V100_w10-15_s670557,D:\project\Resource_Allocation\data_processed\base_instances\hourglass\group3\inst_V100_w10-15_s670557.assignment.json,hourglass/group3/inst_V100_w10-15_s670557,False,39,0,,68,,,,,True,,0.748411699999906,,0.1900422999999591,0.0017601903930319,,0.9384539999998652,interp-0009,,0.0,,ppo_plus_short_local_search_32,,,,,,0.7116429313217271,0.757671337545656,one_point_local_optimum,,hourglass,0.6968726848639045,0.9090909090909092,0.0012287915120785,complete_solver_call,,,0.698101476375983,0.001228791512078442,0.1760190393031973
1.1102230246251563e-16,,,0.0,,0.0,0.7933823529411765,0.9685183013087209,0.0,0.9523529411764706,group3,0.6981014763759831,0.698101476375983,True,0.0,1.0,optimal,1.0,,,0.026906476014253,,inst_V100_w10-15_s670557,D:\project\Resource_Allocation\data_processed\base_instances\hourglass\group3\inst_V100_w10-15_s670557.assignment.json,hourglass/group3/inst_V100_w10-15_s670557,,39,0,0.0,68,1.0,0.6981014763759831,0.698101476375983,0.0,,,,True,,0.0,0.0,0.2826168000001416,interp-0009,2259.0,0.0,4.0,gurobi_exact_or_bounded,0.1789999008178711,0.0,0.1810939000001781,optimal,2.0,0.7060660591384119,0.7533398463655199,,120.0,hourglass,0.698101476375983,0.9090909090909092,1.1102230246251563e-16,complete_solver_call,0.2680001258850097,0.0146166741151319,0.698101476375983,0.0,0.0
,,,0.0,True,0.0,0.8187500000000001,0.8370555529379394,0.0088659779543862,0.7561538461538462,group4,0.6972645565464227,0.697264556546422,True,,,,1.0,0.0,,,,inst_V150_w12-20_s670508,D:\project\Resource_Allocation\data_processed\base_instances\hourglass\group4\inst_V150_w12-20_s670508.assignment.json,hourglass/group4/inst_V150_w12-20_s670508,,50,0,,104,,,,,,77.0,,,,0.0127153716206367,,0.9782451000000948,interp-0020,,0.0,,ppo,,,,,,0.6645159869065341,0.8041167890000704,,,hourglass,0.6883985785920358,0.9090909090909092,0.0088659779543869,complete_solver_call,,,0.697264556546422,0.008865977954386262,1.2715371620636775
,,,0.0,,0.0,0.7899038461538462,0.9305379723674057,0.0020224721453553,0.9034615384615384,group4,0.6972645565464227,0.697264556546422,True,,,,1.0,,0.0581799999379989,0.0340939039494841,,inst_V150_w12-20_s670508,D:\project\Resource_Allocation\data_processed\base_instances\hourglass\group4\inst_V150_w12-20_s670508.assignment.json,hourglass/group4/inst_V150_w12-20_s670508,,50,0,,104,,,,,,,,,,0.0029005807427997,,2.6507612000000336,interp-0020,,0.0,,one_point_best_improvement_local_search,,,,,,0.670471569475817,0.8012275373592193,,,hourglass,0.6952420844010667,0.9090909090909092,0.002022472145356,complete_solver_call,,,0.697264556546422,0.0020224721453553363,0.2900580742799717
,4.0,4.0,0.0,,0.0,0.8149038461538461,0.8520123006136577,0.0064837437483026,0.7946153846153846,group4,0.6972645565464227,0.697264556546422,True,,,,1.0,,,0.0023822342060836,0.0023822342060836,inst_V150_w12-20_s670508,D:\project\Resource_Allocation\data_processed\base_instances\hourglass\group4\inst_V150_w12-20_s670508.assignment.json,hourglass/group4/inst_V150_w12-20_s670508,True,50,0,,104,,,,,False,,0.9782451000000948,,0.1929740999999012,0.0092988288124336,,1.171219199999996,interp-0020,,0.0,,ppo_plus_short_local_search_4,,,,,,0.6653381022911494,0.8020543796705593,accepted_move_limit,,hourglass,0.6907808127981194,0.9090909090909092,0.0064837437483032,complete_solver_call,,,0.697264556546422,0.006483743748302628,0.9298828812433632
,8.0,8.0,0.0,,0.0,0.8091346153846154,0.8752406297007761,0.0044801651473571,0.833076923076923,group4,0.6972645565464227,0.697264556546422,True,,,,1.0,,,0.004385812807029,0.004385812807029,inst_V150_w12-20_s670508,D:\project\Resource_Allocation\data_processed\base_instances\hourglass\group4\inst_V150_w12-20_s670508.assignment.json,hourglass/group4/inst_V150_w12-20_s670508,True,50,0,,104,,,,,False,,0.9782451000000948,,0.3633440000000973,0.0064253447350709,,1.341589100000192,interp-0020,,0.0,,ppo_plus_short_local_search_8,,,,,,0.666358730610014,0.800586527293938,accepted_move_limit,,hourglass,0.6927843913990649,0.9090909090909092,0.0044801651473578,complete_solver_call,,,0.697264556546422,0.004480165147357162,0.6425344735070991
,16.0,16.0,0.0,,0.0,0.7937500000000001,0.9238044562756804,0.002159674438203,0.9011538461538462,group4,0.6972645565464227,0.697264556546422,True,,,,1.0,,,0.0067063035161831,0.0067063035161831,inst_V150_w12-20_s670508,D:\project\Resource_Allocation\data_processed\base_instances\hourglass\group4\inst_V150_w12-20_s670508.assignment.json,hourglass/group4/inst_V150_w12-20_s670508,True,50,0,,104,,,,,False,,0.9782451000000948,,0.7475001000000248,0.003097352960116,,1.7257452000001194,interp-0020,,0.0,,ppo_plus_short_local_search_16,,,,,,0.6664570044954663,0.8010009854758713,accepted_move_limit,,hourglass,0.695104882108219,0.9090909090909092,0.0021596744382037,complete_solver_call,,,0.697264556546422,0.0021596744382030852,0.3097352960116079
,32.0,26.0,0.0,,0.0,0.7822115384615385,0.9543298620574208,0.0007160803053617,0.94,group4,0.6972645565464227,0.697264556546422,True,,,,1.0,,,0.0081498976490245,0.0081498976490245,inst_V150_w12-20_s670508,D:\project\Resource_Allocation\data_processed\base_instances\hourglass\group4\inst_V150_w12-20_s670508.assignment.json,hourglass/group4/inst_V150_w12-20_s670508,False,50,0,,104,,,,,True,,0.9782451000000948,,1.2777638000000024,0.0010269850928728,,2.256008900000097,interp-0020,,0.0,,ppo_plus_short_local_search_32,,,,,,0.6709876201861005,0.8005524386242947,one_point_local_optimum,,hourglass,0.6965484762410603,0.9090909090909092,0.0007160803053624,complete_solver_call,,,0.697264556546422,0.0007160803053617437,0.10269850928728068
6.661338147750939e-16,,,0.0,,0.0,0.7865384615384615,0.9502500177338518,0.0,0.936923076923077,group4,0.6972645565464227,0.697264556546422,True,0.0,1.0,optimal,1.0,,,0.0361163760948395,,inst_V150_w12-20_s670508,D:\project\Resource_Allocation\data_processed\base_instances\hourglass\group4\inst_V150_w12-20_s670508.assignment.json,hourglass/group4/inst_V150_w12-20_s670508,,50,0,0.0,104,1.0,0.6972645565464227,0.6972645565464227,6.661338147750939e-16,,,,True,,0.0,0.0,0.2661918000003425,interp-0020,2687.0,0.0,4.0,gurobi_exact_or_bounded,0.2809998989105224,0.0,0.2821665999999823,optimal,2.0,0.6704273821288265,0.8000154594414769,,120.0,hourglass,0.697264556546422,0.9090909090909092,6.661338147750939e-16,complete_solver_call,0.2530000209808349,0.0131917790195075,0.697264556546422,0.0,0.0
,,,0.0,True,0.0,0.8500000000000002,0.7669464990001623,0.0156333508287421,0.6274647887323943,group5,0.7282498113212645,0.7282498113212639,True,,,,1.0,0.0,,,,inst_V200_w15-25_s670503,D:\project\Resource_Allocation\data_processed\base_instances\hourglass\group5\inst_V200_w15-25_s670503.assignment.json,hourglass/group5/inst_V200_w15-25_s670503,,63,0,,142,,,,,,80.0,,,,0.0214670166551482,,2.317592900000136,interp-0003,,0.0,,ppo,,,,,,0.8107553304956308,0.7687245959814979,,,hourglass,0.7126164604925217,0.9090909090909092,0.0156333508287428,complete_solver_call,,,0.7282498113212639,0.015633350828742176,2.1467016655148297
,,,0.0,,0.0,0.8161971830985916,0.9383553951214694,0.0005909450055741,0.9174647887323945,group5,0.7282498113212645,0.7282498113212639,True,,,,1.0,,0.0473945299055804,0.0314008836973686,,inst_V200_w15-25_s670503,D:\project\Resource_Allocation\data_processed\base_instances\hourglass\group5\inst_V200_w15-25_s670503.assignment.json,hourglass/group5/inst_V200_w15-25_s670503,,63,0,,142,,,,,,,,,,0.0008114591948907,,4.674604900000077,interp-0003,,0.0,,one_point_best_improvement_local_search,,,,,,0.8024067781812839,0.7618061518702073,,,hourglass,0.7276588663156898,0.9090909090909092,0.0005909450055747,complete_solver_call,,,0.7282498113212639,0.0005909450055741061,0.08114591948907675
,4.0,4.0,0.0,,0.0,0.8471830985915496,0.8038272990048972,0.0134688032969728,0.6556338028169014,group5,0.7282498113212645,0.7282498113212639,True,,,,1.0,,,0.0021645475317693,0.0021645475317693,inst_V200_w15-25_s670503,D:\project\Resource_Allocation\data_processed\base_instances\hourglass\group5\inst_V200_w15-25_s670503.assignment.json,hourglass/group5/inst_V200_w15-25_s670503,True,63,0,,142,,,,,False,,2.317592900000136,,0.2469507000000703,0.0184947570017717,,2.5645436000002064,interp-0003,,0.0,,ppo_plus_short_local_search_4,,,,,,0.8123755707678311,0.7678752218927126,accepted_move_limit,,hourglass,0.714781008024291,0.9090909090909092,0.0134688032969735,complete_solver_call,,,0.7282498113212639,0.013468803296972864,1.84947570017717
,8.0,8.0,0.0,,0.0,0.8443661971830987,0.8205379446097353,0.0116424396725297,0.6838028169014085,group5,0.7282498113212645,0.7282498113212639,True,,,,1.0,,,0.0039909111562124,0.0039909111562124,inst_V200_w15-25_s670503,D:\project\Resource_Allocation\data_processed\base_instances\hourglass\group5\inst_V200_w15-25_s670503.assignment.json,hourglass/group5/inst_V200_w15-25_s670503,True,63,0,,142,,,,,False,,2.317592900000136,,0.4860682999999426,0.0159868763321845,,2.8036612000000787,interp-0003,,0.0,,ppo_plus_short_local_search_8,,,,,,0.813022781321266,0.7666461418933884,accepted_move_limit,,hourglass,0.7166073716487341,0.9090909090909092,0.0116424396725304,complete_solver_call,,,0.7282498113212639,0.011642439672529759,1.5986876332184523
,16.0,16.0,0.0,,0.0,0.8387323943661973,0.8615219373603646,0.0086021458084253,0.7401408450704225,group5,0.7282498113212645,0.7282498113212639,True,,,,1.0,,,0.0070312050203168,0.0070312050203168,inst_V200_w15-25_s670503,D:\project\Resource_Allocation\data_processed\base_instances\hourglass\group5\inst_V200_w15-25_s670503.assignment.json,hourglass/group5/inst_V200_w15-25_s670503,True,63,0,,142,,,,,False,,2.317592900000136,,1.0676926000001004,0.0118120810670976,,3.3852855000002364,interp-0003,,0.0,,ppo_plus_short_local_search_16,,,,,,0.8097058799128153,0.7663495708709331,accepted_move_limit,,hourglass,0.7196476655128385,0.9090909090909092,0.0086021458084259,complete_solver_call,,,0.7282498113212639,0.008602145808425332,1.1812081067097644
,32.0,32.0,0.0,,0.0,0.8313380281690141,0.8757188498455409,0.0034317646677918,0.8214084507042254,group5,0.7282498113212645,0.7282498113212639,True,,,,1.0,,,0.0122015861609503,0.0122015861609503,inst_V200_w15-25_s670503,D:\project\Resource_Allocation\data_processed\base_instances\hourglass\group5\inst_V200_w15-25_s670503.assignment.json,hourglass/group5/inst_V200_w15-25_s670503,True,63,0,,142,,,,,False,,2.317592900000136,,1.9293724999999995,0.0047123454265859,,4.246965400000136,interp-0003,,0.0,,ppo_plus_short_local_search_32,,,,,,0.8061043128624159,0.7669988596669655,accepted_move_limit,,hourglass,0.724818046653472,0.9090909090909092,0.0034317646677924,complete_solver_call,,,0.7282498113212639,0.0034317646677918257,0.4712345426585932
6.661338147750939e-16,,,0.0,,0.0,0.8169014084507041,0.945623955762682,0.0,0.9207042253521128,group5,0.7282498113212645,0.7282498113212639,True,0.0,1.0,optimal,1.0,,,0.0319918287029427,,inst_V200_w15-25_s670503,D:\project\Resource_Allocation\data_processed\base_instances\hourglass\group5\inst_V200_w15-25_s670503.assignment.json,hourglass/group5/inst_V200_w15-25_s670503,,63,0,0.0,142,1.0,0.7282498113212645,0.7282498113212645,6.661338147750939e-16,,,,True,,0.0,0.0,0.2784527000003436,interp-0003,3213.0,0.0,6.0,gurobi_exact_or_bounded,0.3029999732971191,0.0,0.3042328999999881,optimal,2.0,0.8012919571989569,0.763143907804409,,120.0,hourglass,0.7282498113212639,0.9090909090909092,6.661338147750939e-16,complete_solver_call,0.2640001773834228,0.0144525226169207,0.7282498113212639,0.0,0.0
,,,0.0,True,0.0,0.8369668246445499,0.7956876965935107,0.012248790852775,0.7290521327014218,group6,0.6793535936224216,0.6793535936223963,True,,,,1.0,0.0,,,,inst_V300_w20-35_s670539,D:\project\Resource_Allocation\data_processed\base_instances\hourglass\group6\inst_V300_w20-35_s670539.assignment.json,hourglass/group6/inst_V300_w20-35_s670539,,81,0,,211,,,,,,115.0,,,,0.0180300670634021,,1.1646774999999252,interp-0021,,0.0,,ppo,,,,,,0.6497346056501744,0.7227035627742819,,,hourglass,0.6671048027696213,0.9090909090909092,0.0122487908528003,complete_solver_call,,,0.6793535936223963,0.012248790852775082,1.8030067063402186
,,,0.0,,0.0,0.8059241706161137,0.9466169901936152,0.0012085879217557,0.9390995260663508,group6,0.6793535936224216,0.6793535936223963,True,,,,1.0,,0.0684316537572509,0.0285149976113402,,inst_V300_w20-35_s670539,D:\project\Resource_Allocation\data_processed\base_instances\hourglass\group6\inst_V300_w20-35_s670539.assignment.json,hourglass/group6/inst_V300_w20-35_s670539,,81,0,,211,,,,,,,,,,0.0017790263172251,,7.626176499999929,interp-0021,,0.0,,one_point_best_improvement_local_search,,,,,,0.6478114421658827,0.7220197654708032,,,hourglass,0.6781450057006406,0.9090909090909092,0.001208587921781,complete_solver_call,,,0.6793535936223963,0.0012085879217557105,0.17790263172251317
,4.0,4.0,0.0,,0.0,0.8357819905213271,0.8200493177062861,0.011076693696377,0.7463981042654029,group6,0.6793535936224216,0.6793535936223963,True,,,,1.0,,,0.0011720971563979,0.0011720971563979,inst_V300_w20-35_s670539,D:\project\Resource_Allocation\data_processed\base_instances\hourglass\group6\inst_V300_w20-35_s670539.assignment.json,hourglass/group6/inst_V300_w20-35_s670539,True,81,0,,211,,,,,False,,1.1646774999999252,,0.3272589000000607,0.0163047546967622,,1.491936399999986,interp-0021,,0.0,,ppo_plus_short_local_search_4,,,,,,0.649320506124108,0.7222894632482155,accepted_move_limit,,hourglass,0.6682768999260192,0.9090909090909092,0.0110766936964024,complete_solver_call,,,0.6793535936223963,0.011076693696377093,1.6304754696762271
,8.0,8.0,0.0,,0.0,0.8348341232227489,0.835873783859862,0.009927404596851,0.7653554502369668,group6,0.6793535936224216,0.6793535936223963,True,,,,1.0,,,0.002321386255924,0.002321386255924,inst_V300_w20-35_s670539,D:\project\Resource_Allocation\data_processed\base_instances\hourglass\group6\inst_V300_w20-35_s670539.assignment.json,hourglass/group6/inst_V300_w20-35_s670539,True,81,0,,211,,,,,False,,1.1646774999999252,,0.6635854000001018,0.0146130155048078,,1.828262900000027,interp-0021,,0.0,,ppo_plus_short_local_search_8,,,,,,0.6483963355079942,0.7213652926321018,accepted_move_limit,,hourglass,0.6694261890255453,0.9090909090909092,0.0099274045968763,complete_solver_call,,,0.6793535936223963,0.009927404596851042,1.4613015504807898
,16.0,16.0,0.0,,0.0,0.8329383886255924,0.8520537826182847,0.0076288263977988,0.8032701421800947,group6,0.6793535936224216,0.6793535936223963,True,,,,1.0,,,0.0046199644549762,0.0046199644549762,inst_V300_w20-35_s670539,D:\project\Resource_Allocation\data_processed\base_instances\hourglass\group6\inst_V300_w20-35_s670539.assignment.json,hourglass/group6/inst_V300_w20-35_s670539,True,81,0,,211,,,,,False,,1.1646774999999252,,1.3909962000000178,0.0112295371208989,,2.555673699999943,interp-0021,,0.0,,ppo_plus_short_local_search_16,,,,,,0.6465479942757667,0.7195169513998744,accepted_move_limit,,hourglass,0.6717247672245975,0.9090909090909092,0.0076288263978241,complete_solver_call,,,0.6793535936223963,0.007628826397798827,1.122953712089899
,32.0,32.0,0.0,,0.0,0.818957345971564,0.8877993351909551,0.0038394692497371,0.8790995260663507,group6,0.6793535936224216,0.6793535936223963,True,,,,1.0,,,0.0084093216030379,0.0084093216030379,inst_V300_w20-35_s670539,D:\project\Resource_Allocation\data_processed\base_instances\hourglass\group6\inst_V300_w20-35_s670539.assignment.json,hourglass/group6/inst_V300_w20-35_s670539,True,81,0,,211,,,,,False,,1.1646774999999252,,2.682783200000131,0.0056516507541596,,3.847460700000056,interp-0021,,0.0,,ppo_plus_short_local_search_32,,,,,,0.6465800172739619,0.7210878546242582,accepted_move_limit,,hourglass,0.6755141243726592,0.9090909090909092,0.0038394692497624,complete_solver_call,,,0.6793535936223963,0.003839469249737104,0.5651650754159678
2.5313084961453566e-14,,,0.0,,0.0,0.7919431279620854,0.967230809976153,0.0,0.9802369668246446,group6,0.6793535936224216,0.6793535936223963,True,0.0,1.0,optimal,1.0,,,0.0297235855330959,,inst_V300_w20-35_s670539,D:\project\Resource_Allocation\data_processed\base_instances\hourglass\group6\inst_V300_w20-35_s670539.assignment.json,hourglass/group6/inst_V300_w20-35_s670539,,81,0,0.0,211,1.0,0.6793535936224216,0.6793535936224216,2.5313084961453566e-14,,,,True,,0.0,0.0,0.5147737999996025,interp-0021,4576.0,0.0,3.0,gurobi_exact_or_bounded,0.4879999160766601,0.0,0.4902489000000969,optimal,2.0,0.6506675257694975,0.7243203084357275,,120.0,hourglass,0.6793535936223963,0.9090909090909092,2.5313084961453566e-14,complete_solver_call,0.4590001106262207,0.0557736893733817,0.6793535936223963,0.0,0.0
,,,0.0,True,0.0,0.8468660968660968,0.7613168869425966,0.0185471516287488,0.6661823361823362,group7,0.7006375250642578,0.7006375250642574,True,,,,1.0,0.0,,,,inst_V500_w28-50_s670566,D:\project\Resource_Allocation\data_processed\base_instances\hourglass\group7\inst_V500_w28-50_s670566.assignment.json,hourglass/group7/inst_V500_w28-50_s670566,,101,0,,351,,,,,,128.0,,,,0.0264718216841837,,1.3676433000000543,interp-0011,,0.0,,ppo,,,,,,0.7260075600346153,0.7196416829951684,,,hourglass,0.6820903734355085,0.9090909090909092,0.0185471516287493,complete_solver_call,,,0.7006375250642574,0.01854715162874887,2.6471821684183787
,,,0.0,,0.0,0.8025641025641025,0.9673934374180446,0.0016061256892406,0.948119658119658,group7,0.7006375250642578,0.7006375250642574,True,,,,1.0,,0.058481619284617,0.0236971930590458,,inst_V500_w28-50_s670566,D:\project\Resource_Allocation\data_processed\base_instances\hourglass\group7\inst_V500_w28-50_s670566.assignment.json,hourglass/group7/inst_V500_w28-50_s670566,,101,0,,351,,,,,,,,,,0.0022923774873368,,18.542657299999973,interp-0011,,0.0,,one_point_best_improvement_local_search,,,,,,0.7288143275766709,0.7249864835986095,,,hourglass,0.6990313993750167,0.9090909090909092,0.0016061256892411,complete_solver_call,,,0.7006375250642574,0.0016061256892406783,0.22923774873368025
,4.0,4.0,0.0,,0.0,0.8457264957264958,0.7711298151105526,0.0174139607455579,0.6775783475783475,group7,0.7006375250642578,0.7006375250642574,True,,,,1.0,,,0.0011331908831909,0.0011331908831909,inst_V500_w28-50_s670566,D:\project\Resource_Allocation\data_processed\base_instances\hourglass\group7\inst_V500_w28-50_s670566.assignment.json,hourglass/group7/inst_V500_w28-50_s670566,True,101,0,,351,,,,,False,,1.3676433000000543,,0.5479224000000613,0.0248544505862154,,1.915565700000116,interp-0011,,0.0,,ppo_plus_short_local_search_4,,,,,,0.7266785002055555,0.7203126231661087,accepted_move_limit,,hourglass,0.6832235643186995,0.9090909090909092,0.0174139607455583,complete_solver_call,,,0.7006375250642574,0.0174139607455579,2.485445058621549
,8.0,8.0,0.0,,0.0,0.8445868945868947,0.7795658613007319,0.016280769862367,0.6889743589743589,group7,0.7006375250642578,0.7006375250642574,True,,,,1.0,,,0.0022663817663818,0.0022663817663818,inst_V500_w28-50_s670566,D:\project\Resource_Allocation\data_processed\base_instances\hourglass\group7\inst_V500_w28-50_s670566.assignment.json,hourglass/group7/inst_V500_w28-50_s670566,True,101,0,,351,,,,,False,,1.3676433000000543,,1.1717177000000447,0.0232370794882473,,2.539361000000099,interp-0011,,0.0,,ppo_plus_short_local_search_8,,,,,,0.7273494403764956,0.7209835633370487,accepted_move_limit,,hourglass,0.6843567552018903,0.9090909090909092,0.0162807698623674,complete_solver_call,,,0.7006375250642574,0.01628076986236704,2.3237079488247345
,16.0,16.0,0.0,,0.0,0.8433048433048433,0.7912557707093911,0.0141751786942758,0.7117663817663817,group7,0.7006375250642578,0.7006375250642574,True,,,,1.0,,,0.004371972934473,0.004371972934473,inst_V500_w28-50_s670566,D:\project\Resource_Allocation\data_processed\base_instances\hourglass\group7\inst_V500_w28-50_s670566.assignment.json,hourglass/group7/inst_V500_w28-50_s670566,True,101,0,,351,,,,,False,,1.3676433000000543,,2.2828119999999217,0.0202318291372929,,3.650455299999976,interp-0011,,0.0,,ppo_plus_short_local_search_16,,,,,,0.7274124745645297,0.7217645462430315,accepted_move_limit,,hourglass,0.6864623463699815,0.9090909090909092,0.0141751786942763,complete_solver_call,,,0.7006375250642574,0.01417517869427587,2.023182913729296
,32.0,32.0,0.0,,0.0,0.8410256410256411,0.8264336435952012,0.0107488224855389,0.7570655270655271,group7,0.7006375250642578,0.7006375250642574,True,,,,1.0,,,0.0077983291432098,0.0077983291432098,inst_V500_w28-50_s670566,D:\project\Resource_Allocation\data_processed\base_instances\hourglass\group7\inst_V500_w28-50_s670566.assignment.json,hourglass/group7/inst_V500_w28-50_s670566,True,101,0,,351,,,,,False,,1.3676433000000543,,4.857896699999856,0.0153414884316297,,6.22553999999991,interp-0011,,0.0,,ppo_plus_short_local_search_32,,,,,,0.7261817053337606,0.7213161249241327,accepted_move_limit,,hourglass,0.6898887025787184,0.9090909090909092,0.0107488224855394,complete_solver_call,,,0.7006375250642574,0.010748822485538989,1.534148843162973
4.440892098500626e-16,,,0.0,,0.0,0.8038461538461538,0.96179380992482,0.0,0.968062678062678,group7,0.7006375250642578,0.7006375250642574,True,0.0,1.0,optimal,1.0,,,0.0253033187482865,,inst_V500_w28-50_s670566,D:\project\Resource_Allocation\data_processed\base_instances\hourglass\group7\inst_V500_w28-50_s670566.assignment.json,hourglass/group7/inst_V500_w28-50_s670566,,101,0,0.0,351,11362.0,0.7006375250642578,0.7006375250642577,3.3306690738754696e-16,,,,True,,0.0,0.0,3.1834280000002764,interp-0011,190774.0,0.0,10.0,gurobi_exact_or_bounded,3.0169999599456787,0.0,3.01821659999996,optimal,2.0,0.7287050630092786,0.7220045814072953,,120.0,hourglass,0.7006375250642574,0.9090909090909092,4.440892098500626e-16,complete_solver_call,3.1429998874664307,0.0404281125338457,0.7006375250642574,0.0,0.0
,,,0.0,True,0.0,0.8421708185053381,0.6048721436879476,0.0386541662239413,0.4149110320284697,group8,0.7009707410414562,0.7009707410414554,True,,,,1.0,0.0,,,,inst_V800_w40-70_s670541,D:\project\Resource_Allocation\data_processed\base_instances\hourglass\group8\inst_V800_w40-70_s670541.assignment.json,hourglass/group8/inst_V800_w40-70_s670541,,110,0,,562,,,,,,128.0,,,,0.0551437655821576,,1.301991899999848,interp-0020,,0.0,,ppo,,,,,,0.6550716927796583,0.8176252114726044,,,hourglass,0.662316574817514,0.9090909090909092,0.0386541662239421,complete_solver_call,,,0.7009707410414554,0.038654166223941355,5.5143765582157656
,,,0.0,,0.0,0.8036476868327401,0.9198281344856566,0.002445236439949,0.9053380782918148,group8,0.7009707410414562,0.7009707410414554,True,,,,1.0,,0.0557201194452519,0.0333711076556111,,inst_V800_w40-70_s670541,D:\project\Resource_Allocation\data_processed\base_instances\hourglass\group8\inst_V800_w40-70_s670541.assignment.json,hourglass/group8/inst_V800_w40-70_s670541,,110,0,,562,,,,,,,,,,0.0034883573547108,,60.4804102999999,interp-0020,,0.0,,one_point_best_improvement_local_search,,,,,,0.6682384856970617,0.7993510771929496,,,hourglass,0.6985255046015063,0.9090909090909092,0.0024452364399498,complete_solver_call,,,0.7009707410414554,0.0024452364399490945,0.3488357354710877
,4.0,4.0,0.0,,0.0,0.8421708185053381,0.6186380517904615,0.0378034923239952,0.4220284697508896,group8,0.7009707410414562,0.7009707410414554,True,,,,1.0,,,0.000850673899946,0.000850673899946,inst_V800_w40-70_s670541,D:\project\Resource_Allocation\data_processed\base_instances\hourglass\group8\inst_V800_w40-70_s670541.assignment.json,hourglass/group8/inst_V800_w40-70_s670541,True,110,0,,562,,,,,False,,1.301991899999848,,0.8905248999999458,0.0539302000934152,,2.192516799999794,interp-0020,,0.0,,ppo_plus_short_local_search_4,,,,,,0.6556398583167151,0.817612766446364,accepted_move_limit,,hourglass,0.6631672487174601,0.9090909090909092,0.037803492323996,complete_solver_call,,,0.7009707410414554,0.03780349232399527,5.393020009341527
,8.0,8.0,0.0,,0.0,0.8421708185053381,0.6276840913054391,0.0370695615041126,0.4291459074733096,group8,0.7009707410414562,0.7009707410414554,True,,,,1.0,,,0.0015846047198286,0.0015846047198286,inst_V800_w40-70_s670541,D:\project\Resource_Allocation\data_processed\base_instances\hourglass\group8\inst_V800_w40-70_s670541.assignment.json,hourglass/group8/inst_V800_w40-70_s670541,True,110,0,,562,,,,,False,,1.301991899999848,,1.7853214000001572,0.0528831794734216,,3.0873133000000053,interp-0020,,0.0,,ppo_plus_short_local_search_8,,,,,,0.6558570452060852,0.8174843277475561,accepted_move_limit,,hourglass,0.6639011795373427,0.9090909090909092,0.0370695615041134,complete_solver_call,,,0.7009707410414554,0.03706956150411267,5.288317947342167
,16.0,16.0,0.0,,0.0,0.8421708185053381,0.6413660611509414,0.0356016998643476,0.4433807829181494,group8,0.7009707410414562,0.7009707410414554,True,,,,1.0,,,0.0030524663595936,0.0030524663595936,inst_V800_w40-70_s670541,D:\project\Resource_Allocation\data_processed\base_instances\hourglass\group8\inst_V800_w40-70_s670541.assignment.json,hourglass/group8/inst_V800_w40-70_s670541,True,110,0,,562,,,,,False,,1.301991899999848,,3.508237699999881,0.0507891382334347,,4.8102295999997295,interp-0020,,0.0,,ppo_plus_short_local_search_16,,,,,,0.6562914189848251,0.8172274503499404,accepted_move_limit,,hourglass,0.6653690411771077,0.9090909090909092,0.0356016998643484,complete_solver_call,,,0.7009707410414554,0.03560169986434769,5.078913823343478
,32.0,32.0,0.0,,0.0,0.8421708185053381,0.6592180757181968,0.0326659765848174,0.4718505338078291,group8,0.7009707410414562,0.7009707410414554,True,,,,1.0,,,0.0059881896391239,0.0059881896391239,inst_V800_w40-70_s670541,D:\project\Resource_Allocation\data_processed\base_instances\hourglass\group8\inst_V800_w40-70_s670541.assignment.json,hourglass/group8/inst_V800_w40-70_s670541,True,110,0,,562,,,,,False,,1.301991899999848,,7.361798099999987,0.0466010557534605,,8.663789999999835,interp-0020,,0.0,,ppo_plus_short_local_search_32,,,,,,0.6571601665423052,0.816713695554709,accepted_move_limit,,hourglass,0.668304764456638,0.9090909090909092,0.0326659765848181,complete_solver_call,,,0.7009707410414554,0.0326659765848174,4.660105575346052
7.771561172376098e-16,,,0.0,,0.0,0.8006227758007118,0.9415214061276366,0.0,0.9363701067615658,group8,0.7009707410414562,0.7009707410414554,True,0.0,1.0,optimal,1.0,,,0.0358163440955602,,inst_V800_w40-70_s670541,D:\project\Resource_Allocation\data_processed\base_instances\hourglass\group8\inst_V800_w40-70_s670541.assignment.json,hourglass/group8/inst_V800_w40-70_s670541,,110,0,0.0,562,3811.0,0.7009707410414562,0.7009707410414552,2.220446049250313e-16,,,,True,,0.0,0.0,6.187871600000108,interp-0020,189762.0,0.0,10.0,gurobi_exact_or_bounded,6.101999998092651,0.0,6.102280500000006,optimal,2.0,0.6709290417692487,0.7976585487310924,,120.0,hourglass,0.7009707410414554,0.9090909090909092,7.771561172376098e-16,complete_solver_call,6.130999803543091,0.0568717964570169,0.7009707410414554,0.0,0.0
,,,0.0004822390866985,True,0.0,0.8413447782546497,0.5881067405551113,0.0461738775697264,0.4186123032904149,group9,0.7078356401386477,0.7078356401386099,True,,,,1.0,0.0,,,,inst_V1000_w50-90_s670585,D:\project\Resource_Allocation\data_processed\base_instances\hourglass\group9\inst_V1000_w50-90_s670585.assignment.json,hourglass/group9/inst_V1000_w50-90_s670585,,134,0,,699,,,,,,128.0,,,,0.0652324847060323,,1.1847912999999153,interp-0014,,0.0004822390866985,,ppo,,,,,,0.7154822082363633,0.7542990824521041,,,hourglass,0.6616617625688834,0.9090909090909092,0.0461738775697643,complete_solver_call,,,0.7078356401386099,0.04617387756972646,6.523248470603232
,,,0.0,,0.0,0.792274678111588,0.9638250979978508,-1.9175120482550767e-06,0.9773676680972818,group9,0.7078356401386477,0.7078356401386099,True,,,,1.0,,0.0660194965835451,0.0359600851392137,,inst_V1000_w50-90_s670585,D:\project\Resource_Allocation\data_processed\base_instances\hourglass\group9\inst_V1000_w50-90_s670585.assignment.json,hourglass/group9/inst_V1000_w50-90_s670585,,134,0,,699,,,,,,,,,,-2.708979231223205e-06,,97.00946369999996,interp-0014,,0.0,,one_point_best_improvement_local_search,,,,,,0.7293054640596106,0.7603680855702036,,,hourglass,0.7078375576506581,0.9090909090909092,-1.917512010396472e-06,complete_solver_call,,,0.7078356401386099,-1.9175120482550767e-06,-0.00027089792312232053
,4.0,4.0,0.0002636558255099,,0.0,0.8413447782546497,0.6004367082139133,0.0452815953604814,0.4243347639484979,group9,0.7078356401386477,0.7078356401386099,True,,,,1.0,,,0.0008922822092449,0.0008922822092449,inst_V1000_w50-90_s670585,D:\project\Resource_Allocation\data_processed\base_instances\hourglass\group9\inst_V1000_w50-90_s670585.assignment.json,hourglass/group9/inst_V1000_w50-90_s670585,True,134,0,,699,,,,,False,,1.1847912999999153,,1.096395799999982,0.0639719064606782,,2.2811870999998973,interp-0014,,0.0002636558255099,,ppo_plus_short_local_search_4,,,,,,0.716058217673108,0.7549157842846305,accepted_move_limit,,hourglass,0.6625540447781284,0.9090909090909092,0.0452815953605193,complete_solver_call,,,0.7078356401386099,0.045281595360481486,6.397190646067828
,8.0,8.0,0.000110565676288,,0.0,0.8413447782546497,0.6094210660291868,0.0443958624624335,0.4300572246065808,group9,0.7078356401386477,0.7078356401386099,True,,,,1.0,,,0.0017780151072929,0.0017780151072929,inst_V1000_w50-90_s670585,D:\project\Resource_Allocation\data_processed\base_instances\hourglass\group9\inst_V1000_w50-90_s670585.assignment.json,hourglass/group9/inst_V1000_w50-90_s670585,True,134,0,,699,,,,,False,,1.1847912999999153,,2.2594329999999445,0.0627205808028257,,3.44422429999986,interp-0014,,0.000110565676288,,ppo_plus_short_local_search_8,,,,,,0.7166342271098525,0.7555324861171566,accepted_move_limit,,hourglass,0.6634397776761763,0.9090909090909092,0.0443958624624714,complete_solver_call,,,0.7078356401386099,0.044395862462433544,6.272058080282572
,16.0,16.0,0.0,,0.0,0.8413447782546497,0.6239672011004829,0.0426439581285527,0.4415021459227467,group9,0.7078356401386477,0.7078356401386099,True,,,,1.0,,,0.0035299194411737,0.0035299194411737,inst_V1000_w50-90_s670585,D:\project\Resource_Allocation\data_processed\base_instances\hourglass\group9\inst_V1000_w50-90_s670585.assignment.json,hourglass/group9/inst_V1000_w50-90_s670585,True,134,0,,699,,,,,False,,1.1847912999999153,,4.445406399999911,0.0602455650865532,,5.630197699999826,interp-0014,,0.0,,ppo_plus_short_local_search_16,,,,,,0.7177862459833416,0.756765889782209,accepted_move_limit,,hourglass,0.6651916820100572,0.9090909090909092,0.0426439581285905,complete_solver_call,,,0.7078356401386099,0.042643958128552706,6.0245565086553245
,32.0,32.0,0.0,,0.0,0.8413447782546497,0.6459679652011194,0.0391622625960487,0.4643919885550787,group9,0.7078356401386477,0.7078356401386099,True,,,,1.0,,,0.0070116149736777,0.0070116149736777,inst_V1000_w50-90_s670585,D:\project\Resource_Allocation\data_processed\base_instances\hourglass\group9\inst_V1000_w50-90_s670585.assignment.json,hourglass/group9/inst_V1000_w50-90_s670585,True,134,0,,699,,,,,False,,1.1847912999999153,,9.323431600000047,0.0553267741482752,,10.508222899999964,interp-0014,,0.0,,ppo_plus_short_local_search_32,,,,,,0.7200902837303199,0.759232697112314,accepted_move_limit,,hourglass,0.6686733775425612,0.9090909090909092,0.0391622625960865,complete_solver_call,,,0.7078356401386099,0.039162262596048714,5.532677414827527
3.785860513971784e-14,,,0.0,,0.0,0.7922746781115879,0.9638250979978508,0.0,0.9773676680972818,group9,0.7078356401386477,0.7078356401386099,True,0.0,1.0,optimal,1.0,,,0.0359581676271655,,inst_V1000_w50-90_s670585,D:\project\Resource_Allocation\data_processed\base_instances\hourglass\group9\inst_V1000_w50-90_s670585.assignment.json,hourglass/group9/inst_V1000_w50-90_s670585,,134,0,0.0,699,1.0,0.7078356401386477,0.7078356401386477,3.785860513971784e-14,,,,True,,0.0,0.0,1.1887237999999345,interp-0014,8943.0,0.0,3.0,gurobi_exact_or_bounded,1.118000030517578,0.0,1.1202448999999888,optimal,2.0,0.7292977940114177,0.7603680855702036,,120.0,hourglass,0.7078356401386099,0.9090909090909092,3.785860513971784e-14,complete_solver_call,1.125,0.0637237999999342,0.7078356401386099,0.0,0.0
,,,0.0,True,0.0,0.8085365853658538,0.9431220149046836,0.0011659355431595,0.8953658536585366,group1,0.7118184812353612,0.7118184812353608,True,,,,1.0,0.0,,,,inst_V60_w6-10_s670560,D:\project\Resource_Allocation\data_processed\base_instances\bottleneck\group1\inst_V60_w6-10_s670560.assignment.json,bottleneck/group1/inst_V60_w6-10_s670560,,148,0,,41,,,,,,57.0,,,,0.0016379675070196,,0.730397099999891,interp-0028,,0.0,,ppo,,,,,,0.7431788479090929,0.7710410909572729,,,bottleneck,0.7106525456922013,0.9090909090909092,0.0011659355431599,complete_solver_call,,,0.7118184812353608,0.0011659355431595797,0.1637967507019625
,,,0.0,,0.0,0.8060975609756098,0.9625449638401704,0.0009737452610389,0.9085365853658536,group1,0.7118184812353612,0.7118184812353608,True,,,,1.0,,0.0555921246069953,0.0358438964768765,,inst_V60_w6-10_s670560,D:\project\Resource_Allocation\data_processed\base_instances\bottleneck\group1\inst_V60_w6-10_s670560.assignment.json,bottleneck/group1/inst_V60_w6-10_s670560,,148,0,,41,,,,,,,,,,0.0013679685013924,,0.3963939000000209,interp-0028,,0.0,,one_point_best_improvement_local_search,,,,,,0.7428409017205023,0.769806334859712,,,bottleneck,0.7108447359743219,0.9090909090909092,0.0009737452610393,complete_solver_call,,,0.7118184812353608,0.0009737452610389941,0.13679685013924608
,4.0,1.0,0.0,,0.0,0.8060975609756098,0.9625449638401704,0.0009802265919792,0.9085365853658536,group1,0.7118184812353612,0.7118184812353608,True,,,,1.0,,,0.0001857089511803,0.0001857089511803,inst_V60_w6-10_s670560,D:\project\Resource_Allocation\data_processed\base_instances\bottleneck\group1\inst_V60_w6-10_s670560.assignment.json,bottleneck/group1/inst_V60_w6-10_s670560,False,148,0,,41,,,,,True,,0.730397099999891,,0.033901300000025,0.0013770738156139,,0.764298399999916,interp-0028,,0.0,,ppo_plus_short_local_search_4,,,,,,0.7428149763967413,0.7698063348597118,one_point_local_optimum,,bottleneck,0.7108382546433816,0.9090909090909092,0.0009802265919796,complete_solver_call,,,0.7118184812353608,0.0009802265919792719,0.1377073815613903
,8.0,1.0,0.0,,0.0,0.8060975609756098,0.9625449638401704,0.0009802265919792,0.9085365853658536,group1,0.7118184812353612,0.7118184812353608,True,,,,1.0,,,0.0001857089511803,0.0001857089511803,inst_V60_w6-10_s670560,D:\project\Resource_Allocation\data_processed\base_instances\bottleneck\group1\inst_V60_w6-10_s670560.assignment.json,bottleneck/group1/inst_V60_w6-10_s670560,False,148,0,,41,,,,,True,,0.730397099999891,,0.0330231999998886,0.0013770738156139,,0.7634202999997797,interp-0028,,0.0,,ppo_plus_short_local_search_8,,,,,,0.7428149763967413,0.7698063348597118,one_point_local_optimum,,bottleneck,0.7108382546433816,0.9090909090909092,0.0009802265919796,complete_solver_call,,,0.7118184812353608,0.0009802265919792719,0.1377073815613903
,16.0,1.0,0.0,,0.0,0.8060975609756098,0.9625449638401704,0.0009802265919792,0.9085365853658536,group1,0.7118184812353612,0.7118184812353608,True,,,,1.0,,,0.0001857089511803,0.0001857089511803,inst_V60_w6-10_s670560,D:\project\Resource_Allocation\data_processed\base_instances\bottleneck\group1\inst_V60_w6-10_s670560.assignment.json,bottleneck/group1/inst_V60_w6-10_s670560,False,148,0,,41,,,,,True,,0.730397099999891,,0.0332497000001694,0.0013770738156139,,0.7636468000000605,interp-0028,,0.0,,ppo_plus_short_local_search_16,,,,,,0.7428149763967413,0.7698063348597118,one_point_local_optimum,,bottleneck,0.7108382546433816,0.9090909090909092,0.0009802265919796,complete_solver_call,,,0.7118184812353608,0.0009802265919792719,0.1377073815613903
,32.0,1.0,0.0,,0.0,0.8060975609756098,0.9625449638401704,0.0009802265919792,0.9085365853658536,group1,0.7118184812353612,0.7118184812353608,True,,,,1.0,,,0.0001857089511803,0.0001857089511803,inst_V60_w6-10_s670560,D:\project\Resource_Allocation\data_processed\base_instances\bottleneck\group1\inst_V60_w6-10_s670560.assignment.json,bottleneck/group1/inst_V60_w6-10_s670560,False,148,0,,41,,,,,True,,0.730397099999891,,0.0341622000000825,0.0013770738156139,,0.7645592999999735,interp-0028,,0.0,,ppo_plus_short_local_search_32,,,,,,0.7428149763967413,0.7698063348597118,one_point_local_optimum,,bottleneck,0.7108382546433816,0.9090909090909092,0.0009802265919796,complete_solver_call,,,0.7118184812353608,0.0009802265919792719,0.1377073815613903
3.3306690738754696e-16,,,0.0,,0.0,0.8024390243902441,0.9651150178949016,0.0,0.9329268292682926,group1,0.7118184812353612,0.7118184812353608,True,0.0,1.0,optimal,1.0,,,0.0368176417379155,,inst_V60_w6-10_s670560,D:\project\Resource_Allocation\data_processed\base_instances\bottleneck\group1\inst_V60_w6-10_s670560.assignment.json,bottleneck/group1/inst_V60_w6-10_s670560,,148,0,0.0,41,1.0,0.7118184812353612,0.7118184812353611,2.220446049250313e-16,,,,True,,0.0,0.0,0.0547849000004134,interp-0028,1050.0,0.0,4.0,gurobi_exact_or_bounded,0.0729999542236328,0.0,0.0742184000000634,optimal,2.0,0.7418468249640164,0.769329539001817,,120.0,bottleneck,0.7118184812353608,0.9090909090909092,3.3306690738754696e-16,complete_solver_call,0.0490000247955322,0.0057848752048812,0.7118184812353608,0.0,0.0
,,,0.0,True,0.0,0.8081818181818183,0.9178945317120348,0.0070745725102382,0.8436363636363637,group2,0.7281240997888028,0.7281240997888025,True,,,,1.0,0.0,,,,inst_V80_w8-12_s670521,D:\project\Resource_Allocation\data_processed\base_instances\bottleneck\group2\inst_V80_w8-12_s670521.assignment.json,bottleneck/group2/inst_V80_w8-12_s670521,,153,0,,55,,,,,,60.0,,,,0.0097161630995187,,0.4753791999999066,interp-0003,,0.0,,ppo,,,,,,0.807070337299227,0.7698550445423027,,,bottleneck,0.7210495272785643,0.9090909090909092,0.0070745725102384,complete_solver_call,,,0.7281240997888025,0.007074572510238242,0.971616309951871
,,,0.0,,0.0,0.7881818181818181,0.9666454298921036,0.0025329375270278,0.9272727272727272,group2,0.7281240997888028,0.7281240997888025,True,,,,1.0,,0.0440579982469271,0.0305850862050517,,inst_V80_w8-12_s670521,D:\project\Resource_Allocation\data_processed\base_instances\bottleneck\group2\inst_V80_w8-12_s670521.assignment.json,bottleneck/group2/inst_V80_w8-12_s670521,,153,0,,55,,,,,,,,,,0.0034787167843538,,0.5635844000000816,interp-0003,,0.0,,one_point_best_improvement_local_search,,,,,,0.8113596363422292,0.7742777399775965,,,bottleneck,0.7255911622617747,0.9090909090909092,0.0025329375270281,complete_solver_call,,,0.7281240997888025,0.0025329375270278787,0.34787167843538963
,4.0,4.0,0.0,,0.0,0.7972727272727272,0.9647295714149404,0.0035394153972149,0.9163636363636364,group2,0.7281240997888028,0.7281240997888025,True,,,,1.0,,,0.0035351571130233,0.0035351571130233,inst_V80_w8-12_s670521,D:\project\Resource_Allocation\data_processed\base_instances\bottleneck\group2\inst_V80_w8-12_s670521.assignment.json,bottleneck/group2/inst_V80_w8-12_s670521,True,153,0,,55,,,,,False,,0.4753791999999066,,0.0875012000001334,0.0048610056970254,,0.56288040000004,interp-0003,,0.0,,ppo_plus_short_local_search_4,,,,,,0.8073767081172657,0.7676893021763577,accepted_move_limit,,bottleneck,0.7245846843915876,0.9090909090909092,0.0035394153972151,complete_solver_call,,,0.7281240997888025,0.003539415397214918,0.48610056970254795
,8.0,8.0,0.0,,0.0,0.7918181818181819,0.972480929352376,0.0013247036713349,0.958181818181818,group2,0.7281240997888028,0.7281240997888025,True,,,,1.0,,,0.0057498688389032,0.0057498688389032,inst_V80_w8-12_s670521,D:\project\Resource_Allocation\data_processed\base_instances\bottleneck\group2\inst_V80_w8-12_s670521.assignment.json,bottleneck/group2/inst_V80_w8-12_s670521,True,153,0,,55,,,,,False,,0.4753791999999066,,0.1779025999999248,0.0018193377636026,,0.6532817999998315,interp-0003,,0.0,,ppo_plus_short_local_search_8,,,,,,0.8071475700168791,0.7665954689984459,accepted_move_limit,,bottleneck,0.7267993961174676,0.9090909090909092,0.0013247036713351,complete_solver_call,,,0.7281240997888025,0.0013247036713349702,0.1819337763602674
,16.0,9.0,0.0,,0.0,0.7918181818181819,0.9696845216063332,0.0011875106790479,0.9618181818181818,group2,0.7281240997888028,0.7281240997888025,True,,,,1.0,,,0.0058870618311902,0.0058870618311902,inst_V80_w8-12_s670521,D:\project\Resource_Allocation\data_processed\base_instances\bottleneck\group2\inst_V80_w8-12_s670521.assignment.json,bottleneck/group2/inst_V80_w8-12_s670521,False,153,0,,55,,,,,True,,0.4753791999999066,,0.2152515999998741,0.0016309179704289,,0.6906307999997807,interp-0003,,0.0,,ppo_plus_short_local_search_16,,,,,,0.8063975122335623,0.766439753296365,one_point_local_optimum,,bottleneck,0.7269365891097546,0.9090909090909092,0.0011875106790482,complete_solver_call,,,0.7281240997888025,0.0011875106790479872,0.16309179704289872
,32.0,9.0,0.0,,0.0,0.7918181818181819,0.9696845216063332,0.0011875106790479,0.9618181818181818,group2,0.7281240997888028,0.7281240997888025,True,,,,1.0,,,0.0058870618311902,0.0058870618311902,inst_V80_w8-12_s670521,D:\project\Resource_Allocation\data_processed\base_instances\bottleneck\group2\inst_V80_w8-12_s670521.assignment.json,bottleneck/group2/inst_V80_w8-12_s670521,False,153,0,,55,,,,,True,,0.4753791999999066,,0.2162152000000787,0.0016309179704289,,0.6915943999999854,interp-0003,,0.0,,ppo_plus_short_local_search_32,,,,,,0.8063975122335623,0.766439753296365,one_point_local_optimum,,bottleneck,0.7269365891097546,0.9090909090909092,0.0011875106790482,complete_solver_call,,,0.7281240997888025,0.0011875106790479872,0.16309179704289872
2.220446049250313e-16,,,0.0,,0.0,0.7909090909090909,0.9696845216063332,0.0,0.9618181818181818,group2,0.7281240997888028,0.7281240997888025,True,0.0,1.0,optimal,1.0,,,0.0331180237320796,,inst_V80_w8-12_s670521,D:\project\Resource_Allocation\data_processed\base_instances\bottleneck\group2\inst_V80_w8-12_s670521.assignment.json,bottleneck/group2/inst_V80_w8-12_s670521,,153,0,0.0,55,1.0,0.7281240997888028,0.7281240997888027,1.1102230246251563e-16,,,,True,,0.0,0.0,0.0703952000003482,interp-0003,1219.0,0.0,4.0,gurobi_exact_or_bounded,0.0829999446868896,0.0,0.0852229999998144,optimal,2.0,0.8093276101571723,0.7693506071798566,,120.0,bottleneck,0.7281240997888025,0.9090909090909092,2.220446049250313e-16,complete_solver_call,0.0629999637603759,0.0073952362399722,0.7281240997888025,0.0,0.0
,,,0.0,True,0.0,0.7808823529411766,0.8572805452223996,0.005177345433374,0.8447058823529412,group3,0.6992337096855622,0.6992337096855624,True,,,,1.0,0.0,,,,inst_V100_w10-15_s670494,D:\project\Resource_Allocation\data_processed\base_instances\bottleneck\group3\inst_V100_w10-15_s670494.assignment.json,bottleneck/group3/inst_V100_w10-15_s670494,,168,0,,68,,,,,,80.0,,,,0.0074043132670222,,0.6364559999999528,interp-0018,,0.0,,ppo,,,,,,0.7539742037013807,0.747310076836785,,,bottleneck,0.6940563642521884,0.9090909090909092,0.0051773454333737,complete_solver_call,,,0.6992337096855624,0.005177345433374003,0.7404313267022263
,,,0.0,,0.0,0.7580882352941176,0.959918250400472,0.0007194084997512,0.9476470588235294,group3,0.6992337096855622,0.6992337096855624,True,,,,1.0,,0.077989731017401,0.0352126900518694,,inst_V100_w10-15_s670494,D:\project\Resource_Allocation\data_processed\base_instances\bottleneck\group3\inst_V100_w10-15_s670494.assignment.json,bottleneck/group3/inst_V100_w10-15_s670494,,168,0,,68,,,,,,,,,,0.0010288527137439,,0.9842796000000362,interp-0018,,0.0,,one_point_best_improvement_local_search,,,,,,0.7572703656265356,0.7480221332343562,,,bottleneck,0.6985143011858111,0.9090909090909092,0.000719408499751,complete_solver_call,,,0.6992337096855624,0.0007194084997512729,0.10288527137439968
,4.0,4.0,0.0,,0.0,0.7691176470588237,0.9141631935346916,0.0023501395510209,0.903529411764706,group3,0.6992337096855622,0.6992337096855624,True,,,,1.0,,,0.002827205882353,0.002827205882353,inst_V100_w10-15_s670494,D:\project\Resource_Allocation\data_processed\base_instances\bottleneck\group3\inst_V100_w10-15_s670494.assignment.json,bottleneck/group3/inst_V100_w10-15_s670494,True,168,0,,68,,,,,False,,0.6364559999999528,,0.1108420999998998,0.0033610215275201,,0.7472980999998526,interp-0018,,0.0,,ppo_plus_short_local_search_4,,,,,,0.7551874389954982,0.7479939003661967,accepted_move_limit,,bottleneck,0.6968835701345415,0.9090909090909092,0.0023501395510207,complete_solver_call,,,0.6992337096855624,0.0023501395510209244,0.33610215275201133
,8.0,8.0,0.0,,0.0,0.7617647058823531,0.9618242971714938,0.0003216909361478,0.9623529411764706,group3,0.6992337096855622,0.6992337096855624,True,,,,1.0,,,0.0048556544972261,0.0048556544972261,inst_V100_w10-15_s670494,D:\project\Resource_Allocation\data_processed\base_instances\bottleneck\group3\inst_V100_w10-15_s670494.assignment.json,bottleneck/group3/inst_V100_w10-15_s670494,True,168,0,,68,,,,,False,,0.6364559999999528,,0.2208987999999863,0.0004600621104101,,0.8573547999999391,interp-0018,,0.0,,ppo_plus_short_local_search_8,,,,,,0.7508520699716806,0.7457371814965654,accepted_move_limit,,bottleneck,0.6989120187494146,0.9090909090909092,0.0003216909361476,complete_solver_call,,,0.6992337096855624,0.00032169093614786703,0.04600621104101629
,16.0,8.0,0.0,,0.0,0.7617647058823531,0.9618242971714938,0.0003216909361478,0.9623529411764706,group3,0.6992337096855622,0.6992337096855624,True,,,,1.0,,,0.0048556544972261,0.0048556544972261,inst_V100_w10-15_s670494,D:\project\Resource_Allocation\data_processed\base_instances\bottleneck\group3\inst_V100_w10-15_s670494.assignment.json,bottleneck/group3/inst_V100_w10-15_s670494,False,168,0,,68,,,,,True,,0.6364559999999528,,0.2409416999998939,0.0004600621104101,,0.8773976999998467,interp-0018,,0.0,,ppo_plus_short_local_search_16,,,,,,0.7508520699716806,0.7457371814965654,one_point_local_optimum,,bottleneck,0.6989120187494146,0.9090909090909092,0.0003216909361476,complete_solver_call,,,0.6992337096855624,0.00032169093614786703,0.04600621104101629
,32.0,8.0,0.0,,0.0,0.7617647058823531,0.9618242971714938,0.0003216909361478,0.9623529411764706,group3,0.6992337096855622,0.6992337096855624,True,,,,1.0,,,0.0048556544972261,0.0048556544972261,inst_V100_w10-15_s670494,D:\project\Resource_Allocation\data_processed\base_instances\bottleneck\group3\inst_V100_w10-15_s670494.assignment.json,bottleneck/group3/inst_V100_w10-15_s670494,False,168,0,,68,,,,,True,,0.6364559999999528,,0.2449173999998493,0.0004600621104101,,0.8813733999998021,interp-0018,,0.0,,ppo_plus_short_local_search_32,,,,,,0.7508520699716806,0.7457371814965654,one_point_local_optimum,,bottleneck,0.6989120187494146,0.9090909090909092,0.0003216909361476,complete_solver_call,,,0.6992337096855624,0.00032169093614786703,0.04600621104101629
0.0,,,0.0,,0.0,0.7573529411764706,0.9618242971714938,0.0,0.9623529411764706,group3,0.6992337096855622,0.6992337096855624,True,0.0,1.0,optimal,1.0,,,0.0359320985516207,,inst_V100_w10-15_s670494,D:\project\Resource_Allocation\data_processed\base_instances\bottleneck\group3\inst_V100_w10-15_s670494.assignment.json,bottleneck/group3/inst_V100_w10-15_s670494,,168,0,0.0,68,1.0,0.6992337096855622,0.6992337096855625,1.1102230246251563e-16,,,,True,,0.0,0.0,0.1679496999995535,interp-0018,2142.0,0.0,6.0,gurobi_exact_or_bounded,0.2059998512268066,0.0,0.207535499999949,optimal,2.0,0.7561632314725109,0.7470069013873858,,120.0,bottleneck,0.6992337096855624,0.9090909090909092,-2.220446049250313e-16,complete_solver_call,0.1610000133514404,0.0069496866481131,0.6992337096855624,0.0,0.0
,,,0.0,True,0.0,0.780392156862745,0.8593031580558684,0.0089876989039827,0.8145098039215686,group4,0.6872171470771747,0.6872171470771746,True,,,,1.0,0.0,,,,inst_V150_w12-20_s670543,D:\project\Resource_Allocation\data_processed\base_instances\bottleneck\group4\inst_V150_w12-20_s670543.assignment.json,bottleneck/group4/inst_V150_w12-20_s670543,,189,0,,102,,,,,,88.0,,,,0.0130783973336646,,1.038844299999937,interp-0009,,0.0,,ppo,,,,,,0.6968833261008416,0.7537599567880049,,,bottleneck,0.6782294481731919,0.9090909090909092,0.0089876989039828,complete_solver_call,,,0.6872171470771746,0.008987698903982766,1.3078397333664675
,,,0.0,,0.0,0.7524509803921569,0.9582724550706256,0.0019988712514387,0.9311764705882352,group4,0.6872171470771747,0.6872171470771746,True,,,,1.0,,0.0617908752563592,0.0256532185714892,,inst_V150_w12-20_s670543,D:\project\Resource_Allocation\data_processed\base_instances\bottleneck\group4\inst_V150_w12-20_s670543.assignment.json,bottleneck/group4/inst_V150_w12-20_s670543,,189,0,,102,,,,,,,,,,0.0029086457751238,,1.5983100999999351,interp-0009,,0.0,,one_point_best_improvement_local_search,,,,,,0.7057307653022998,0.7597305732947615,,,bottleneck,0.6852182758257359,0.9090909090909092,0.0019988712514388,complete_solver_call,,,0.6872171470771746,0.0019988712514387164,0.2908645775123889
,4.0,4.0,0.0,,0.0,0.7745098039215687,0.8936282453474068,0.0063380745251825,0.8537254901960785,group4,0.6872171470771747,0.6872171470771746,True,,,,1.0,,,0.0026496243788002,0.0026496243788002,inst_V150_w12-20_s670543,D:\project\Resource_Allocation\data_processed\base_instances\bottleneck\group4\inst_V150_w12-20_s670543.assignment.json,bottleneck/group4/inst_V150_w12-20_s670543,True,189,0,,102,,,,,False,,1.038844299999937,,0.1658982999999807,0.0092228119629133,,1.2047425999999175,interp-0009,,0.0,,ppo_plus_short_local_search_4,,,,,,0.6976950023672347,0.75491932705642,accepted_move_limit,,bottleneck,0.6808790725519921,0.9090909090909092,0.0063380745251826,complete_solver_call,,,0.6872171470771746,0.0063380745251825354,0.922281196291333
,8.0,8.0,0.0,,0.0,0.7666666666666666,0.9179932611478808,0.0041834618821819,0.8929411764705882,group4,0.6872171470771747,0.6872171470771746,True,,,,1.0,,,0.0048042370218007,0.0048042370218007,inst_V150_w12-20_s670543,D:\project\Resource_Allocation\data_processed\base_instances\bottleneck\group4\inst_V150_w12-20_s670543.assignment.json,bottleneck/group4/inst_V150_w12-20_s670543,True,189,0,,102,,,,,False,,1.038844299999937,,0.3282758999998805,0.0060875400155173,,1.3671201999998177,interp-0009,,0.0,,ppo_plus_short_local_search_8,,,,,,0.699333060782374,0.7556252094093612,accepted_move_limit,,bottleneck,0.6830336851949926,0.9090909090909092,0.0041834618821821,complete_solver_call,,,0.6872171470771746,0.0041834618821819936,0.6087540015517381
,16.0,16.0,0.0,,0.0,0.7558823529411764,0.9669595962839024,0.000476503869672,0.9694117647058824,group4,0.6872171470771747,0.6872171470771746,True,,,,1.0,,,0.0085111950343107,0.0085111950343107,inst_V150_w12-20_s670543,D:\project\Resource_Allocation\data_processed\base_instances\bottleneck\group4\inst_V150_w12-20_s670543.assignment.json,bottleneck/group4/inst_V150_w12-20_s670543,True,189,0,,102,,,,,False,,1.038844299999937,,0.6488887000000432,0.0006933818105363,,1.6877329999999802,interp-0009,,0.0,,ppo_plus_short_local_search_16,,,,,,0.6988851575382966,0.7532538858799495,accepted_move_limit,,bottleneck,0.6867406432075026,0.9090909090909092,0.0004765038696721,complete_solver_call,,,0.6872171470771746,0.0004765038696720181,0.06933818105363815
,32.0,18.0,0.0,,0.0,0.7519607843137254,0.9701485660920476,3.103818339744713e-05,0.9850980392156864,group4,0.6872171470771747,0.6872171470771746,True,,,,1.0,,,0.0089566607205853,0.0089566607205853,inst_V150_w12-20_s670543,D:\project\Resource_Allocation\data_processed\base_instances\bottleneck\group4\inst_V150_w12-20_s670543.assignment.json,bottleneck/group4/inst_V150_w12-20_s670543,False,189,0,,102,,,,,True,,1.038844299999937,,0.7663838000000851,4.516503048484256e-05,,1.805228100000022,interp-0009,,0.0,,ppo_plus_short_local_search_32,,,,,,0.6989917751853554,0.7533605035270083,one_point_local_optimum,,bottleneck,0.6871861088937772,0.9090909090909092,3.103818339755815e-05,complete_solver_call,,,0.6872171470771746,3.103818339744713e-05,0.004516503048484256
1.1102230246251563e-16,,,0.0,,0.0,0.7519607843137255,0.9701485660920476,0.0,0.9850980392156864,group4,0.6872171470771747,0.6872171470771746,True,0.0,1.0,optimal,1.0,,,0.0276520898229279,,inst_V150_w12-20_s670543,D:\project\Resource_Allocation\data_processed\base_instances\bottleneck\group4\inst_V150_w12-20_s670543.assignment.json,bottleneck/group4/inst_V150_w12-20_s670543,,189,0,0.0,102,1595.0,0.6872171470771747,0.6872171470771747,1.1102230246251563e-16,,,,True,,0.0,0.0,0.2638524999993024,interp-0009,12239.0,0.0,5.0,gurobi_exact_or_bounded,0.2869999408721924,0.0,0.2876992999999856,optimal,2.0,0.6988401926248277,0.7536362388211258,,120.0,bottleneck,0.6872171470771746,0.9090909090909092,1.1102230246251563e-16,complete_solver_call,0.2519998550415039,0.0118526449577984,0.6872171470771746,0.0,0.0
,,,0.0,True,0.0,0.8150735294117648,0.8813258702477823,0.0053268703343292,0.8620588235294118,group5,0.6923278895126566,0.6923278895126566,True,,,,1.0,0.0,,,,inst_V200_w15-25_s670548,D:\project\Resource_Allocation\data_processed\base_instances\bottleneck\group5\inst_V200_w15-25_s670548.assignment.json,bottleneck/group5/inst_V200_w15-25_s670548,,203,0,,136,,,,,,99.0,,,,0.0076941437937433,,0.9750722000001132,interp-0023,,0.0,,ppo,,,,,,0.6599076118159182,0.7651847001915086,,,bottleneck,0.6870010191783273,0.9090909090909092,0.0053268703343292,complete_solver_call,,,0.6923278895126566,0.0053268703343292145,0.7694143793743315
,,,0.0,,0.0,0.7904411764705882,0.968716518004369,0.0003171834181536,0.9861764705882352,group5,0.6923278895126566,0.6923278895126566,True,,,,1.0,,0.0638600525019892,0.0392142260267658,,inst_V200_w15-25_s670548,D:\project\Resource_Allocation\data_processed\base_instances\bottleneck\group5\inst_V200_w15-25_s670548.assignment.json,bottleneck/group5/inst_V200_w15-25_s670548,,203,0,,136,,,,,,,,,,0.000458140460551,,4.123613199999909,interp-0023,,0.0,,one_point_best_improvement_local_search,,,,,,0.6637832922462916,0.7612595321317198,,,bottleneck,0.6920107060945029,0.9090909090909092,0.0003171834181536,complete_solver_call,,,0.6923278895126566,0.000317183418153677,0.04581404605510674
,4.0,4.0,0.0,,0.0,0.8106617647058824,0.9113105261239652,0.0039518703343293,0.8914705882352941,group5,0.6923278895126566,0.6923278895126566,True,,,,1.0,,,0.0013749999999999,0.0013749999999999,inst_V200_w15-25_s670548,D:\project\Resource_Allocation\data_processed\base_instances\bottleneck\group5\inst_V200_w15-25_s670548.assignment.json,bottleneck/group5/inst_V200_w15-25_s670548,True,203,0,,136,,,,,False,,0.9750722000001132,,0.2159420000000409,0.0057080906232321,,1.1910142000001542,interp-0023,,0.0,,ppo_plus_short_local_search_4,,,,,,0.6614517294629769,0.7626699943091557,accepted_move_limit,,bottleneck,0.6883760191783272,0.9090909090909092,0.0039518703343293,complete_solver_call,,,0.6923278895126566,0.0039518703343293105,0.5708090623232167
,8.0,8.0,0.0,,0.0,0.8051470588235294,0.9193673898936832,0.0030089885134784,0.9208823529411764,group5,0.6923278895126566,0.6923278895126566,True,,,,1.0,,,0.0023178818208507,0.0023178818208507,inst_V200_w15-25_s670548,D:\project\Resource_Allocation\data_processed\base_instances\bottleneck\group5\inst_V200_w15-25_s670548.assignment.json,bottleneck/group5/inst_V200_w15-25_s670548,True,203,0,,136,,,,,False,,0.9750722000001132,,0.4340037999998003,0.0043461899470733,,1.4090759999999136,interp-0023,,0.0,,ppo_plus_short_local_search_8,,,,,,0.6621938449816744,0.7605523472503322,accepted_move_limit,,bottleneck,0.6893189009991781,0.9090909090909092,0.0030089885134784,complete_solver_call,,,0.6923278895126566,0.0030089885134784167,0.43461899470733495
,16.0,16.0,0.0,,0.0,0.7889705882352942,0.9659947153306532,0.0017961481819308,0.9797058823529412,group5,0.6923278895126566,0.6923278895126566,True,,,,1.0,,,0.0035307221523983,0.0035307221523983,inst_V200_w15-25_s670548,D:\project\Resource_Allocation\data_processed\base_instances\bottleneck\group5\inst_V200_w15-25_s670548.assignment.json,bottleneck/group5/inst_V200_w15-25_s670548,True,203,0,,136,,,,,False,,0.9750722000001132,,0.8657642000000578,0.0025943605755868,,1.8408364000001711,interp-0023,,0.0,,ppo_plus_short_local_search_16,,,,,,0.6631757210137472,0.7603041854856263,accepted_move_limit,,bottleneck,0.6905317413307257,0.9090909090909092,0.0017961481819308,complete_solver_call,,,0.6923278895126566,0.0017961481819308567,0.25943605755868093
,32.0,18.0,0.0,,0.0,0.7867647058823529,0.968716518004369,0.0014596933645989,0.9861764705882352,group5,0.6923278895126566,0.6923278895126566,True,,,,1.0,,,0.0038671769697302,0.0038671769697302,inst_V200_w15-25_s670548,D:\project\Resource_Allocation\data_processed\base_instances\bottleneck\group5\inst_V200_w15-25_s670548.assignment.json,bottleneck/group5/inst_V200_w15-25_s670548,False,203,0,,136,,,,,True,,0.9750722000001132,,1.0163724999999886,0.0021083844616262,,1.9914447000001017,interp-0023,,0.0,,ppo_plus_short_local_search_32,,,,,,0.664100387834527,0.7607841614635856,one_point_local_optimum,,bottleneck,0.6908681961480576,0.9090909090909092,0.0014596933645989,complete_solver_call,,,0.6923278895126566,0.0014596933645989463,0.2108384461626201
0.0,,,0.0,,0.0,0.7904411764705882,0.9693650898712376,0.0,0.9808823529411764,group5,0.6923278895126566,0.6923278895126566,True,0.0,1.0,optimal,1.0,,,0.0395314094449195,,inst_V200_w15-25_s670548,D:\project\Resource_Allocation\data_processed\base_instances\bottleneck\group5\inst_V200_w15-25_s670548.assignment.json,bottleneck/group5/inst_V200_w15-25_s670548,,203,0,0.0,136,2098.0,0.6923278895126566,0.6923278895126566,0.0,,,,True,,0.0,0.0,0.5567610999996759,interp-0023,19702.0,0.0,10.0,gurobi_exact_or_bounded,0.5190000534057617,0.0,0.5206238999999186,optimal,2.0,0.661515148580624,0.766914056528826,,120.0,bottleneck,0.6923278895126566,0.9090909090909092,0.0,complete_solver_call,0.5399999618530273,0.0167611381466485,0.6923278895126566,0.0,0.0
,,,0.0,True,0.0,0.794976076555024,0.8182160726896399,0.013418405838719,0.7330622009569379,group6,0.6844452771371116,0.6844452771371117,True,,,,1.0,0.0,,,,inst_V300_w20-35_s670543,D:\project\Resource_Allocation\data_processed\base_instances\bottleneck\group6\inst_V300_w20-35_s670543.assignment.json,bottleneck/group6/inst_V300_w20-35_s670543,,217,0,,209,,,,,,128.0,,,,0.0196047898742837,,1.272716199999877,interp-0007,,0.0,,ppo,,,,,,0.7214061542383925,0.7155051587063743,,,bottleneck,0.6710268712983927,0.9090909090909092,0.0134184058387188,complete_solver_call,,,0.6844452771371117,0.013418405838719005,1.9604789874283783
,,,0.0,,0.0,0.7588516746411483,0.9705645645038694,0.0001371541959029,0.990574162679426,group6,0.6844452771371116,0.6844452771371117,True,,,,1.0,,0.0730917516365562,0.0267917919858612,,inst_V300_w20-35_s670543,D:\project\Resource_Allocation\data_processed\base_instances\bottleneck\group6\inst_V300_w20-35_s670543.assignment.json,bottleneck/group6/inst_V300_w20-35_s670543,,217,0,,209,,,,,,,,,,0.0002003873800936,,7.0588966000000255,interp-0007,,0.0,,one_point_best_improvement_local_search,,,,,,0.7164317262901794,0.7139490908335068,,,bottleneck,0.6843081229412087,0.9090909090909092,0.0001371541959028,complete_solver_call,,,0.6844452771371117,0.00013715419590298872,0.020038738009366563
,4.0,4.0,0.0,,0.0,0.7937799043062201,0.8448867203278572,0.0122258502406582,0.7522009569377991,group6,0.6844452771371116,0.6844452771371117,True,,,,1.0,,,0.0011925555980607,0.0011925555980607,inst_V300_w20-35_s670543,D:\project\Resource_Allocation\data_processed\base_instances\bottleneck\group6\inst_V300_w20-35_s670543.assignment.json,bottleneck/group6/inst_V300_w20-35_s670543,True,217,0,,209,,,,,False,,1.272716199999877,,0.3385272000000441,0.0178624218020706,,1.6112433999999212,interp-0007,,0.0,,ppo_plus_short_local_search_4,,,,,,0.7209011249190669,0.7145603147241635,accepted_move_limit,,bottleneck,0.6722194268964534,0.9090909090909092,0.0122258502406581,complete_solver_call,,,0.6844452771371117,0.012225850240658254,1.7862421802070683
,8.0,8.0,0.0,,0.0,0.792822966507177,0.8565526371569512,0.011091025653145,0.7713397129186603,group6,0.6844452771371116,0.6844452771371117,True,,,,1.0,,,0.0023273801855739,0.0023273801855739,inst_V300_w20-35_s670543,D:\project\Resource_Allocation\data_processed\base_instances\bottleneck\group6\inst_V300_w20-35_s670543.assignment.json,bottleneck/group6/inst_V300_w20-35_s670543,True,217,0,,209,,,,,False,,1.272716199999877,,0.6591112000000976,0.0162044008829112,,1.9318273999999749,interp-0007,,0.0,,ppo_plus_short_local_search_8,,,,,,0.7198662605896935,0.7136273003700964,accepted_move_limit,,bottleneck,0.6733542514839667,0.9090909090909092,0.0110910256531449,complete_solver_call,,,0.6844452771371117,0.011091025653145015,1.6204400882911203
,16.0,16.0,0.0,,0.0,0.7870813397129187,0.884070292793083,0.0088995403351472,0.8096172248803828,group6,0.6844452771371116,0.6844452771371117,True,,,,1.0,,,0.0045188655035717,0.0045188655035717,inst_V300_w20-35_s670543,D:\project\Resource_Allocation\data_processed\base_instances\bottleneck\group6\inst_V300_w20-35_s670543.assignment.json,bottleneck/group6/inst_V300_w20-35_s670543,True,217,0,,209,,,,,False,,1.272716199999877,,1.3131928000000244,0.0130025593461206,,2.585908999999901,interp-0007,,0.0,,ppo_plus_short_local_search_16,,,,,,0.7201645224927633,0.7136739271074385,accepted_move_limit,,bottleneck,0.6755457368019644,0.9090909090909092,0.0088995403351471,complete_solver_call,,,0.6844452771371117,0.008899540335147282,1.300255934612064
,32.0,32.0,0.0,,0.0,0.7779904306220096,0.916509139705928,0.0046706864713619,0.8861722488038277,group6,0.6844452771371116,0.6844452771371117,True,,,,1.0,,,0.008747719367357,0.008747719367357,inst_V300_w20-35_s670543,D:\project\Resource_Allocation\data_processed\base_instances\bottleneck\group6\inst_V300_w20-35_s670543.assignment.json,bottleneck/group6/inst_V300_w20-35_s670543,True,217,0,,209,,,,,False,,1.272716199999877,,2.6285835000001043,0.0068240466073466,,3.901299699999981,interp-0007,,0.0,,ppo_plus_short_local_search_32,,,,,,0.7167978172035304,0.714243129191526,accepted_move_limit,,bottleneck,0.6797745906657497,0.9090909090909092,0.0046706864713618,complete_solver_call,,,0.6844452771371117,0.004670686471361929,0.6824046607346628
0.0,,,0.0,,0.0,0.7631578947368421,0.9705645645038694,0.0,0.990574162679426,group6,0.6844452771371116,0.6844452771371117,True,0.0,1.0,optimal,1.0,,,0.0269289461817642,,inst_V300_w20-35_s670543,D:\project\Resource_Allocation\data_processed\base_instances\bottleneck\group6\inst_V300_w20-35_s670543.assignment.json,bottleneck/group6/inst_V300_w20-35_s670543,,217,0,0.0,209,5449.0,0.6844452771371116,0.6844452771371116,1.1102230246251563e-16,,,,True,,0.0,0.0,1.1907682999999452,interp-0007,59449.0,0.0,8.0,gurobi_exact_or_bounded,1.2039999961853027,0.0,1.2053255000000718,optimal,2.0,0.7138315978130488,0.7119303719794168,,120.0,bottleneck,0.6844452771371117,0.9090909090909092,-1.1102230246251563e-16,complete_solver_call,1.1659998893737793,0.0247684106261658,0.6844452771371117,0.0,0.0
,,,0.0,True,0.0,0.8177745664739886,0.6978434517854658,0.0329827498344802,0.5278034682080925,group7,0.7061770595475504,0.7061770595475503,True,,,,1.0,0.0,,,,inst_V500_w28-50_s670536,D:\project\Resource_Allocation\data_processed\base_instances\bottleneck\group7\inst_V500_w28-50_s670536.assignment.json,bottleneck/group7/inst_V500_w28-50_s670536,,230,0,,346,,,,,,128.0,,,,0.0467060624365401,,1.3756893999998283,interp-0020,,0.0,,ppo,,,,,,0.6770692892582254,0.8232570825420316,,,bottleneck,0.67319430971307,0.9090909090909092,0.0329827498344803,complete_solver_call,,,0.7061770595475503,0.03298274983448024,4.670606243654019
,,,0.0,,0.0,0.7903179190751446,0.9551210491020672,0.0013233631671314,0.9619653179190752,group7,0.7061770595475504,0.7061770595475503,True,,,,1.0,,0.0599378654063716,0.038443998480427,,inst_V500_w28-50_s670536,D:\project\Resource_Allocation\data_processed\base_instances\bottleneck\group7\inst_V500_w28-50_s670536.assignment.json,bottleneck/group7/inst_V500_w28-50_s670536,,230,0,,346,,,,,,,,,,0.0018739820973217,,24.655086199999914,interp-0020,,0.0,,one_point_best_improvement_local_search,,,,,,0.6853578851858431,0.8008892702780287,,,bottleneck,0.7048536963804188,0.9090909090909092,0.0013233631671315,complete_solver_call,,,0.7061770595475503,0.0013233631671314416,0.1873982097321774
,4.0,4.0,0.0,,0.0,0.8177745664739886,0.7082678219984555,0.0318760908208524,0.5393641618497109,group7,0.7061770595475504,0.7061770595475503,True,,,,1.0,,,0.0011066590136278,0.0011066590136278,inst_V500_w28-50_s670536,D:\project\Resource_Allocation\data_processed\base_instances\bottleneck\group7\inst_V500_w28-50_s670536.assignment.json,bottleneck/group7/inst_V500_w28-50_s670536,True,230,0,,346,,,,,False,,1.3756893999998283,,0.5886196999999811,0.0451389497717123,,1.9643090999998087,interp-0020,,0.0,,ppo_plus_short_local_search_4,,,,,,0.6774784194080113,0.8226503109901091,accepted_move_limit,,bottleneck,0.6743009687266979,0.9090909090909092,0.0318760908208525,complete_solver_call,,,0.7061770595475503,0.03187609082085241,4.513894977171237
,8.0,8.0,0.0,,0.0,0.8177745664739886,0.716139893734033,0.0307694318072248,0.5509248554913295,group7,0.7061770595475504,0.7061770595475503,True,,,,1.0,,,0.0022133180272554,0.0022133180272554,inst_V500_w28-50_s670536,D:\project\Resource_Allocation\data_processed\base_instances\bottleneck\group7\inst_V500_w28-50_s670536.assignment.json,bottleneck/group7/inst_V500_w28-50_s670536,True,230,0,,346,,,,,False,,1.3756893999998283,,1.1276803000000657,0.0435718371068848,,2.503369699999894,interp-0020,,0.0,,ppo_plus_short_local_search_8,,,,,,0.6778875495577973,0.8220435394381864,accepted_move_limit,,bottleneck,0.6754076277403255,0.9090909090909092,0.0307694318072249,complete_solver_call,,,0.7061770595475503,0.0307694318072248,4.357183710688488
,16.0,16.0,0.0,,0.0,0.8177745664739886,0.7266223581302912,0.0285561137799693,0.5740462427745665,group7,0.7061770595475504,0.7061770595475503,True,,,,1.0,,,0.0044266360545108,0.0044266360545108,inst_V500_w28-50_s670536,D:\project\Resource_Allocation\data_processed\base_instances\bottleneck\group7\inst_V500_w28-50_s670536.assignment.json,bottleneck/group7/inst_V500_w28-50_s670536,True,230,0,,346,,,,,False,,1.3756893999998283,,2.252332400000114,0.0404376117772295,,3.6280217999999422,interp-0020,,0.0,,ppo_plus_short_local_search_16,,,,,,0.6787058098573693,0.8208299963343416,accepted_move_limit,,bottleneck,0.6776209457675809,0.9090909090909092,0.0285561137799694,complete_solver_call,,,0.7061770595475503,0.02855611377996936,4.043761177722956
,32.0,32.0,0.0,,0.0,0.8177745664739886,0.7319408363555238,0.0241294777254584,0.6202890173410405,group7,0.7061770595475504,0.7061770595475503,True,,,,1.0,,,0.0088532721090217,0.0088532721090217,inst_V500_w28-50_s670536,D:\project\Resource_Allocation\data_processed\base_instances\bottleneck\group7\inst_V500_w28-50_s670536.assignment.json,bottleneck/group7/inst_V500_w28-50_s670536,True,230,0,,346,,,,,False,,1.3756893999998283,,4.462689900000214,0.0341691611179189,,5.838379300000042,interp-0020,,0.0,,ppo_plus_short_local_search_32,,,,,,0.6803423304565133,0.8184029101266517,accepted_move_limit,,bottleneck,0.6820475818220918,0.9090909090909092,0.0241294777254585,complete_solver_call,,,0.7061770595475503,0.02412947772545848,3.4169161117918936
1.1102230246251563e-16,,,0.0,,0.0,0.7832369942196532,0.9697285563191376,0.0,0.9926011560693642,group7,0.7061770595475504,0.7061770595475503,True,0.0,1.0,optimal,1.0,,,0.0397673616475584,,inst_V500_w28-50_s670536,D:\project\Resource_Allocation\data_processed\base_instances\bottleneck\group7\inst_V500_w28-50_s670536.assignment.json,bottleneck/group7/inst_V500_w28-50_s670536,,230,0,0.0,346,4037.0,0.7061770595475504,0.7061770595475504,1.1102230246251563e-16,,,,True,,0.0,0.0,1.8191979000002905,interp-0020,86217.0,0.0,7.0,gurobi_exact_or_bounded,1.7259998321533203,0.0,1.726602499999899,optimal,2.0,0.6895621115948644,0.7982212711040078,,120.0,bottleneck,0.7061770595475503,0.9090909090909092,1.1102230246251563e-16,complete_solver_call,1.7730000019073486,0.0461978980929416,0.7061770595475503,0.0,0.0
,,,0.0045040607395121,True,0.0,0.8065062388591802,0.5833175180462081,0.0420557111698806,0.4167379679144385,group8,0.7216508507087314,0.7216508507087314,True,,,,1.0,0.0,,,,inst_V800_w40-70_s670531,D:\project\Resource_Allocation\data_processed\base_instances\bottleneck\group8\inst_V800_w40-70_s670531.assignment.json,bottleneck/group8/inst_V800_w40-70_s670531,,242,0,,561,,,,,,128.0,,,,0.058277089438165,,1.41523919999986,interp-0002,,0.0045040607395121,,ppo,,,,,,0.8309811756975016,0.7546983329569141,,,bottleneck,0.6795951395388508,0.9090909090909092,0.0420557111698806,complete_solver_call,,,0.7216508507087314,0.042055711169880605,5.827708943816502
,,,0.0,,0.0,0.7602495543672014,0.9711974906116408,0.0014453851240836,0.9987165775401068,group8,0.7216508507087314,0.7216508507087314,True,,,,1.0,,0.0529236780125284,0.0395023414007497,,inst_V800_w40-70_s670531,D:\project\Resource_Allocation\data_processed\base_instances\bottleneck\group8\inst_V800_w40-70_s670531.assignment.json,bottleneck/group8/inst_V800_w40-70_s670531,,242,0,,561,,,,,,,,,,0.0020028870230862,,80.91226129999995,interp-0002,,0.0,,one_point_best_improvement_local_search,,,,,,0.8108512526344404,0.7581845134474665,,,bottleneck,0.7202054655846477,0.9090909090909092,0.0014453851240836,complete_solver_call,,,0.7216508507087314,0.0014453851240836535,0.2002887023086226
,4.0,4.0,0.0045040607395121,,0.0,0.8065062388591802,0.5959500175706226,0.0413403865657515,0.423868092691622,group8,0.7216508507087314,0.7216508507087314,True,,,,1.0,,,0.000715324604129,0.000715324604129,inst_V800_w40-70_s670531,D:\project\Resource_Allocation\data_processed\base_instances\bottleneck\group8\inst_V800_w40-70_s670531.assignment.json,bottleneck/group8/inst_V800_w40-70_s670531,True,242,0,,561,,,,,False,,1.41523919999986,,0.903800899999851,0.0572858557918296,,2.319040099999711,interp-0002,,0.0045040607395121,,ppo_plus_short_local_search_4,,,,,,0.8308679347577815,0.7548208224022779,accepted_move_limit,,bottleneck,0.6803104641429798,0.9090909090909092,0.0413403865657515,complete_solver_call,,,0.7216508507087314,0.04134038656575156,5.728585579182964
,8.0,8.0,0.0045040607395121,,0.0,0.8065062388591802,0.6043425918023907,0.040625061961622,0.4309982174688056,group8,0.7216508507087314,0.7216508507087314,True,,,,1.0,,,0.0014306492082585,0.0014306492082585,inst_V800_w40-70_s670531,D:\project\Resource_Allocation\data_processed\base_instances\bottleneck\group8\inst_V800_w40-70_s670531.assignment.json,bottleneck/group8/inst_V800_w40-70_s670531,True,242,0,,561,,,,,False,,1.41523919999986,,1.8708367000001545,0.0562946221454936,,3.2860759000000144,interp-0002,,0.0045040607395121,,ppo_plus_short_local_search_8,,,,,,0.8307546938180617,0.7549433118476417,accepted_move_limit,,bottleneck,0.6810257887471093,0.9090909090909092,0.040625061961622,complete_solver_call,,,0.7216508507087314,0.04062506196162208,5.629462214549364
,16.0,16.0,0.0045040607395121,,0.0,0.8065062388591802,0.6166323659863078,0.0391944127533634,0.4452584670231729,group8,0.7216508507087314,0.7216508507087314,True,,,,1.0,,,0.0028612984165171,0.0028612984165171,inst_V800_w40-70_s670531,D:\project\Resource_Allocation\data_processed\base_instances\bottleneck\group8\inst_V800_w40-70_s670531.assignment.json,bottleneck/group8/inst_V800_w40-70_s670531,True,242,0,,561,,,,,False,,1.41523919999986,,3.630043500000056,0.0543121548528221,,5.045282699999916,interp-0002,,0.0045040607395121,,ppo_plus_short_local_search_16,,,,,,0.8305282119386216,0.7551882907383695,accepted_move_limit,,bottleneck,0.6824564379553679,0.9090909090909092,0.0391944127533634,complete_solver_call,,,0.7216508507087314,0.03919441275336344,5.4312154852822125
,32.0,32.0,0.0045040607395121,,0.0,0.8065062388591802,0.6313087604828481,0.0363331143368462,0.4737789661319073,group8,0.7216508507087314,0.7216508507087314,True,,,,1.0,,,0.0057225968330343,0.0057225968330343,inst_V800_w40-70_s670531,D:\project\Resource_Allocation\data_processed\base_instances\bottleneck\group8\inst_V800_w40-70_s670531.assignment.json,bottleneck/group8/inst_V800_w40-70_s670531,True,242,0,,561,,,,,False,,1.41523919999986,,7.356859400000076,0.0503472202674792,,8.772098599999936,interp-0002,,0.0045040607395121,,ppo_plus_short_local_search_32,,,,,,0.8300752481797414,0.7556782485198248,accepted_move_limit,,bottleneck,0.6853177363718851,0.9090909090909092,0.0363331143368462,complete_solver_call,,,0.7216508507087314,0.03633311433684627,5.034722026747923
0.0,,,0.0,,0.0,0.7641711229946525,0.9711974906116408,0.0,0.9987165775401068,group8,0.7216508507087314,0.7216508507087314,True,0.0,1.0,optimal,1.0,,,0.0409477265248333,,inst_V800_w40-70_s670531,D:\project\Resource_Allocation\data_processed\base_instances\bottleneck\group8\inst_V800_w40-70_s670531.assignment.json,bottleneck/group8/inst_V800_w40-70_s670531,,242,0,0.0,561,4723.0,0.7216508507087314,0.7216508507087314,0.0,,,,True,,0.0,0.0,5.586200900000222,interp-0002,183617.0,0.0,10.0,gurobi_exact_or_bounded,5.749000072479248,0.0,5.7497057000000495,optimal,2.0,0.8122238064065768,0.757887617818723,,120.0,bottleneck,0.7216508507087314,0.9090909090909092,0.0,complete_solver_call,5.51800012588501,0.0682007741152119,0.7216508507087314,0.0,0.0
,,,0.0,True,0.0,0.805036496350365,0.5959752439997524,0.0450809592883518,0.4118978102189781,group9,0.7162136287731037,0.7162136287731029,True,,,,1.0,0.0,,,,inst_V1000_w50-90_s670570,D:\project\Resource_Allocation\data_processed\base_instances\bottleneck\group9\inst_V1000_w50-90_s670570.assignment.json,bottleneck/group9/inst_V1000_w50-90_s670570,,265,0,,685,,,,,,128.0,,,,0.0629434535692611,,1.2785857000001215,interp-0025,,0.0,,ppo,,,,,,0.7274822112439929,0.8262455469869817,,,bottleneck,0.671132669484751,0.9090909090909092,0.0450809592883526,complete_solver_call,,,0.7162136287731029,0.045080959288351874,6.294345356926119
,,,0.0,,0.0,0.7716058394160583,0.9559706231844723,0.0014072155868679,0.9585401459854016,group9,0.7162136287731037,0.7162136287731029,True,,,,1.0,,0.0578467955246311,0.0378049887031649,,inst_V1000_w50-90_s670570,D:\project\Resource_Allocation\data_processed\base_instances\bottleneck\group9\inst_V1000_w50-90_s670570.assignment.json,bottleneck/group9/inst_V1000_w50-90_s670570,,265,0,,685,,,,,,,,,,0.00196479867226,,102.04434809999998,interp-0025,,0.0,,one_point_best_improvement_local_search,,,,,,0.7376202133114403,0.8122623737400689,,,bottleneck,0.714806413186235,0.9090909090909092,0.0014072155868687,complete_solver_call,,,0.7162136287731029,0.0014072155868679603,0.19647986722600716
,4.0,4.0,0.0,,0.0,0.805036496350365,0.6081018528374812,0.0443128754369086,0.4177372262773722,group9,0.7162136287731037,0.7162136287731029,True,,,,1.0,,,0.0007680838514432,0.0007680838514432,inst_V1000_w50-90_s670570,D:\project\Resource_Allocation\data_processed\base_instances\bottleneck\group9\inst_V1000_w50-90_s670570.assignment.json,bottleneck/group9/inst_V1000_w50-90_s670570,True,265,0,,685,,,,,False,,1.2785857000001215,,1.200775799999974,0.0618710307325735,,2.4793615000000955,interp-0025,,0.0,,ppo_plus_short_local_search_4,,,,,,0.7279996104253301,0.8264647167880598,accepted_move_limit,,bottleneck,0.6719007533361943,0.9090909090909092,0.0443128754369094,complete_solver_call,,,0.7162136287731029,0.04431287543690865,6.187103073257352
,8.0,8.0,0.0,,0.0,0.805036496350365,0.6168065758878402,0.0435447915854655,0.4235766423357664,group9,0.7162136287731037,0.7162136287731029,True,,,,1.0,,,0.0015361677028863,0.0015361677028863,inst_V1000_w50-90_s670570,D:\project\Resource_Allocation\data_processed\base_instances\bottleneck\group9\inst_V1000_w50-90_s670570.assignment.json,bottleneck/group9/inst_V1000_w50-90_s670570,True,265,0,,685,,,,,False,,1.2785857000001215,,2.4173596999999063,0.0607986078958859,,3.695945400000028,interp-0025,,0.0,,ppo_plus_short_local_search_8,,,,,,0.7285170096066673,0.8266838865891377,accepted_move_limit,,bottleneck,0.6726688371876374,0.9090909090909092,0.0435447915854663,complete_solver_call,,,0.7162136287731029,0.043544791585465537,6.079860789588599
,16.0,16.0,0.0,,0.0,0.805036496350365,0.6306986615298634,0.042008623882579,0.4352554744525546,group9,0.7162136287731037,0.7162136287731029,True,,,,1.0,,,0.0030723354057727,0.0030723354057727,inst_V1000_w50-90_s670570,D:\project\Resource_Allocation\data_processed\base_instances\bottleneck\group9\inst_V1000_w50-90_s670570.assignment.json,bottleneck/group9/inst_V1000_w50-90_s670570,True,265,0,,685,,,,,False,,1.2785857000001215,,4.862934900000028,0.0586537622225106,,6.141520600000149,interp-0025,,0.0,,ppo_plus_short_local_search_16,,,,,,0.7295518079693417,0.8271222261912937,accepted_move_limit,,bottleneck,0.6742050048905238,0.9090909090909092,0.0420086238825798,complete_solver_call,,,0.7162136287731029,0.04200862388257909,5.865376222251064
,32.0,32.0,0.0,,0.0,0.805036496350365,0.6511382193557393,0.0389362884768063,0.4586131386861313,group9,0.7162136287731037,0.7162136287731029,True,,,,1.0,,,0.0061446708115455,0.0061446708115455,inst_V1000_w50-90_s670570,D:\project\Resource_Allocation\data_processed\base_instances\bottleneck\group9\inst_V1000_w50-90_s670570.assignment.json,bottleneck/group9/inst_V1000_w50-90_s670570,True,265,0,,685,,,,,False,,1.2785857000001215,,9.649453499999936,0.0543640708757601,,10.928039200000056,interp-0025,,0.0,,ppo_plus_short_local_search_32,,,,,,0.7316214046946905,0.8279989053956055,accepted_move_limit,,bottleneck,0.6772773402962966,0.9090909090909092,0.038936288476807,complete_solver_call,,,0.7162136287731029,0.0389362884768063,5.43640708757601
7.771561172376098e-16,,,0.0,,0.0,0.7633576642335766,0.970910982665052,0.0,0.9965693430656934,group9,0.7162136287731037,0.7162136287731029,True,0.0,1.0,optimal,1.0,,,0.0392122042900329,,inst_V1000_w50-90_s670570,D:\project\Resource_Allocation\data_processed\base_instances\bottleneck\group9\inst_V1000_w50-90_s670570.assignment.json,bottleneck/group9/inst_V1000_w50-90_s670570,,265,0,0.0,685,3867.0,0.7162136287731037,0.7162136287731038,8.881784197001252e-16,,,,True,,0.0,0.0,7.482895300000564,interp-0025,144922.0,0.0,10.0,gurobi_exact_or_bounded,7.821000099182129,0.0,7.82371339999986,optimal,2.0,0.7397871193973071,0.8104104613885351,,120.0,bottleneck,0.7162136287731029,0.9090909090909092,7.771561172376098e-16,complete_solver_call,7.412999868392944,0.0698954316076196,0.7162136287731029,0.0,0.0
